animal_id,district,breed,age_years,hour,temperature,temp_24h_delta,temp_24h_mean,rumination_minutes,rumination_drop_pct,feeding_minutes,feeding_drop_pct,activity_index,activity_drop_pct,health_state,condition,days_to_symptom
MAH-PUN-TAG-1000,PUN,Red Kandhari,5.5,153,38.6,-0.06,38.39,449.4,0.1,251.0,3.5,104.2,-4.2,Healthy,Healthy,-1.0
MAH-PUN-TAG-1000,PUN,Red Kandhari,5.5,231,38.85,0.06,38.61,365.1,18.9,231.9,10.8,106.6,-6.6,Sub-clinical,Mastitis,1.9
MAH-PUN-TAG-1000,PUN,Red Kandhari,5.5,264,38.69,0.13,38.95,323.8,28.0,189.2,27.2,60.3,39.7,Sub-clinical,Mastitis,0.5
MAH-PUN-TAG-1000,PUN,Red Kandhari,5.5,312,39.31,0.18,39.64,272.9,39.4,144.6,44.4,63.6,36.4,Clinical,Mastitis,0.0
MAH-SAN-TAG-1001,SAN,Gir Cross,6.4,50,38.48,-0.03,38.87,498.3,-6.0,232.4,10.6,86.3,13.7,Healthy,Healthy,-1.0
MAH-SAN-TAG-1001,SAN,Gir Cross,6.4,116,38.77,0.09,38.86,443.1,5.7,250.4,3.7,87.1,12.9,Healthy,Healthy,-1.0
MAH-SAN-TAG-1001,SAN,Gir Cross,6.4,137,38.93,-0.06,38.87,441.9,6.0,255.5,1.7,99.9,0.1,Healthy,Healthy,-1.0
MAH-SAN-TAG-1001,SAN,Gir Cross,6.4,180,39.28,0.17,38.84,469.4,0.1,278.2,-7.0,117.3,-17.3,Healthy,Healthy,-1.0
MAH-SAN-TAG-1002,SAN,Gir Cross,6.1,146,38.17,0.06,38.47,533.8,-13.6,238.6,8.2,89.0,11.0,Healthy,Healthy,-1.0
MAH-SAN-TAG-1002,SAN,Gir Cross,6.1,218,38.24,0.08,38.46,526.2,-12.0,236.7,9.0,88.3,11.7,Healthy,Healthy,-1.0
MAH-SAN-TAG-1002,SAN,Gir Cross,6.1,245,38.57,0.26,38.49,537.5,-14.4,258.4,0.6,90.4,9.6,Healthy,Healthy,-1.0
MAH-SAN-TAG-1002,SAN,Gir Cross,6.1,290,38.22,0.04,38.45,519.7,-10.6,243.9,6.2,82.2,17.8,Healthy,Healthy,-1.0
MAH-SOL-TAG-1003,SOL,Dangi,8.7,124,38.34,-0.1,38.52,487.1,-8.2,256.2,1.5,99.6,0.4,Healthy,Healthy,-1.0
MAH-SOL-TAG-1003,SOL,Dangi,8.7,201,38.75,0.05,38.48,432.2,4.0,248.2,4.5,106.9,-6.9,Sub-clinical,Ketosis,1.8
MAH-SOL-TAG-1003,SOL,Dangi,8.7,234,38.29,-0.14,38.39,319.4,29.0,208.9,19.7,94.8,5.2,Sub-clinical,Ketosis,0.4
MAH-SOL-TAG-1003,SOL,Dangi,8.7,280,38.4,-0.1,38.25,214.6,52.3,175.3,32.6,89.7,10.3,Clinical,Ketosis,0.0
MAH-AHM-TAG-1004,AHM,Murrah Buffalo,4.2,160,38.42,0.06,38.22,422.9,6.0,264.7,-1.8,110.3,-10.3,Healthy,Healthy,-1.0
MAH-AHM-TAG-1004,AHM,Murrah Buffalo,4.2,230,38.94,0.42,38.42,397.6,11.6,246.4,5.2,104.4,-4.4,Sub-clinical,LSD,1.4
MAH-AHM-TAG-1004,AHM,Murrah Buffalo,4.2,255,39.3,0.25,38.81,353.5,21.4,222.3,14.5,89.7,10.3,Sub-clinical,LSD,0.4
MAH-AHM-TAG-1004,AHM,Murrah Buffalo,4.2,300,40.01,0.19,39.56,314.5,30.1,198.4,23.7,75.1,24.9,Clinical,LSD,0.0
MAH-KOL-TAG-1005,KOL,Dangi,7.0,163,38.56,-0.01,38.58,470.1,-4.5,260.5,-0.2,81.0,19.0,Healthy,Healthy,-1.0
MAH-KOL-TAG-1005,KOL,Dangi,7.0,235,39.06,0.68,38.86,412.4,8.4,224.9,13.5,66.3,33.7,Sub-clinical,FMD,1.5
MAH-KOL-TAG-1005,KOL,Dangi,7.0,262,39.31,0.51,39.37,343.1,23.8,181.4,30.2,54.3,45.7,Sub-clinical,FMD,0.4
MAH-KOL-TAG-1005,KOL,Dangi,7.0,307,40.35,0.4,40.31,229.4,49.0,122.5,52.9,35.9,64.1,Clinical,FMD,0.0
MAH-KOL-TAG-1006,KOL,Dangi,8.5,69,38.15,-0.1,38.43,419.5,6.8,270.3,-4.0,88.8,11.2,Healthy,Healthy,-1.0
MAH-KOL-TAG-1006,KOL,Dangi,8.5,142,38.5,0.42,38.61,402.4,10.6,246.2,5.3,84.7,15.3,Sub-clinical,Mastitis,1.6
MAH-KOL-TAG-1006,KOL,Dangi,8.5,170,38.89,0.31,39.04,366.7,18.5,224.4,13.7,71.7,28.3,Sub-clinical,Mastitis,0.4
MAH-KOL-TAG-1006,KOL,Dangi,8.5,216,39.42,0.2,39.69,281.9,37.4,181.9,30.0,71.5,28.5,Clinical,Mastitis,0.0
MAH-SAT-TAG-1007,SAT,Gir Cross,7.8,141,38.3,0.17,38.48,450.8,4.1,256.8,1.2,87.5,12.5,Healthy,Healthy,-1.0
MAH-SAT-TAG-1007,SAT,Gir Cross,7.8,213,38.33,0.05,38.47,448.6,4.6,260.2,-0.1,95.2,4.8,Healthy,Healthy,-1.0
MAH-SAT-TAG-1007,SAT,Gir Cross,7.8,240,38.17,-0.07,38.49,468.0,0.4,244.5,6.0,89.9,10.1,Healthy,Healthy,-1.0
MAH-SAT-TAG-1007,SAT,Gir Cross,7.8,285,38.21,0.1,38.45,446.4,5.0,265.1,-2.0,87.9,12.1,Healthy,Healthy,-1.0
MAH-NAS-TAG-1008,NAS,Murrah Buffalo,7.7,124,38.35,-0.02,38.49,476.9,-6.0,249.4,4.1,95.5,4.5,Healthy,Healthy,-1.0
MAH-NAS-TAG-1008,NAS,Murrah Buffalo,7.7,191,38.09,0.08,38.43,396.9,11.8,205.6,20.9,84.6,15.4,Sub-clinical,Ketosis,1.1
MAH-NAS-TAG-1008,NAS,Murrah Buffalo,7.7,211,38.13,-0.1,38.36,299.4,33.5,191.1,26.5,88.5,11.5,Sub-clinical,Ketosis,0.3
MAH-NAS-TAG-1008,NAS,Murrah Buffalo,7.7,254,38.44,-0.09,38.21,244.4,45.7,164.9,36.6,89.5,10.5,Clinical,Ketosis,0.0
MAH-PUN-TAG-1009,PUN,Dangi,4.6,57,38.81,-0.03,38.61,442.2,1.7,258.5,0.6,120.2,-20.2,Healthy,Healthy,-1.0
MAH-PUN-TAG-1009,PUN,Dangi,4.6,133,39.28,0.4,38.79,381.9,15.1,257.6,0.9,114.9,-14.9,Sub-clinical,BRD,1.8
MAH-PUN-TAG-1009,PUN,Dangi,4.6,164,39.2,0.39,39.16,312.0,30.7,200.4,22.9,88.6,11.4,Sub-clinical,BRD,0.5
MAH-PUN-TAG-1009,PUN,Dangi,4.6,211,39.71,0.17,39.77,251.5,44.1,181.0,30.4,74.7,25.3,Clinical,BRD,0.0
MAH-SAN-TAG-1010,SAN,HF Cross,3.6,110,38.88,0.14,38.52,421.0,10.4,309.6,-19.1,105.7,-5.7,Healthy,Healthy,-1.0
MAH-SAN-TAG-1010,SAN,HF Cross,3.6,180,39.01,0.14,38.48,362.7,22.8,282.1,-8.5,99.3,0.7,Sub-clinical,Ketosis,1.4
MAH-SAN-TAG-1010,SAN,HF Cross,3.6,205,38.66,-0.1,38.39,303.6,35.4,249.1,4.2,91.5,8.5,Sub-clinical,Ketosis,0.4
MAH-SAN-TAG-1010,SAN,HF Cross,3.6,249,38.41,-0.08,38.24,244.9,47.9,197.8,23.9,72.5,27.5,Clinical,Ketosis,0.0
MAH-AHM-TAG-1011,AHM,Red Kandhari,4.8,158,38.74,0.02,38.42,458.6,-1.9,272.8,-4.9,106.6,-6.6,Healthy,Healthy,-1.0
MAH-AHM-TAG-1011,AHM,Red Kandhari,4.8,229,38.79,0.15,38.43,454.0,-0.9,260.6,-0.2,109.7,-9.7,Healthy,Healthy,-1.0
MAH-AHM-TAG-1011,AHM,Red Kandhari,4.8,255,38.63,-0.18,38.45,443.6,1.4,272.5,-4.8,110.8,-10.8,Healthy,Healthy,-1.0
MAH-AHM-TAG-1011,AHM,Red Kandhari,4.8,300,38.77,0.0,38.42,466.6,-3.7,266.1,-2.3,116.8,-16.8,Healthy,Healthy,-1.0
MAH-SOL-TAG-1012,SOL,HF Cross,2.6,134,38.82,-0.22,38.63,445.6,5.2,273.2,-5.1,114.5,-14.5,Healthy,Healthy,-1.0
MAH-SOL-TAG-1012,SOL,HF Cross,2.6,201,39.26,0.28,38.77,445.1,5.3,255.9,1.6,102.0,-2.0,Sub-clinical,BRD,1.2
MAH-SOL-TAG-1012,SOL,HF Cross,2.6,223,39.43,0.4,39.15,406.1,13.6,216.9,16.6,92.8,7.2,Sub-clinical,BRD,0.3
MAH-SOL-TAG-1012,SOL,HF Cross,2.6,266,39.53,0.23,39.75,307.1,34.7,176.7,32.0,57.8,42.2,Clinical,BRD,0.0
MAH-SOL-TAG-1013,SOL,Red Kandhari,2.1,84,38.96,0.34,38.46,445.2,1.1,249.1,4.2,111.2,-11.2,Healthy,Healthy,-1.0
MAH-SOL-TAG-1013,SOL,Red Kandhari,2.1,152,38.43,-0.11,38.44,491.7,-9.3,243.1,6.5,103.8,-3.8,Healthy,Healthy,-1.0
MAH-SOL-TAG-1013,SOL,Red Kandhari,2.1,174,38.47,0.07,38.43,483.5,-7.4,239.6,7.8,98.0,2.0,Healthy,Healthy,-1.0
MAH-SOL-TAG-1013,SOL,Red Kandhari,2.1,218,38.14,0.18,38.4,458.1,-1.8,218.2,16.1,82.9,17.1,Healthy,Healthy,-1.0
MAH-SOL-TAG-1014,SOL,Khillari,5.7,72,37.95,-0.01,38.23,463.2,-2.9,242.7,6.7,94.1,5.9,Healthy,Healthy,-1.0
MAH-SOL-TAG-1014,SOL,Khillari,5.7,144,37.93,0.05,38.22,450.7,-0.2,252.5,2.9,87.8,12.2,Healthy,Healthy,-1.0
MAH-SOL-TAG-1014,SOL,Khillari,5.7,171,37.92,-0.03,38.23,480.3,-6.7,257.4,1.0,91.9,8.1,Healthy,Healthy,-1.0
MAH-SOL-TAG-1014,SOL,Khillari,5.7,216,37.85,-0.1,38.23,478.8,-6.4,246.0,5.4,87.3,12.7,Healthy,Healthy,-1.0
MAH-NAS-TAG-1015,NAS,Murrah Buffalo,5.5,115,38.24,-0.05,38.37,447.5,0.6,253.3,2.6,92.3,7.7,Healthy,Healthy,-1.0
MAH-NAS-TAG-1015,NAS,Murrah Buffalo,5.5,192,37.95,-0.06,38.3,427.7,5.0,214.1,17.7,71.4,28.6,Sub-clinical,Ketosis,1.8
MAH-NAS-TAG-1015,NAS,Murrah Buffalo,5.5,224,38.41,-0.11,38.27,382.5,15.0,210.1,19.2,89.9,10.1,Sub-clinical,Ketosis,0.5
MAH-NAS-TAG-1015,NAS,Murrah Buffalo,5.5,271,38.27,-0.01,38.15,305.0,32.2,156.7,39.7,65.2,34.8,Clinical,Ketosis,0.0
MAH-AHM-TAG-1016,AHM,Murrah Buffalo,2.5,103,38.62,0.06,38.45,502.5,-11.7,256.8,1.2,106.6,-6.6,Healthy,Healthy,-1.0
MAH-AHM-TAG-1016,AHM,Murrah Buffalo,2.5,174,38.81,0.31,38.64,468.6,-4.1,227.8,12.4,68.1,31.9,Sub-clinical,FMD,1.4
MAH-AHM-TAG-1016,AHM,Murrah Buffalo,2.5,200,39.64,0.45,39.26,369.2,18.0,193.3,25.7,73.7,26.3,Sub-clinical,FMD,0.4
MAH-AHM-TAG-1016,AHM,Murrah Buffalo,2.5,244,40.12,0.36,40.14,260.1,42.2,108.8,58.2,40.8,59.2,Clinical,FMD,0.0
MAH-KOL-TAG-1017,KOL,Gir Cross,6.9,112,38.72,0.12,38.5,394.8,16.0,287.8,-10.7,105.3,-5.3,Healthy,Healthy,-1.0
MAH-KOL-TAG-1017,KOL,Gir Cross,6.9,190,38.31,0.23,38.69,379.4,19.3,238.7,8.2,75.0,25.0,Sub-clinical,BRD,1.9
MAH-KOL-TAG-1017,KOL,Gir Cross,6.9,224,39.38,0.32,39.05,380.4,19.1,248.0,4.6,86.0,14.0,Sub-clinical,BRD,0.5
MAH-KOL-TAG-1017,KOL,Gir Cross,6.9,271,39.86,0.43,39.64,322.8,31.3,211.6,18.6,71.9,28.1,Clinical,BRD,0.0
MAH-AHM-TAG-1018,AHM,Red Kandhari,8.5,69,38.32,0.1,38.42,423.3,5.9,261.0,-0.4,95.8,4.2,Healthy,Healthy,-1.0
MAH-AHM-TAG-1018,AHM,Red Kandhari,8.5,137,38.9,0.45,38.58,393.4,12.6,272.3,-4.7,107.9,-7.9,Sub-clinical,Mastitis,1.3
MAH-AHM-TAG-1018,AHM,Red Kandhari,8.5,160,39.35,0.41,38.97,338.7,24.7,261.9,-0.7,86.3,13.7,Sub-clinical,Mastitis,0.3
MAH-AHM-TAG-1018,AHM,Red Kandhari,8.5,204,40.04,0.17,39.68,287.6,36.1,240.3,7.6,95.3,4.7,Clinical,Mastitis,0.0
MAH-SOL-TAG-1019,SOL,Dangi,8.3,91,38.32,-0.08,38.45,409.3,9.0,257.9,0.8,93.3,6.7,Healthy,Healthy,-1.0
MAH-SOL-TAG-1019,SOL,Dangi,8.3,165,38.45,0.14,38.62,390.3,13.3,237.8,8.5,83.8,16.2,Sub-clinical,BRD,1.6
MAH-SOL-TAG-1019,SOL,Dangi,8.3,194,38.99,0.51,39.0,371.2,17.5,211.6,18.6,68.8,31.2,Sub-clinical,BRD,0.4
MAH-SOL-TAG-1019,SOL,Dangi,8.3,240,39.37,0.05,39.63,303.1,32.6,164.9,36.6,53.2,46.8,Clinical,BRD,0.0
MAH-SAN-TAG-1020,SAN,HF Cross,2.2,91,38.51,-0.1,38.65,425.9,9.4,241.5,7.1,104.9,-4.9,Healthy,Healthy,-1.0
MAH-SAN-TAG-1020,SAN,HF Cross,2.2,166,38.33,0.1,38.59,450.1,4.2,239.3,8.0,87.0,13.0,Healthy,Healthy,-1.0
MAH-SAN-TAG-1020,SAN,HF Cross,2.2,196,38.57,0.09,38.62,482.2,-2.6,240.0,7.7,98.5,1.5,Healthy,Healthy,-1.0
MAH-SAN-TAG-1020,SAN,HF Cross,2.2,242,38.34,0.03,38.62,483.0,-2.8,222.7,14.3,94.1,5.9,Healthy,Healthy,-1.0
MAH-SOL-TAG-1021,SOL,Khillari,4.2,76,38.07,0.05,38.2,447.5,0.6,238.0,8.5,93.5,6.5,Healthy,Healthy,-1.0
MAH-SOL-TAG-1021,SOL,Khillari,4.2,153,38.86,0.46,38.43,395.7,12.1,245.0,5.8,100.0,0.0,Sub-clinical,LSD,1.8
MAH-SOL-TAG-1021,SOL,Khillari,4.2,186,39.03,0.29,38.87,298.2,33.7,217.2,16.5,83.8,16.2,Sub-clinical,LSD,0.4
MAH-SOL-TAG-1021,SOL,Khillari,4.2,232,39.68,0.25,39.5,253.7,43.6,181.7,30.1,70.2,29.8,Clinical,LSD,0.0
MAH-PUN-TAG-1022,PUN,Khillari,5.3,153,38.59,-0.12,38.37,455.7,-1.3,294.4,-13.2,110.8,-10.8,Healthy,Healthy,-1.0
MAH-PUN-TAG-1022,PUN,Khillari,5.3,225,38.52,-0.15,38.35,466.2,-3.6,287.2,-10.5,114.1,-14.1,Healthy,Healthy,-1.0
MAH-PUN-TAG-1022,PUN,Khillari,5.3,252,38.95,0.23,38.38,431.0,4.2,300.0,-15.4,118.5,-18.5,Healthy,Healthy,-1.0
MAH-PUN-TAG-1022,PUN,Khillari,5.3,297,38.55,-0.12,38.36,466.0,-3.6,275.7,-6.0,113.0,-13.0,Healthy,Healthy,-1.0
MAH-PUN-TAG-1023,PUN,Khillari,6.8,48,38.14,0.13,38.32,443.9,1.4,274.3,-5.5,82.9,17.1,Healthy,Healthy,-1.0
MAH-PUN-TAG-1023,PUN,Khillari,6.8,126,38.74,0.27,38.56,428.2,4.8,272.3,-4.7,92.4,7.6,Sub-clinical,LSD,2.0
MAH-PUN-TAG-1023,PUN,Khillari,6.8,161,39.3,0.39,38.99,342.5,23.9,251.7,3.2,80.8,19.2,Sub-clinical,LSD,0.5
MAH-PUN-TAG-1023,PUN,Khillari,6.8,208,39.9,0.3,39.66,296.8,34.0,224.7,13.6,68.2,31.8,Clinical,LSD,0.0
MAH-NAS-TAG-1024,NAS,Gir Cross,5.3,115,38.18,0.0,38.36,429.1,8.7,266.9,-2.7,101.9,-1.9,Healthy,Healthy,-1.0
MAH-NAS-TAG-1024,NAS,Gir Cross,5.3,192,38.1,0.12,38.36,453.5,3.5,238.4,8.3,92.3,7.7,Healthy,Healthy,-1.0
MAH-NAS-TAG-1024,NAS,Gir Cross,5.3,224,38.7,0.16,38.39,486.7,-3.6,276.3,-6.3,112.7,-12.7,Healthy,Healthy,-1.0
MAH-NAS-TAG-1024,NAS,Gir Cross,5.3,271,38.32,-0.17,38.36,490.2,-4.3,274.5,-5.6,115.1,-15.1,Healthy,Healthy,-1.0
MAH-KOL-TAG-1025,KOL,HF Cross,2.8,158,38.61,0.03,38.42,488.6,-4.0,271.4,-4.4,113.5,-13.5,Healthy,Healthy,-1.0
MAH-KOL-TAG-1025,KOL,HF Cross,2.8,225,38.94,0.24,38.56,490.0,-4.3,242.3,6.8,96.2,3.8,Sub-clinical,BRD,1.2
MAH-KOL-TAG-1025,KOL,HF Cross,2.8,247,39.25,0.55,38.93,440.1,6.4,213.5,17.9,80.4,19.6,Sub-clinical,BRD,0.3
MAH-KOL-TAG-1025,KOL,HF Cross,2.8,290,39.31,0.18,39.56,352.8,24.9,161.7,37.8,60.6,39.4,Clinical,BRD,0.0
MAH-SOL-TAG-1026,SOL,HF Cross,6.6,136,38.89,-0.16,38.73,438.3,6.7,258.7,0.5,112.6,-12.6,Healthy,Healthy,-1.0
MAH-SOL-TAG-1026,SOL,HF Cross,6.6,206,38.79,-0.24,38.72,455.3,3.1,269.4,-3.6,123.2,-23.2,Healthy,Healthy,-1.0
MAH-SOL-TAG-1026,SOL,HF Cross,6.6,231,39.06,0.1,38.74,457.1,2.7,261.5,-0.6,117.9,-17.9,Healthy,Healthy,-1.0
MAH-SOL-TAG-1026,SOL,HF Cross,6.6,276,39.06,-0.12,38.76,475.4,-1.1,268.9,-3.4,119.9,-19.9,Healthy,Healthy,-1.0
MAH-NAS-TAG-1027,NAS,HF Cross,5.8,50,38.09,0.11,38.33,470.8,-0.2,227.4,12.5,91.6,8.4,Healthy,Healthy,-1.0
MAH-NAS-TAG-1027,NAS,HF Cross,5.8,123,38.15,0.02,38.3,488.5,-3.9,235.5,9.4,92.2,7.8,Healthy,Healthy,-1.0
MAH-NAS-TAG-1027,NAS,HF Cross,5.8,151,38.37,0.03,38.32,493.1,-4.9,241.5,7.1,110.4,-10.4,Healthy,Healthy,-1.0
MAH-NAS-TAG-1027,NAS,HF Cross,5.8,196,38.24,-0.03,38.37,493.9,-5.1,239.5,7.9,96.0,4.0,Healthy,Healthy,-1.0
MAH-NAS-TAG-1028,NAS,HF Cross,4.0,120,37.68,-0.25,38.18,464.4,1.2,252.7,2.8,98.2,1.8,Healthy,Healthy,-1.0
MAH-NAS-TAG-1028,NAS,HF Cross,4.0,187,38.05,-0.08,38.2,440.0,6.4,255.2,1.8,115.8,-15.8,Healthy,Healthy,-1.0
MAH-NAS-TAG-1028,NAS,HF Cross,4.0,208,38.42,0.12,38.18,457.9,2.6,264.4,-1.7,119.6,-19.6,Healthy,Healthy,-1.0
MAH-NAS-TAG-1028,NAS,HF Cross,4.0,252,38.67,0.02,38.22,460.2,2.1,282.8,-8.8,131.2,-31.2,Healthy,Healthy,-1.0
MAH-SOL-TAG-1029,SOL,Gir Cross,3.5,67,37.89,-0.27,38.07,456.5,2.9,242.9,6.6,112.1,-12.1,Healthy,Healthy,-1.0
MAH-SOL-TAG-1029,SOL,Gir Cross,3.5,141,38.07,0.15,38.24,405.9,13.6,224.7,13.6,92.6,7.4,Sub-clinical,BRD,1.6
MAH-SOL-TAG-1029,SOL,Gir Cross,3.5,170,38.42,0.26,38.6,414.9,11.7,189.3,27.2,81.3,18.7,Sub-clinical,BRD,0.4
MAH-SOL-TAG-1029,SOL,Gir Cross,3.5,216,39.04,0.12,39.25,341.1,27.4,160.7,38.2,63.8,36.2,Clinical,BRD,0.0
MAH-SAT-TAG-1030,SAT,HF Cross,8.3,81,38.24,-0.07,38.1,494.0,-5.1,293.5,-12.9,109.4,-9.4,Healthy,Healthy,-1.0
MAH-SAT-TAG-1030,SAT,HF Cross,8.3,149,38.39,0.25,38.23,460.4,2.0,250.0,3.8,85.8,14.2,Sub-clinical,BRD,1.3
MAH-SAT-TAG-1030,SAT,HF Cross,8.3,172,38.72,0.49,38.64,417.5,11.2,231.7,10.9,77.7,22.3,Sub-clinical,BRD,0.3
MAH-SAT-TAG-1030,SAT,HF Cross,8.3,216,38.95,0.25,39.26,326.2,30.6,182.9,29.7,55.7,44.3,Clinical,BRD,0.0
MAH-SAN-TAG-1031,SAN,HF Cross,4.0,120,37.92,-0.05,38.36,459.7,2.2,230.2,11.5,91.4,8.6,Healthy,Healthy,-1.0
MAH-SAN-TAG-1031,SAN,HF Cross,4.0,185,38.78,0.27,38.5,412.5,12.2,249.6,4.0,99.0,1.0,Sub-clinical,BRD,1.1
MAH-SAN-TAG-1031,SAN,HF Cross,4.0,204,39.52,0.48,38.87,385.3,18.0,231.8,10.8,98.6,1.4,Sub-clinical,BRD,0.3
MAH-SAN-TAG-1031,SAN,HF Cross,4.0,247,39.79,0.15,39.55,324.2,31.0,180.5,30.6,80.5,19.5,Clinical,BRD,0.0
MAH-NAS-TAG-1032,NAS,Khillari,5.6,74,37.95,0.33,38.1,453.8,-0.8,275.2,-5.8,95.9,4.1,Healthy,Healthy,-1.0
MAH-NAS-TAG-1032,NAS,Khillari,5.6,148,38.45,0.38,38.29,419.0,6.9,258.7,0.5,92.4,7.6,Sub-clinical,Mastitis,1.6
MAH-NAS-TAG-1032,NAS,Khillari,5.6,177,39.1,0.35,38.7,367.7,18.3,270.2,-3.9,102.4,-2.4,Sub-clinical,Mastitis,0.4
MAH-NAS-TAG-1032,NAS,Khillari,5.6,223,39.75,0.38,39.35,287.2,36.2,216.8,16.6,90.8,9.2,Clinical,Mastitis,0.0
MAH-NAS-TAG-1033,NAS,HF Cross,4.5,91,38.35,0.08,38.39,439.9,6.4,255.4,1.8,105.4,-5.4,Healthy,Healthy,-1.0
MAH-NAS-TAG-1033,NAS,HF Cross,4.5,161,38.56,0.12,38.39,438.2,6.8,266.2,-2.4,114.1,-14.1,Healthy,Healthy,-1.0
MAH-NAS-TAG-1033,NAS,HF Cross,4.5,186,38.36,-0.01,38.4,437.1,7.0,255.9,1.6,108.9,-8.9,Healthy,Healthy,-1.0
MAH-NAS-TAG-1033,NAS,HF Cross,4.5,230,38.68,-0.03,38.4,429.1,8.7,283.8,-9.2,126.1,-26.1,Healthy,Healthy,-1.0
MAH-PUN-TAG-1034,PUN,Murrah Buffalo,4.8,136,38.51,-0.04,38.34,399.1,11.3,291.0,-11.9,104.4,-4.4,Healthy,Healthy,-1.0
MAH-PUN-TAG-1034,PUN,Murrah Buffalo,4.8,209,38.61,0.16,38.32,410.2,8.8,268.4,-3.2,102.8,-2.8,Healthy,Healthy,-1.0
MAH-PUN-TAG-1034,PUN,Murrah Buffalo,4.8,237,38.06,-0.11,38.34,418.4,7.0,252.9,2.7,87.3,12.7,Healthy,Healthy,-1.0
MAH-PUN-TAG-1034,PUN,Murrah Buffalo,4.8,283,38.19,-0.06,38.33,400.4,11.0,269.8,-3.8,90.7,9.3,Healthy,Healthy,-1.0
MAH-AHM-TAG-1035,AHM,HF Cross,6.3,117,37.87,-0.09,38.19,415.4,11.6,252.0,3.1,87.5,12.5,Healthy,Healthy,-1.0
MAH-AHM-TAG-1035,AHM,HF Cross,6.3,186,38.2,0.01,38.2,410.9,12.6,259.8,0.1,92.5,7.5,Healthy,Healthy,-1.0
MAH-AHM-TAG-1035,AHM,HF Cross,6.3,210,38.17,-0.03,38.19,413.3,12.1,257.0,1.2,96.4,3.6,Healthy,Healthy,-1.0
MAH-AHM-TAG-1035,AHM,HF Cross,6.3,254,38.4,-0.14,38.21,437.5,6.9,285.8,-9.9,111.2,-11.2,Healthy,Healthy,-1.0
MAH-PUN-TAG-1036,PUN,Murrah Buffalo,3.4,136,38.76,0.13,38.5,401.6,10.8,272.6,-4.8,107.4,-7.4,Healthy,Healthy,-1.0
MAH-PUN-TAG-1036,PUN,Murrah Buffalo,3.4,204,38.78,-0.15,38.5,448.2,0.4,286.3,-10.1,108.9,-8.9,Healthy,Healthy,-1.0
MAH-PUN-TAG-1036,PUN,Murrah Buffalo,3.4,227,38.82,-0.08,38.46,430.5,4.3,290.7,-11.8,105.7,-5.7,Healthy,Healthy,-1.0
MAH-PUN-TAG-1036,PUN,Murrah Buffalo,3.4,271,38.56,0.1,38.45,455.0,-1.1,286.7,-10.3,107.3,-7.3,Healthy,Healthy,-1.0
MAH-KOL-TAG-1037,KOL,HF Cross,2.1,96,38.2,0.12,38.52,468.3,0.4,232.6,10.5,77.1,22.9,Healthy,Healthy,-1.0
MAH-KOL-TAG-1037,KOL,HF Cross,2.1,168,38.5,0.32,38.67,436.2,7.2,227.0,12.7,71.1,28.9,Sub-clinical,BRD,1.6
MAH-KOL-TAG-1037,KOL,HF Cross,2.1,197,39.17,0.31,39.09,405.0,13.8,211.3,18.7,72.1,27.9,Sub-clinical,BRD,0.4
MAH-KOL-TAG-1037,KOL,HF Cross,2.1,242,39.48,0.2,39.68,324.2,31.0,180.1,30.7,56.2,43.8,Clinical,BRD,0.0
MAH-NAS-TAG-1038,NAS,Gir Cross,3.9,112,38.52,0.1,38.33,458.7,2.4,283.8,-9.2,118.0,-18.0,Healthy,Healthy,-1.0
MAH-NAS-TAG-1038,NAS,Gir Cross,3.9,185,38.77,0.31,38.48,402.2,14.4,253.9,2.3,102.7,-2.7,Sub-clinical,BRD,1.6
MAH-NAS-TAG-1038,NAS,Gir Cross,3.9,213,38.85,0.38,38.89,373.9,20.4,210.5,19.0,81.4,18.6,Sub-clinical,BRD,0.4
MAH-NAS-TAG-1038,NAS,Gir Cross,3.9,259,39.53,0.22,39.52,302.1,35.7,185.4,28.7,69.3,30.7,Clinical,BRD,0.0
MAH-NAS-TAG-1039,NAS,Gir Cross,8.1,84,39.0,-0.06,38.67,439.9,6.4,269.4,-3.6,126.9,-26.9,Healthy,Healthy,-1.0
MAH-NAS-TAG-1039,NAS,Gir Cross,8.1,158,39.37,0.33,38.89,410.8,12.6,256.7,1.3,114.4,-14.4,Sub-clinical,LSD,1.7
MAH-NAS-TAG-1039,NAS,Gir Cross,8.1,189,39.25,0.27,39.3,352.4,25.0,195.8,24.7,68.6,31.4,Sub-clinical,LSD,0.4
MAH-NAS-TAG-1039,NAS,Gir Cross,8.1,235,40.02,0.29,39.98,275.2,41.4,168.6,35.2,68.7,31.3,Clinical,LSD,0.0
MAH-SAN-TAG-1040,SAN,Khillari,8.5,79,38.71,0.08,38.56,453.5,-0.8,274.4,-5.5,104.4,-4.4,Healthy,Healthy,-1.0
MAH-SAN-TAG-1040,SAN,Khillari,8.5,155,38.88,-0.03,38.57,437.9,2.7,287.4,-10.5,114.2,-14.2,Healthy,Healthy,-1.0
MAH-SAN-TAG-1040,SAN,Khillari,8.5,186,38.48,-0.09,38.55,392.7,12.7,272.9,-5.0,98.7,1.3,Healthy,Healthy,-1.0
MAH-SAN-TAG-1040,SAN,Khillari,8.5,232,38.67,-0.02,38.55,382.9,14.9,287.1,-10.4,105.1,-5.1,Healthy,Healthy,-1.0
MAH-SAN-TAG-1041,SAN,Khillari,4.5,148,38.44,0.14,38.52,455.5,-1.2,205.5,21.0,96.7,3.3,Healthy,Healthy,-1.0
MAH-SAN-TAG-1041,SAN,Khillari,4.5,221,38.47,0.13,38.52,456.7,-1.5,207.9,20.0,106.4,-6.4,Healthy,Healthy,-1.0
MAH-SAN-TAG-1041,SAN,Khillari,4.5,249,38.84,-0.12,38.56,455.1,-1.1,238.0,8.5,113.2,-13.2,Healthy,Healthy,-1.0
MAH-SAN-TAG-1041,SAN,Khillari,4.5,295,38.56,-0.04,38.53,461.5,-2.6,228.4,12.2,112.0,-12.0,Healthy,Healthy,-1.0
MAH-KOL-TAG-1042,KOL,Gir Cross,7.5,134,38.68,-0.16,38.5,426.2,9.3,281.8,-8.4,116.4,-16.4,Healthy,Healthy,-1.0
MAH-KOL-TAG-1042,KOL,Gir Cross,7.5,210,38.71,0.18,38.68,365.8,22.2,242.2,6.8,90.9,9.1,Sub-clinical,BRD,1.8
MAH-KOL-TAG-1042,KOL,Gir Cross,7.5,241,38.63,-0.01,39.02,342.5,27.1,209.4,19.5,73.6,26.4,Sub-clinical,BRD,0.5
MAH-KOL-TAG-1042,KOL,Gir Cross,7.5,288,39.26,0.02,39.64,296.7,36.9,175.6,32.5,63.2,36.8,Clinical,BRD,0.0
MAH-NAS-TAG-1043,NAS,Gir Cross,8.6,153,38.74,0.0,38.55,490.5,-4.4,241.1,7.3,112.3,-12.3,Healthy,Healthy,-1.0
MAH-NAS-TAG-1043,NAS,Gir Cross,8.6,226,38.8,-0.03,38.54,481.8,-2.5,251.8,3.2,117.9,-17.9,Healthy,Healthy,-1.0
MAH-NAS-TAG-1043,NAS,Gir Cross,8.6,254,38.88,0.02,38.55,446.3,5.0,260.0,0.0,120.3,-20.3,Healthy,Healthy,-1.0
MAH-NAS-TAG-1043,NAS,Gir Cross,8.6,300,38.95,0.01,38.53,457.2,2.7,276.0,-6.2,126.7,-26.7,Healthy,Healthy,-1.0
MAH-KOL-TAG-1044,KOL,HF Cross,2.6,165,38.45,-0.02,38.63,422.7,10.1,238.7,8.2,100.0,0.0,Healthy,Healthy,-1.0
MAH-KOL-TAG-1044,KOL,HF Cross,2.6,236,38.4,0.02,38.63,404.6,13.9,240.5,7.5,106.2,-6.2,Healthy,Healthy,-1.0
MAH-KOL-TAG-1044,KOL,HF Cross,2.6,262,38.47,0.0,38.65,416.0,11.5,242.5,6.7,100.9,-0.9,Healthy,Healthy,-1.0
MAH-KOL-TAG-1044,KOL,HF Cross,2.6,307,38.52,-0.01,38.65,406.4,13.5,262.3,-0.9,104.3,-4.3,Healthy,Healthy,-1.0
MAH-PUN-TAG-1045,PUN,HF Cross,5.8,144,38.15,0.14,38.36,458.8,2.4,264.7,-1.8,87.8,12.2,Healthy,Healthy,-1.0
MAH-PUN-TAG-1045,PUN,HF Cross,5.8,219,38.12,-0.01,38.35,495.2,-5.4,264.5,-1.7,91.0,9.0,Healthy,Healthy,-1.0
MAH-PUN-TAG-1045,PUN,HF Cross,5.8,251,38.68,-0.2,38.4,466.8,0.7,302.5,-16.3,114.4,-14.4,Healthy,Healthy,-1.0
MAH-PUN-TAG-1045,PUN,HF Cross,5.8,297,38.75,0.17,38.37,473.0,-0.6,293.4,-12.8,114.3,-14.3,Healthy,Healthy,-1.0
MAH-SAT-TAG-1046,SAT,Red Kandhari,2.5,88,38.83,0.05,38.73,411.5,8.6,268.9,-3.4,108.2,-8.2,Healthy,Healthy,-1.0
MAH-SAT-TAG-1046,SAT,Red Kandhari,2.5,162,39.02,0.3,38.87,381.2,15.3,238.0,8.5,93.7,6.3,Sub-clinical,BRD,1.7
MAH-SAT-TAG-1046,SAT,Red Kandhari,2.5,191,39.13,0.36,39.22,361.9,19.6,208.0,20.0,72.7,27.3,Sub-clinical,BRD,0.4
MAH-SAT-TAG-1046,SAT,Red Kandhari,2.5,237,39.7,0.1,39.83,275.3,38.8,176.4,32.2,58.4,41.6,Clinical,BRD,0.0
MAH-SOL-TAG-1047,SOL,Khillari,6.2,160,38.66,-0.08,38.52,445.9,0.9,257.3,1.0,100.7,-0.7,Healthy,Healthy,-1.0
MAH-SOL-TAG-1047,SOL,Khillari,6.2,239,37.88,-0.28,38.43,394.5,12.3,211.6,18.6,79.7,20.3,Sub-clinical,Ketosis,1.9
MAH-SOL-TAG-1047,SOL,Khillari,6.2,274,38.67,0.06,38.37,363.2,19.3,214.1,17.7,97.7,2.3,Sub-clinical,Ketosis,0.5
MAH-SOL-TAG-1047,SOL,Khillari,6.2,321,38.36,-0.07,38.21,295.0,34.4,155.0,40.4,78.0,22.0,Clinical,Ketosis,0.0
MAH-SAN-TAG-1048,SAN,HF Cross,4.9,124,38.32,0.09,38.47,482.9,-2.7,249.6,4.0,95.2,4.8,Healthy,Healthy,-1.0
MAH-SAN-TAG-1048,SAN,HF Cross,4.9,193,37.96,-0.07,38.41,412.8,12.2,210.7,19.0,78.0,22.0,Sub-clinical,Ketosis,1.4
MAH-SAN-TAG-1048,SAN,HF Cross,4.9,217,37.92,-0.04,38.34,340.0,27.7,167.0,35.8,64.1,35.9,Sub-clinical,Ketosis,0.4
MAH-SAN-TAG-1048,SAN,HF Cross,4.9,261,37.91,0.03,38.17,224.8,52.2,132.5,49.0,63.7,36.3,Clinical,Ketosis,0.0
MAH-AHM-TAG-1049,AHM,Gir Cross,4.8,105,38.7,0.11,38.47,516.2,-9.8,290.9,-11.9,110.3,-10.3,Healthy,Healthy,-1.0
MAH-AHM-TAG-1049,AHM,Gir Cross,4.8,176,38.96,0.27,38.65,480.1,-2.1,262.9,-1.1,94.9,5.1,Sub-clinical,LSD,1.5
MAH-AHM-TAG-1049,AHM,Gir Cross,4.8,202,39.59,0.4,39.08,437.1,7.0,250.4,3.7,83.8,16.2,Sub-clinical,LSD,0.4
MAH-AHM-TAG-1049,AHM,Gir Cross,4.8,247,39.98,0.28,39.79,367.3,21.9,201.2,22.6,63.5,36.5,Clinical,LSD,0.0
MAH-SOL-TAG-1050,SOL,Gir Cross,6.2,141,38.29,-0.01,38.51,462.3,1.6,255.8,1.6,92.8,7.2,Healthy,Healthy,-1.0
MAH-SOL-TAG-1050,SOL,Gir Cross,6.2,218,38.3,0.09,38.55,494.5,-5.2,260.3,-0.1,91.5,8.5,Healthy,Healthy,-1.0
MAH-SOL-TAG-1050,SOL,Gir Cross,6.2,250,38.86,0.11,38.55,499.4,-6.3,287.9,-10.7,123.8,-23.8,Healthy,Healthy,-1.0
MAH-SOL-TAG-1050,SOL,Gir Cross,6.2,297,38.74,-0.07,38.55,510.1,-8.5,287.9,-10.7,125.0,-25.0,Healthy,Healthy,-1.0
MAH-NAS-TAG-1051,NAS,Gir Cross,8.3,158,38.85,0.11,38.51,435.6,7.3,274.4,-5.5,116.7,-16.7,Healthy,Healthy,-1.0
MAH-NAS-TAG-1051,NAS,Gir Cross,8.3,235,38.31,0.07,38.47,415.6,11.6,251.1,3.4,92.5,7.5,Healthy,Healthy,-1.0
MAH-NAS-TAG-1051,NAS,Gir Cross,8.3,267,38.09,-0.08,38.46,483.2,-2.8,239.1,8.0,90.3,9.7,Healthy,Healthy,-1.0
MAH-NAS-TAG-1051,NAS,Gir Cross,8.3,314,38.12,-0.07,38.47,475.2,-1.1,233.5,10.2,81.5,18.5,Healthy,Healthy,-1.0
MAH-PUN-TAG-1052,PUN,Red Kandhari,6.6,84,38.95,0.15,38.47,418.3,7.0,286.4,-10.2,111.6,-11.6,Healthy,Healthy,-1.0
MAH-PUN-TAG-1052,PUN,Red Kandhari,6.6,150,38.46,0.02,38.46,461.5,-2.6,259.1,0.3,95.5,4.5,Healthy,Healthy,-1.0
MAH-PUN-TAG-1052,PUN,Red Kandhari,6.6,170,38.11,-0.07,38.42,447.7,0.5,239.5,7.9,83.2,16.8,Healthy,Healthy,-1.0
MAH-PUN-TAG-1052,PUN,Red Kandhari,6.6,213,38.21,-0.01,38.43,402.5,10.6,230.7,11.3,76.5,23.5,Healthy,Healthy,-1.0
MAH-SAN-TAG-1053,SAN,HF Cross,7.7,50,38.29,0.04,38.6,489.3,-4.1,251.3,3.3,82.7,17.3,Healthy,Healthy,-1.0
MAH-SAN-TAG-1053,SAN,HF Cross,7.7,121,38.61,0.31,38.74,436.7,7.1,219.5,15.6,91.0,9.0,Sub-clinical,Mastitis,1.5
MAH-SAN-TAG-1053,SAN,HF Cross,7.7,147,39.05,0.25,39.17,408.8,13.0,223.1,14.2,75.1,24.9,Sub-clinical,Mastitis,0.4
MAH-SAN-TAG-1053,SAN,HF Cross,7.7,192,39.61,0.17,39.83,316.9,32.6,186.3,28.3,63.4,36.6,Clinical,Mastitis,0.0
MAH-SAN-TAG-1054,SAN,Murrah Buffalo,7.8,120,38.21,-0.03,38.49,431.0,4.2,233.9,10.0,76.3,23.7,Healthy,Healthy,-1.0
MAH-SAN-TAG-1054,SAN,Murrah Buffalo,7.8,198,38.81,0.36,38.68,414.2,8.0,228.2,12.2,82.7,17.3,Sub-clinical,LSD,1.9
MAH-SAN-TAG-1054,SAN,Murrah Buffalo,7.8,233,39.37,0.29,39.11,335.5,25.4,217.5,16.3,84.7,15.3,Sub-clinical,LSD,0.5
MAH-SAN-TAG-1054,SAN,Murrah Buffalo,7.8,280,39.87,0.13,39.8,263.2,41.5,175.0,32.7,69.6,30.4,Clinical,LSD,0.0
MAH-AHM-TAG-1055,AHM,HF Cross,6.5,139,38.33,-0.12,38.42,421.7,10.3,276.7,-6.4,101.3,-1.3,Healthy,Healthy,-1.0
MAH-AHM-TAG-1055,AHM,HF Cross,6.5,214,38.71,0.58,38.62,407.4,13.3,253.5,2.5,82.7,17.3,Sub-clinical,LSD,1.7
MAH-AHM-TAG-1055,AHM,HF Cross,6.5,244,39.11,0.47,39.07,401.9,14.5,233.2,10.3,78.0,22.0,Sub-clinical,LSD,0.4
MAH-AHM-TAG-1055,AHM,HF Cross,6.5,290,39.58,0.28,39.72,328.9,30.0,175.5,32.5,58.8,41.2,Clinical,LSD,0.0
MAH-PUN-TAG-1056,PUN,HF Cross,6.3,158,38.77,-0.02,38.54,469.4,0.1,282.6,-8.7,123.5,-23.5,Healthy,Healthy,-1.0
MAH-PUN-TAG-1056,PUN,HF Cross,6.3,227,38.81,-0.03,38.53,502.8,-7.0,289.6,-11.4,123.2,-23.2,Healthy,Healthy,-1.0
MAH-PUN-TAG-1056,PUN,HF Cross,6.3,251,38.86,0.05,38.57,488.9,-4.0,294.0,-13.1,114.7,-14.7,Healthy,Healthy,-1.0
MAH-PUN-TAG-1056,PUN,HF Cross,6.3,295,38.51,-0.07,38.55,499.2,-6.2,284.5,-9.4,106.7,-6.7,Healthy,Healthy,-1.0
MAH-SOL-TAG-1057,SOL,Khillari,6.8,156,39.12,0.15,38.59,441.8,1.8,292.6,-12.5,111.0,-11.0,Healthy,Healthy,-1.0
MAH-SOL-TAG-1057,SOL,Khillari,6.8,224,38.69,0.03,38.56,473.7,-5.3,290.1,-11.6,111.2,-11.2,Healthy,Healthy,-1.0
MAH-SOL-TAG-1057,SOL,Khillari,6.8,246,38.74,0.14,38.55,471.7,-4.8,282.5,-8.7,100.2,-0.2,Healthy,Healthy,-1.0
MAH-SOL-TAG-1057,SOL,Khillari,6.8,290,38.32,-0.03,38.52,446.4,0.8,251.7,3.2,88.5,11.5,Healthy,Healthy,-1.0
MAH-SOL-TAG-1058,SOL,Gir Cross,7.2,60,38.77,-0.14,38.45,457.0,2.8,290.6,-11.8,120.1,-20.1,Healthy,Healthy,-1.0
MAH-SOL-TAG-1058,SOL,Gir Cross,7.2,132,39.23,0.28,38.63,426.6,9.2,276.3,-6.3,108.3,-8.3,Sub-clinical,Mastitis,1.5
MAH-SOL-TAG-1058,SOL,Gir Cross,7.2,159,39.36,0.3,39.03,344.4,26.7,256.9,1.2,99.6,0.4,Sub-clinical,Mastitis,0.4
MAH-SOL-TAG-1058,SOL,Gir Cross,7.2,204,40.26,0.4,39.67,285.1,39.3,217.9,16.2,93.3,6.7,Clinical,Mastitis,0.0
MAH-NAS-TAG-1059,NAS,Gir Cross,2.8,148,38.48,-0.07,38.71,503.5,-7.1,283.3,-9.0,98.2,1.8,Healthy,Healthy,-1.0
MAH-NAS-TAG-1059,NAS,Gir Cross,2.8,223,39.07,0.3,38.91,452.1,3.8,282.4,-8.6,102.3,-2.3,Sub-clinical,LSD,1.7
MAH-NAS-TAG-1059,NAS,Gir Cross,2.8,253,39.82,0.23,39.35,390.4,16.9,267.0,-2.7,101.1,-1.1,Sub-clinical,LSD,0.5
MAH-NAS-TAG-1059,NAS,Gir Cross,2.8,300,40.37,0.08,40.01,328.9,30.0,232.8,10.5,84.1,15.9,Clinical,LSD,0.0
MAH-AHM-TAG-1060,AHM,Khillari,4.7,160,38.78,0.0,38.58,383.2,14.8,284.8,-9.5,100.6,-0.6,Healthy,Healthy,-1.0
MAH-AHM-TAG-1060,AHM,Khillari,4.7,229,39.31,0.39,38.71,357.8,20.5,282.2,-8.5,102.7,-2.7,Sub-clinical,Mastitis,1.4
MAH-AHM-TAG-1060,AHM,Khillari,4.7,253,39.63,0.32,39.12,312.1,30.6,253.7,2.4,96.7,3.3,Sub-clinical,Mastitis,0.4
MAH-AHM-TAG-1060,AHM,Khillari,4.7,297,40.18,0.27,39.78,265.2,41.1,231.9,10.8,85.2,14.8,Clinical,Mastitis,0.0
MAH-SAN-TAG-1061,SAN,Khillari,5.3,115,38.52,0.09,38.52,389.4,13.5,276.6,-6.4,99.5,0.5,Healthy,Healthy,-1.0
MAH-SAN-TAG-1061,SAN,Khillari,5.3,181,38.83,0.0,38.53,421.1,6.4,312.0,-20.0,121.8,-21.8,Healthy,Healthy,-1.0
MAH-SAN-TAG-1061,SAN,Khillari,5.3,201,38.81,0.01,38.53,444.7,1.2,291.6,-12.2,114.0,-14.0,Healthy,Healthy,-1.0
MAH-SAN-TAG-1061,SAN,Khillari,5.3,244,38.37,0.14,38.52,469.2,-4.3,270.3,-4.0,91.4,8.6,Healthy,Healthy,-1.0
MAH-KOL-TAG-1062,KOL,Khillari,6.7,163,38.72,-0.12,38.9,414.6,7.9,247.8,4.7,100.6,-0.6,Healthy,Healthy,-1.0
MAH-KOL-TAG-1062,KOL,Khillari,6.7,240,38.47,-0.2,38.84,447.2,0.6,235.0,9.6,87.1,12.9,Healthy,Healthy,-1.0
MAH-KOL-TAG-1062,KOL,Khillari,6.7,272,39.03,0.03,38.9,442.2,1.7,271.7,-4.5,109.6,-9.6,Healthy,Healthy,-1.0
MAH-KOL-TAG-1062,KOL,Khillari,6.7,319,38.94,0.08,38.87,472.5,-5.0,269.6,-3.7,115.6,-15.6,Healthy,Healthy,-1.0
MAH-SAN-TAG-1063,SAN,Red Kandhari,6.1,110,38.99,0.16,38.56,449.3,0.2,274.8,-5.7,111.7,-11.7,Healthy,Healthy,-1.0
MAH-SAN-TAG-1063,SAN,Red Kandhari,6.1,177,39.27,0.43,38.73,441.3,1.9,249.9,3.9,110.2,-10.2,Sub-clinical,Mastitis,1.2
MAH-SAN-TAG-1063,SAN,Red Kandhari,6.1,199,39.41,0.3,39.1,406.8,9.6,230.5,11.3,95.5,4.5,Sub-clinical,Mastitis,0.3
MAH-SAN-TAG-1063,SAN,Red Kandhari,6.1,242,39.52,0.18,39.77,309.0,31.3,167.4,35.6,69.8,30.2,Clinical,Mastitis,0.0
MAH-SAN-TAG-1064,SAN,Gir Cross,4.1,60,38.97,0.14,38.49,472.8,-0.6,281.6,-8.3,113.0,-13.0,Healthy,Healthy,-1.0
MAH-SAN-TAG-1064,SAN,Gir Cross,4.1,133,38.63,-0.19,38.43,408.4,13.1,239.1,8.0,103.6,-3.6,Sub-clinical,Ketosis,1.7
MAH-SAN-TAG-1064,SAN,Gir Cross,4.1,163,38.29,0.0,38.35,320.4,31.8,192.7,25.9,80.3,19.7,Sub-clinical,Ketosis,0.4
MAH-SAN-TAG-1064,SAN,Gir Cross,4.1,208,38.38,-0.07,38.19,231.6,50.7,158.9,38.9,76.9,23.1,Clinical,Ketosis,0.0
MAH-SAT-TAG-1065,SAT,Murrah Buffalo,4.9,153,38.62,0.03,38.34,447.5,0.6,269.3,-3.6,107.7,-7.7,Healthy,Healthy,-1.0
MAH-SAT-TAG-1065,SAT,Murrah Buffalo,4.9,221,38.24,0.1,38.32,463.0,-2.9,254.4,2.2,98.5,1.5,Healthy,Healthy,-1.0
MAH-SAT-TAG-1065,SAT,Murrah Buffalo,4.9,244,38.06,-0.19,38.32,477.5,-6.1,252.1,3.0,90.7,9.3,Healthy,Healthy,-1.0
MAH-SAT-TAG-1065,SAT,Murrah Buffalo,4.9,288,38.11,0.0,38.34,449.8,0.0,243.5,6.3,84.6,15.4,Healthy,Healthy,-1.0
MAH-SAT-TAG-1066,SAT,Red Kandhari,4.8,103,38.44,-0.15,38.39,473.3,-5.2,250.2,3.8,101.5,-1.5,Healthy,Healthy,-1.0
MAH-SAT-TAG-1066,SAT,Red Kandhari,4.8,173,38.68,0.4,38.55,437.5,2.8,207.1,20.3,77.3,22.7,Sub-clinical,LSD,1.4
MAH-SAT-TAG-1066,SAT,Red Kandhari,4.8,198,39.34,0.62,38.96,406.8,9.6,190.2,26.8,73.6,26.4,Sub-clinical,LSD,0.3
MAH-SAT-TAG-1066,SAT,Red Kandhari,4.8,242,39.42,0.14,39.71,305.7,32.1,133.2,48.8,43.6,56.4,Clinical,LSD,0.0
MAH-KOL-TAG-1067,KOL,Murrah Buffalo,5.2,72,38.24,0.11,38.58,435.7,3.2,235.1,9.6,103.5,-3.5,Healthy,Healthy,-1.0
MAH-KOL-TAG-1067,KOL,Murrah Buffalo,5.2,137,38.62,0.0,38.6,412.0,8.4,258.8,0.5,119.3,-19.3,Healthy,Healthy,-1.0
MAH-KOL-TAG-1067,KOL,Murrah Buffalo,5.2,156,38.91,-0.05,38.6,441.9,1.8,266.3,-2.4,128.7,-28.7,Healthy,Healthy,-1.0
MAH-KOL-TAG-1067,KOL,Murrah Buffalo,5.2,199,38.59,-0.1,38.62,464.1,-3.1,253.3,2.6,122.5,-22.5,Healthy,Healthy,-1.0
MAH-PUN-TAG-1068,PUN,Gir Cross,3.5,115,38.41,-0.1,38.55,444.0,5.5,235.8,9.3,88.8,11.2,Healthy,Healthy,-1.0
MAH-PUN-TAG-1068,PUN,Gir Cross,3.5,183,39.34,0.47,38.78,399.4,15.0,238.0,8.5,95.0,5.0,Sub-clinical,Mastitis,1.3
MAH-PUN-TAG-1068,PUN,Gir Cross,3.5,206,39.64,0.39,39.16,357.5,23.9,214.3,17.6,96.8,3.2,Sub-clinical,Mastitis,0.3
MAH-PUN-TAG-1068,PUN,Gir Cross,3.5,249,40.23,0.38,39.86,316.7,32.6,186.8,28.2,81.1,18.9,Clinical,Mastitis,0.0
MAH-SOL-TAG-1069,SOL,HF Cross,3.1,55,38.56,0.0,38.43,497.2,-5.8,301.4,-15.9,109.4,-9.4,Healthy,Healthy,-1.0
MAH-SOL-TAG-1069,SOL,HF Cross,3.1,124,38.4,0.16,38.4,499.8,-6.3,291.1,-12.0,91.2,8.8,Healthy,Healthy,-1.0
MAH-SOL-TAG-1069,SOL,HF Cross,3.1,148,38.32,-0.08,38.42,505.4,-7.5,297.7,-14.5,92.1,7.9,Healthy,Healthy,-1.0
MAH-SOL-TAG-1069,SOL,HF Cross,3.1,192,38.08,-0.01,38.37,481.2,-2.4,285.0,-9.6,82.3,17.7,Healthy,Healthy,-1.0
MAH-NAS-TAG-1070,NAS,Red Kandhari,2.5,52,38.47,-0.1,38.67,498.0,-10.7,254.6,2.1,85.3,14.7,Healthy,Healthy,-1.0
MAH-NAS-TAG-1070,NAS,Red Kandhari,2.5,120,38.83,0.52,38.88,409.4,9.0,214.8,17.4,61.3,38.7,Sub-clinical,FMD,1.3
MAH-NAS-TAG-1070,NAS,Red Kandhari,2.5,143,39.36,0.59,39.44,324.8,27.8,175.2,32.6,47.2,52.8,Sub-clinical,FMD,0.3
MAH-NAS-TAG-1070,NAS,Red Kandhari,2.5,187,40.6,0.55,40.45,209.6,53.4,123.1,52.7,35.7,64.3,Clinical,FMD,0.0
MAH-KOL-TAG-1071,KOL,Khillari,3.0,120,38.21,0.17,38.43,452.3,-0.5,221.9,14.7,85.2,14.8,Healthy,Healthy,-1.0
MAH-KOL-TAG-1071,KOL,Khillari,3.0,188,38.72,0.5,38.58,372.6,17.2,216.9,16.6,81.5,18.5,Sub-clinical,LSD,1.3
MAH-KOL-TAG-1071,KOL,Khillari,3.0,210,39.1,0.48,39.0,341.6,24.1,208.9,19.7,88.6,11.4,Sub-clinical,LSD,0.3
MAH-KOL-TAG-1071,KOL,Khillari,3.0,254,40.15,0.22,39.75,280.1,37.8,176.9,32.0,82.8,17.2,Clinical,LSD,0.0
MAH-KOL-TAG-1072,KOL,Murrah Buffalo,4.8,136,38.72,0.1,38.52,428.3,4.8,276.8,-6.5,98.2,1.8,Healthy,Healthy,-1.0
MAH-KOL-TAG-1072,KOL,Murrah Buffalo,4.8,205,38.86,0.04,38.55,451.4,-0.3,283.8,-9.2,103.9,-3.9,Healthy,Healthy,-1.0
MAH-KOL-TAG-1072,KOL,Murrah Buffalo,4.8,229,38.81,-0.05,38.52,449.7,0.1,293.4,-12.8,105.5,-5.5,Healthy,Healthy,-1.0
MAH-KOL-TAG-1072,KOL,Murrah Buffalo,4.8,273,38.75,0.02,38.54,485.4,-7.9,284.6,-9.5,103.2,-3.2,Healthy,Healthy,-1.0
MAH-SOL-TAG-1073,SOL,Gir Cross,2.4,84,39.05,0.12,38.59,419.3,10.8,262.8,-1.1,105.3,-5.3,Healthy,Healthy,-1.0
MAH-SOL-TAG-1073,SOL,Gir Cross,2.4,154,39.32,0.38,38.81,374.1,20.4,214.2,17.6,97.7,2.3,Sub-clinical,FMD,1.4
MAH-SOL-TAG-1073,SOL,Gir Cross,2.4,178,39.88,0.56,39.35,318.2,32.3,189.6,27.1,79.4,20.6,Sub-clinical,FMD,0.4
MAH-SOL-TAG-1073,SOL,Gir Cross,2.4,223,40.57,0.52,40.31,232.0,50.6,114.6,55.9,46.3,53.7,Clinical,FMD,0.0
MAH-SAN-TAG-1074,SAN,HF Cross,6.7,93,38.39,-0.04,38.71,432.7,7.9,238.4,8.3,89.4,10.6,Healthy,Healthy,-1.0
MAH-SAN-TAG-1074,SAN,HF Cross,6.7,168,38.51,0.2,38.68,435.1,7.4,228.6,12.1,87.3,12.7,Healthy,Healthy,-1.0
MAH-SAN-TAG-1074,SAN,HF Cross,6.7,198,38.73,-0.07,38.71,474.1,-0.9,245.1,5.7,97.8,2.2,Healthy,Healthy,-1.0
MAH-SAN-TAG-1074,SAN,HF Cross,6.7,244,38.31,-0.27,38.71,468.2,0.4,226.4,12.9,92.7,7.3,Healthy,Healthy,-1.0
MAH-SAT-TAG-1075,SAT,Khillari,3.5,91,38.54,-0.1,38.67,455.0,-1.1,264.7,-1.8,105.1,-5.1,Healthy,Healthy,-1.0
MAH-SAT-TAG-1075,SAT,Khillari,3.5,167,38.37,-0.04,38.65,423.5,5.9,221.2,14.9,84.4,15.6,Sub-clinical,Ketosis,1.7
MAH-SAT-TAG-1075,SAT,Khillari,3.5,198,38.57,-0.1,38.55,410.4,8.8,223.1,14.2,98.4,1.6,Sub-clinical,Ketosis,0.4
MAH-SAT-TAG-1075,SAT,Khillari,3.5,244,38.3,-0.06,38.4,310.8,30.9,149.2,42.6,73.0,27.0,Clinical,Ketosis,0.0
MAH-SOL-TAG-1076,SOL,Murrah Buffalo,5.3,112,38.46,0.01,38.33,442.4,1.7,258.8,0.5,99.5,0.5,Healthy,Healthy,-1.0
MAH-SOL-TAG-1076,SOL,Murrah Buffalo,5.3,190,38.08,0.06,38.28,406.7,9.6,191.5,26.3,65.9,34.1,Sub-clinical,Ketosis,1.9
MAH-SOL-TAG-1076,SOL,Murrah Buffalo,5.3,224,38.25,-0.29,38.19,371.5,17.4,206.3,20.7,75.5,24.5,Sub-clinical,Ketosis,0.5
MAH-SOL-TAG-1076,SOL,Murrah Buffalo,5.3,271,38.17,0.09,38.03,281.0,37.6,150.7,42.0,64.2,35.8,Clinical,Ketosis,0.0
MAH-SAN-TAG-1077,SAN,Khillari,3.1,74,38.04,0.03,38.32,469.3,-4.3,247.4,4.8,92.6,7.4,Healthy,Healthy,-1.0
MAH-SAN-TAG-1077,SAN,Khillari,3.1,140,38.66,0.57,38.48,363.5,19.2,211.1,18.8,94.1,5.9,Sub-clinical,FMD,1.2
MAH-SAN-TAG-1077,SAN,Khillari,3.1,161,39.56,0.81,39.06,287.3,36.2,196.4,24.5,79.9,20.1,Sub-clinical,FMD,0.3
MAH-SAN-TAG-1077,SAN,Khillari,3.1,204,40.53,0.33,40.1,223.9,50.2,142.3,45.3,67.5,32.5,Clinical,FMD,0.0
MAH-SAN-TAG-1078,SAN,Gir Cross,4.9,127,38.59,-0.05,38.55,524.6,-11.6,255.1,1.9,96.0,4.0,Healthy,Healthy,-1.0
MAH-SAN-TAG-1078,SAN,Gir Cross,4.9,200,39.06,0.37,38.77,467.0,0.6,229.5,11.7,89.5,10.5,Sub-clinical,FMD,1.6
MAH-SAN-TAG-1078,SAN,Gir Cross,4.9,228,39.96,0.51,39.35,345.1,26.6,186.8,28.2,82.3,17.7,Sub-clinical,FMD,0.4
MAH-SAN-TAG-1078,SAN,Gir Cross,4.9,273,40.72,0.53,40.28,278.0,40.9,125.1,51.9,59.3,40.7,Clinical,FMD,0.0
MAH-AHM-TAG-1079,AHM,HF Cross,8.1,96,38.45,0.0,38.67,452.7,3.7,213.7,17.8,78.9,21.1,Healthy,Healthy,-1.0
MAH-AHM-TAG-1079,AHM,HF Cross,8.1,168,38.27,-0.05,38.65,445.8,5.1,220.6,15.2,80.8,19.2,Healthy,Healthy,-1.0
MAH-AHM-TAG-1079,AHM,HF Cross,8.1,197,38.72,-0.05,38.68,480.3,-2.2,241.0,7.3,80.7,19.3,Healthy,Healthy,-1.0
MAH-AHM-TAG-1079,AHM,HF Cross,8.1,242,38.42,0.01,38.65,454.0,3.4,228.4,12.2,83.8,16.2,Healthy,Healthy,-1.0
MAH-SOL-TAG-1080,SOL,Gir Cross,3.9,115,38.49,-0.17,38.62,446.2,5.1,235.2,9.5,100.5,-0.5,Healthy,Healthy,-1.0
MAH-SOL-TAG-1080,SOL,Gir Cross,3.9,184,39.26,0.4,38.84,392.6,16.5,230.4,11.4,101.0,-1.0,Sub-clinical,FMD,1.3
MAH-SOL-TAG-1080,SOL,Gir Cross,3.9,208,39.83,0.57,39.41,318.9,32.1,174.1,33.0,78.4,21.6,Sub-clinical,FMD,0.3
MAH-SOL-TAG-1080,SOL,Gir Cross,3.9,252,40.86,0.34,40.39,251.9,46.4,141.7,45.5,66.7,33.3,Clinical,FMD,0.0
MAH-SAN-TAG-1081,SAN,Red Kandhari,6.4,88,38.52,0.11,38.28,441.8,1.8,291.2,-12.0,106.6,-6.6,Healthy,Healthy,-1.0
MAH-SAN-TAG-1081,SAN,Red Kandhari,6.4,164,38.38,0.26,38.46,389.7,13.4,249.1,4.2,89.4,10.6,Sub-clinical,Mastitis,1.8
MAH-SAN-TAG-1081,SAN,Red Kandhari,6.4,195,38.67,0.11,38.86,376.0,16.4,217.4,16.4,70.7,29.3,Sub-clinical,Mastitis,0.5
MAH-SAN-TAG-1081,SAN,Red Kandhari,6.4,242,39.33,0.12,39.52,304.9,32.2,190.6,26.7,69.4,30.6,Clinical,Mastitis,0.0
MAH-KOL-TAG-1082,KOL,Khillari,2.5,168,38.21,-0.17,38.68,442.1,1.8,225.0,13.5,83.4,16.6,Healthy,Healthy,-1.0
MAH-KOL-TAG-1082,KOL,Khillari,2.5,235,39.12,0.6,38.86,380.8,15.4,217.6,16.3,91.7,8.3,Sub-clinical,BRD,1.2
MAH-KOL-TAG-1082,KOL,Khillari,2.5,256,39.48,0.36,39.22,337.6,25.0,219.5,15.6,94.9,5.1,Sub-clinical,BRD,0.3
MAH-KOL-TAG-1082,KOL,Khillari,2.5,300,40.28,0.05,39.92,295.4,34.4,192.0,26.2,85.0,15.0,Clinical,BRD,0.0
MAH-SAN-TAG-1083,SAN,Murrah Buffalo,5.5,60,38.98,0.1,38.66,435.2,3.3,281.4,-8.2,115.3,-15.3,Healthy,Healthy,-1.0
MAH-SAN-TAG-1083,SAN,Murrah Buffalo,5.5,135,38.82,-0.09,38.62,425.0,5.6,256.9,1.2,106.5,-6.5,Healthy,Healthy,-1.0
MAH-SAN-TAG-1083,SAN,Murrah Buffalo,5.5,167,38.31,0.02,38.61,433.6,3.6,237.3,8.7,80.4,19.6,Healthy,Healthy,-1.0
MAH-SAN-TAG-1083,SAN,Murrah Buffalo,5.5,213,38.39,0.11,38.62,435.1,3.3,242.4,6.8,92.7,7.3,Healthy,Healthy,-1.0
MAH-AHM-TAG-1084,AHM,Murrah Buffalo,3.1,127,38.45,-0.39,38.46,456.7,-1.5,260.9,-0.3,107.4,-7.4,Healthy,Healthy,-1.0
MAH-AHM-TAG-1084,AHM,Murrah Buffalo,3.1,204,39.26,0.28,38.69,379.4,15.7,265.4,-2.1,114.0,-14.0,Sub-clinical,Mastitis,1.8
MAH-AHM-TAG-1084,AHM,Murrah Buffalo,3.1,236,39.1,0.2,39.1,306.3,31.9,201.3,22.6,82.1,17.9,Sub-clinical,Mastitis,0.5
MAH-AHM-TAG-1084,AHM,Murrah Buffalo,3.1,283,39.84,0.36,39.74,221.5,50.8,185.2,28.8,85.1,14.9,Clinical,Mastitis,0.0
MAH-AHM-TAG-1085,AHM,Red Kandhari,8.0,146,38.25,-0.06,38.61,500.1,-11.1,200.5,22.9,87.3,12.7,Healthy,Healthy,-1.0
MAH-AHM-TAG-1085,AHM,Red Kandhari,8.0,214,38.65,0.26,38.74,419.7,6.7,196.5,24.4,79.2,20.8,Sub-clinical,Mastitis,1.3
MAH-AHM-TAG-1085,AHM,Red Kandhari,8.0,237,39.21,0.4,39.17,357.5,20.6,166.9,35.8,69.4,30.6,Sub-clinical,Mastitis,0.3
MAH-AHM-TAG-1085,AHM,Red Kandhari,8.0,280,40.25,0.38,39.85,292.8,34.9,156.6,39.8,81.8,18.2,Clinical,Mastitis,0.0
MAH-SAT-TAG-1086,SAT,Gir Cross,2.5,81,38.83,0.23,38.47,513.5,-9.3,258.1,0.7,102.8,-2.8,Healthy,Healthy,-1.0
MAH-SAT-TAG-1086,SAT,Gir Cross,2.5,154,38.73,-0.02,38.48,506.3,-7.7,251.7,3.2,109.5,-9.5,Healthy,Healthy,-1.0
MAH-SAT-TAG-1086,SAT,Gir Cross,2.5,182,38.86,0.06,38.48,464.3,1.2,272.3,-4.7,104.0,-4.0,Healthy,Healthy,-1.0
MAH-SAT-TAG-1086,SAT,Gir Cross,2.5,228,38.87,0.11,38.48,480.5,-2.2,271.6,-4.5,101.6,-1.6,Healthy,Healthy,-1.0
MAH-PUN-TAG-1087,PUN,HF Cross,5.3,98,38.15,-0.11,38.54,512.2,-9.0,257.2,1.1,96.0,4.0,Healthy,Healthy,-1.0
MAH-PUN-TAG-1087,PUN,HF Cross,5.3,176,38.74,0.14,38.52,525.0,-11.7,268.3,-3.2,112.8,-12.8,Healthy,Healthy,-1.0
MAH-PUN-TAG-1087,PUN,HF Cross,5.3,209,38.65,0.11,38.49,482.6,-2.7,270.7,-4.1,108.5,-8.5,Healthy,Healthy,-1.0
MAH-PUN-TAG-1087,PUN,HF Cross,5.3,256,38.61,-0.05,38.53,473.2,-0.7,277.2,-6.6,106.2,-6.2,Healthy,Healthy,-1.0
MAH-SAT-TAG-1088,SAT,Gir Cross,5.7,98,38.26,0.07,38.54,442.0,6.0,248.1,4.6,89.8,10.2,Healthy,Healthy,-1.0
MAH-SAT-TAG-1088,SAT,Gir Cross,5.7,163,38.44,0.0,38.57,424.8,9.6,268.1,-3.1,85.3,14.7,Healthy,Healthy,-1.0
MAH-SAT-TAG-1088,SAT,Gir Cross,5.7,183,38.83,0.07,38.56,428.9,8.7,278.6,-7.2,107.0,-7.0,Healthy,Healthy,-1.0
MAH-SAT-TAG-1088,SAT,Gir Cross,5.7,225,38.84,0.11,38.58,461.2,1.9,277.9,-6.9,104.6,-4.6,Healthy,Healthy,-1.0
MAH-SOL-TAG-1089,SOL,HF Cross,8.6,91,38.68,-0.01,38.72,447.6,4.8,255.7,1.7,96.4,3.6,Healthy,Healthy,-1.0
MAH-SOL-TAG-1089,SOL,HF Cross,8.6,168,38.38,-0.05,38.68,480.4,-2.2,241.2,7.2,91.0,9.0,Healthy,Healthy,-1.0
MAH-SOL-TAG-1089,SOL,HF Cross,8.6,202,38.91,-0.16,38.7,488.0,-3.8,261.9,-0.7,118.1,-18.1,Healthy,Healthy,-1.0
MAH-SOL-TAG-1089,SOL,HF Cross,8.6,249,39.07,0.27,38.71,496.6,-5.7,269.7,-3.7,120.0,-20.0,Healthy,Healthy,-1.0
MAH-KOL-TAG-1090,KOL,Dangi,3.5,79,38.57,0.04,38.55,462.8,-2.8,265.5,-2.1,99.6,0.4,Healthy,Healthy,-1.0
MAH-KOL-TAG-1090,KOL,Dangi,3.5,150,38.97,0.31,38.74,434.0,3.6,233.0,10.4,86.9,13.1,Sub-clinical,LSD,1.4
MAH-KOL-TAG-1090,KOL,Dangi,3.5,176,39.47,0.4,39.16,398.0,11.6,222.6,14.4,85.6,14.4,Sub-clinical,LSD,0.4
MAH-KOL-TAG-1090,KOL,Dangi,3.5,220,39.82,0.38,39.85,322.8,28.3,174.4,32.9,54.8,45.2,Clinical,LSD,0.0
MAH-SAN-TAG-1091,SAN,Murrah Buffalo,7.7,105,38.53,-0.06,38.31,467.3,-3.8,267.6,-2.9,111.3,-11.3,Healthy,Healthy,-1.0
MAH-SAN-TAG-1091,SAN,Murrah Buffalo,7.7,176,38.69,0.26,38.45,449.2,0.2,259.9,0.0,112.0,-12.0,Sub-clinical,Mastitis,1.5
MAH-SAN-TAG-1091,SAN,Murrah Buffalo,7.7,202,39.38,0.52,38.83,383.9,14.7,236.1,9.2,113.3,-13.3,Sub-clinical,Mastitis,0.4
MAH-SAN-TAG-1091,SAN,Murrah Buffalo,7.7,247,39.78,0.24,39.51,310.5,31.0,194.8,25.1,92.4,7.6,Clinical,Mastitis,0.0
MAH-PUN-TAG-1092,PUN,Khillari,2.9,151,38.69,0.01,38.63,508.9,-13.1,249.1,4.2,107.9,-7.9,Healthy,Healthy,-1.0
MAH-PUN-TAG-1092,PUN,Khillari,2.9,225,38.92,0.13,38.63,502.2,-11.6,258.5,0.6,118.7,-18.7,Healthy,Healthy,-1.0
MAH-PUN-TAG-1092,PUN,Khillari,2.9,254,38.99,0.0,38.65,480.6,-6.8,264.9,-1.9,116.9,-16.9,Healthy,Healthy,-1.0
MAH-PUN-TAG-1092,PUN,Khillari,2.9,300,38.96,0.02,38.61,478.7,-6.4,268.4,-3.2,121.2,-21.2,Healthy,Healthy,-1.0
MAH-SOL-TAG-1093,SOL,Gir Cross,4.5,79,38.72,-0.22,38.76,504.7,-7.4,261.6,-0.6,110.2,-10.2,Healthy,Healthy,-1.0
MAH-SOL-TAG-1093,SOL,Gir Cross,4.5,151,39.19,0.38,38.97,468.5,0.3,236.7,9.0,103.1,-3.1,Sub-clinical,LSD,1.5
MAH-SOL-TAG-1093,SOL,Gir Cross,4.5,178,39.84,0.32,39.39,399.7,15.0,213.6,17.8,110.0,-10.0,Sub-clinical,LSD,0.4
MAH-SOL-TAG-1093,SOL,Gir Cross,4.5,223,40.36,0.25,40.06,378.5,19.5,174.0,33.1,77.5,22.5,Clinical,LSD,0.0
MAH-PUN-TAG-1094,PUN,Murrah Buffalo,5.7,50,37.88,0.18,38.13,480.4,-6.8,259.9,0.0,86.0,14.0,Healthy,Healthy,-1.0
MAH-PUN-TAG-1094,PUN,Murrah Buffalo,5.7,122,38.06,0.33,38.14,493.3,-9.6,255.7,1.7,76.6,23.4,Healthy,Healthy,-1.0
MAH-PUN-TAG-1094,PUN,Murrah Buffalo,5.7,149,38.0,-0.05,38.12,494.3,-9.8,271.5,-4.4,96.4,3.6,Healthy,Healthy,-1.0
MAH-PUN-TAG-1094,PUN,Murrah Buffalo,5.7,194,37.82,-0.14,38.14,493.2,-9.6,273.9,-5.3,85.0,15.0,Healthy,Healthy,-1.0
MAH-AHM-TAG-1095,AHM,Murrah Buffalo,8.6,124,38.46,0.2,38.52,492.4,-9.4,269.8,-3.8,98.5,1.5,Healthy,Healthy,-1.0
MAH-AHM-TAG-1095,AHM,Murrah Buffalo,8.6,194,38.54,0.22,38.71,429.3,4.6,211.7,18.6,80.6,19.4,Sub-clinical,FMD,1.4
MAH-AHM-TAG-1095,AHM,Murrah Buffalo,8.6,219,39.26,0.48,39.28,370.5,17.7,184.0,29.2,70.8,29.2,Sub-clinical,FMD,0.4
MAH-AHM-TAG-1095,AHM,Murrah Buffalo,8.6,264,40.15,0.37,40.25,249.5,44.6,118.6,54.4,41.9,58.1,Clinical,FMD,0.0
MAH-KOL-TAG-1096,KOL,Gir Cross,5.2,156,39.11,0.09,38.69,465.5,1.0,289.7,-11.4,108.9,-8.9,Healthy,Healthy,-1.0
MAH-KOL-TAG-1096,KOL,Gir Cross,5.2,225,39.34,0.33,38.92,433.5,7.8,249.8,3.9,92.6,7.4,Sub-clinical,FMD,1.3
MAH-KOL-TAG-1096,KOL,Gir Cross,5.2,248,39.83,0.67,39.45,377.0,19.8,203.4,21.8,78.3,21.7,Sub-clinical,FMD,0.4
MAH-KOL-TAG-1096,KOL,Gir Cross,5.2,292,40.29,0.24,40.46,263.1,44.0,116.5,55.2,34.8,65.2,Clinical,FMD,0.0
MAH-NAS-TAG-1097,NAS,Dangi,8.4,76,38.24,0.03,38.42,488.6,-8.6,233.1,10.3,104.8,-4.8,Healthy,Healthy,-1.0
MAH-NAS-TAG-1097,NAS,Dangi,8.4,146,38.49,0.41,38.55,447.7,0.5,204.5,21.3,80.9,19.1,Sub-clinical,BRD,1.4
MAH-NAS-TAG-1097,NAS,Dangi,8.4,171,38.98,0.52,38.95,402.1,10.6,186.7,28.2,78.6,21.4,Sub-clinical,BRD,0.4
MAH-NAS-TAG-1097,NAS,Dangi,8.4,216,39.4,0.2,39.6,324.6,27.9,145.9,43.9,54.8,45.2,Clinical,BRD,0.0
MAH-NAS-TAG-1098,NAS,Murrah Buffalo,7.9,127,38.22,0.02,38.15,446.7,0.7,256.3,1.4,110.5,-10.5,Healthy,Healthy,-1.0
MAH-NAS-TAG-1098,NAS,Murrah Buffalo,7.9,196,38.33,0.29,38.3,418.4,7.0,220.5,15.2,94.0,6.0,Sub-clinical,LSD,1.3
MAH-NAS-TAG-1098,NAS,Murrah Buffalo,7.9,220,38.71,0.38,38.7,361.4,19.7,187.2,28.0,82.5,17.5,Sub-clinical,LSD,0.3
MAH-NAS-TAG-1098,NAS,Murrah Buffalo,7.9,264,39.17,0.33,39.44,290.6,35.4,149.3,42.6,60.2,39.8,Clinical,LSD,0.0
MAH-AHM-TAG-1099,AHM,Murrah Buffalo,6.0,160,38.4,0.1,38.23,424.4,5.7,267.0,-2.7,119.6,-19.6,Healthy,Healthy,-1.0
MAH-AHM-TAG-1099,AHM,Murrah Buffalo,6.0,232,38.61,0.19,38.4,389.9,13.4,251.4,3.3,115.8,-15.8,Sub-clinical,Mastitis,1.5
MAH-AHM-TAG-1099,AHM,Murrah Buffalo,6.0,259,38.87,0.39,38.77,332.1,26.2,210.6,19.0,100.0,0.0,Sub-clinical,Mastitis,0.4
MAH-AHM-TAG-1099,AHM,Murrah Buffalo,6.0,304,39.72,0.17,39.48,249.4,44.6,196.8,24.3,100.8,-0.8,Clinical,Mastitis,0.0
MAH-KOL-TAG-1100,KOL,Dangi,5.7,67,38.37,0.08,38.42,430.0,4.4,246.1,5.3,93.0,7.0,Healthy,Healthy,-1.0
MAH-KOL-TAG-1100,KOL,Dangi,5.7,144,38.04,-0.08,38.43,454.0,-0.9,229.9,11.6,87.0,13.0,Healthy,Healthy,-1.0
MAH-KOL-TAG-1100,KOL,Dangi,5.7,176,38.66,-0.01,38.44,486.0,-8.0,252.9,2.7,114.0,-14.0,Healthy,Healthy,-1.0
MAH-KOL-TAG-1100,KOL,Dangi,5.7,223,38.42,-0.13,38.42,481.0,-6.9,253.8,2.4,114.4,-14.4,Healthy,Healthy,-1.0
MAH-SAN-TAG-1101,SAN,Gir Cross,3.5,115,38.06,-0.09,38.24,417.7,11.1,233.8,10.1,94.8,5.2,Healthy,Healthy,-1.0
MAH-SAN-TAG-1101,SAN,Gir Cross,3.5,186,38.66,0.34,38.46,385.6,18.0,219.5,15.6,98.8,1.2,Sub-clinical,LSD,1.4
MAH-SAN-TAG-1101,SAN,Gir Cross,3.5,212,39.04,0.5,38.9,340.1,27.6,185.2,28.8,65.3,34.7,Sub-clinical,LSD,0.4
MAH-SAN-TAG-1101,SAN,Gir Cross,3.5,256,39.93,0.47,39.59,279.2,40.6,159.9,38.5,71.4,28.6,Clinical,LSD,0.0
MAH-PUN-TAG-1102,PUN,Murrah Buffalo,2.7,52,38.16,-0.03,38.26,478.4,-6.3,256.4,1.4,96.8,3.2,Healthy,Healthy,-1.0
MAH-PUN-TAG-1102,PUN,Murrah Buffalo,2.7,122,38.36,0.38,38.42,440.1,2.2,220.6,15.2,78.2,21.8,Sub-clinical,LSD,1.4
MAH-PUN-TAG-1102,PUN,Murrah Buffalo,2.7,147,38.83,0.36,38.86,388.5,13.7,219.0,15.8,70.4,29.6,Sub-clinical,LSD,0.4
MAH-PUN-TAG-1102,PUN,Murrah Buffalo,2.7,192,39.43,0.34,39.56,315.9,29.8,159.1,38.8,49.6,50.4,Clinical,LSD,0.0
MAH-NAS-TAG-1103,NAS,HF Cross,7.9,148,38.22,0.09,38.31,495.8,-5.5,240.9,7.3,88.6,11.4,Healthy,Healthy,-1.0
MAH-NAS-TAG-1103,NAS,HF Cross,7.9,216,37.82,-0.13,38.31,475.4,-1.1,242.8,6.6,79.7,20.3,Healthy,Healthy,-1.0
MAH-NAS-TAG-1103,NAS,HF Cross,7.9,237,38.13,0.12,38.31,449.2,4.4,252.2,3.0,84.5,15.5,Healthy,Healthy,-1.0
MAH-NAS-TAG-1103,NAS,HF Cross,7.9,280,38.48,-0.01,38.33,435.2,7.4,264.2,-1.6,103.8,-3.8,Healthy,Healthy,-1.0
MAH-SAN-TAG-1104,SAN,Murrah Buffalo,2.1,160,38.37,0.01,38.25,391.9,12.9,254.4,2.2,109.7,-9.7,Healthy,Healthy,-1.0
MAH-SAN-TAG-1104,SAN,Murrah Buffalo,2.1,234,38.66,0.39,38.45,316.7,29.6,214.2,17.6,95.6,4.4,Sub-clinical,FMD,1.6
MAH-SAN-TAG-1104,SAN,Murrah Buffalo,2.1,263,38.92,0.57,39.0,275.0,38.9,158.9,38.9,65.6,34.4,Sub-clinical,FMD,0.4
MAH-SAN-TAG-1104,SAN,Murrah Buffalo,2.1,309,39.97,0.5,39.94,160.2,64.4,105.8,59.3,52.1,47.9,Clinical,FMD,0.0
MAH-SAN-TAG-1105,SAN,Murrah Buffalo,3.9,79,38.38,0.03,38.3,474.4,-5.4,266.3,-2.4,106.7,-6.7,Healthy,Healthy,-1.0
MAH-SAN-TAG-1105,SAN,Murrah Buffalo,3.9,146,38.02,0.0,38.29,477.9,-6.2,249.1,4.2,91.9,8.1,Healthy,Healthy,-1.0
MAH-SAN-TAG-1105,SAN,Murrah Buffalo,3.9,168,37.84,-0.1,38.28,448.5,0.3,238.8,8.2,86.5,13.5,Healthy,Healthy,-1.0
MAH-SAN-TAG-1105,SAN,Murrah Buffalo,3.9,211,38.4,0.21,38.34,415.1,7.8,261.2,-0.5,100.7,-0.7,Healthy,Healthy,-1.0
MAH-SOL-TAG-1106,SOL,Khillari,6.8,81,38.56,-0.11,38.42,463.6,-3.0,291.6,-12.2,120.0,-20.0,Healthy,Healthy,-1.0
MAH-SOL-TAG-1106,SOL,Khillari,6.8,154,38.7,-0.24,38.43,463.7,-3.0,285.9,-10.0,117.7,-17.7,Healthy,Healthy,-1.0
MAH-SOL-TAG-1106,SOL,Khillari,6.8,182,38.63,-0.03,38.45,438.0,2.7,288.6,-11.0,115.4,-15.4,Healthy,Healthy,-1.0
MAH-SOL-TAG-1106,SOL,Khillari,6.8,228,38.72,0.0,38.45,447.6,0.5,294.8,-13.4,122.0,-22.0,Healthy,Healthy,-1.0
MAH-AHM-TAG-1107,AHM,Dangi,6.5,160,38.74,0.08,38.52,424.0,5.8,279.2,-7.4,106.4,-6.4,Healthy,Healthy,-1.0
MAH-AHM-TAG-1107,AHM,Dangi,6.5,226,39.15,0.31,38.65,429.6,4.5,261.3,-0.5,107.8,-7.8,Sub-clinical,LSD,1.1
MAH-AHM-TAG-1107,AHM,Dangi,6.5,245,39.22,0.62,39.05,391.3,13.0,203.3,21.8,83.9,16.1,Sub-clinical,LSD,0.3
MAH-AHM-TAG-1107,AHM,Dangi,6.5,288,39.63,0.36,39.83,294.9,34.5,167.5,35.6,57.9,42.1,Clinical,LSD,0.0
MAH-NAS-TAG-1108,NAS,Dangi,7.3,110,38.37,0.08,38.1,491.3,-9.2,312.7,-20.3,108.3,-8.3,Healthy,Healthy,-1.0
MAH-NAS-TAG-1108,NAS,Dangi,7.3,180,38.48,-0.01,38.12,502.7,-11.7,321.9,-23.8,115.0,-15.0,Healthy,Healthy,-1.0
MAH-NAS-TAG-1108,NAS,Dangi,7.3,205,38.53,0.1,38.15,493.0,-9.6,312.4,-20.2,101.5,-1.5,Healthy,Healthy,-1.0
MAH-NAS-TAG-1108,NAS,Dangi,7.3,249,38.37,-0.03,38.1,508.9,-13.1,300.1,-15.4,98.0,2.0,Healthy,Healthy,-1.0
MAH-PUN-TAG-1109,PUN,Gir Cross,4.5,127,38.46,-0.22,38.47,509.0,-8.3,268.2,-3.2,110.6,-10.6,Healthy,Healthy,-1.0
MAH-PUN-TAG-1109,PUN,Gir Cross,4.5,197,38.81,0.41,38.64,464.7,1.1,240.6,7.5,98.3,1.7,Sub-clinical,Mastitis,1.4
MAH-PUN-TAG-1109,PUN,Gir Cross,4.5,222,39.23,0.48,39.05,420.0,10.6,220.1,15.3,90.5,9.5,Sub-clinical,Mastitis,0.3
MAH-PUN-TAG-1109,PUN,Gir Cross,4.5,266,39.51,0.13,39.72,324.9,30.9,177.6,31.7,68.1,31.9,Clinical,Mastitis,0.0
MAH-NAS-TAG-1110,NAS,Murrah Buffalo,5.9,93,38.22,-0.03,38.48,426.3,5.3,266.1,-2.3,85.0,15.0,Healthy,Healthy,-1.0
MAH-NAS-TAG-1110,NAS,Murrah Buffalo,5.9,161,38.63,0.14,38.49,417.9,7.1,284.0,-9.2,96.0,4.0,Healthy,Healthy,-1.0
MAH-NAS-TAG-1110,NAS,Murrah Buffalo,5.9,184,38.8,0.11,38.49,421.4,6.4,283.3,-9.0,99.3,0.7,Healthy,Healthy,-1.0
MAH-NAS-TAG-1110,NAS,Murrah Buffalo,5.9,228,38.8,0.06,38.47,450.7,-0.2,295.1,-13.5,118.6,-18.6,Healthy,Healthy,-1.0
MAH-SOL-TAG-1111,SOL,Murrah Buffalo,4.6,100,37.98,-0.05,38.18,479.2,-6.5,234.7,9.7,92.1,7.9,Healthy,Healthy,-1.0
MAH-SOL-TAG-1111,SOL,Murrah Buffalo,4.6,173,38.34,0.29,38.3,436.0,3.1,214.6,17.5,82.1,17.9,Sub-clinical,BRD,1.6
MAH-SOL-TAG-1111,SOL,Murrah Buffalo,4.6,201,39.11,0.26,38.69,402.6,10.5,218.9,15.8,91.1,8.9,Sub-clinical,BRD,0.4
MAH-SOL-TAG-1111,SOL,Murrah Buffalo,4.6,247,39.5,0.19,39.33,346.9,22.9,183.8,29.3,75.8,24.2,Clinical,BRD,0.0
MAH-NAS-TAG-1112,NAS,Khillari,5.0,120,38.12,-0.16,38.46,475.2,-5.6,257.8,0.8,80.7,19.3,Healthy,Healthy,-1.0
MAH-NAS-TAG-1112,NAS,Khillari,5.0,194,38.46,0.41,38.63,440.8,2.0,230.3,11.4,87.8,12.2,Sub-clinical,Mastitis,1.7
MAH-NAS-TAG-1112,NAS,Khillari,5.0,225,39.4,0.21,39.07,417.9,7.1,243.9,6.2,97.9,2.1,Sub-clinical,Mastitis,0.4
MAH-NAS-TAG-1112,NAS,Khillari,5.0,271,39.93,0.18,39.72,349.8,22.3,212.2,18.4,87.2,12.8,Clinical,Mastitis,0.0
MAH-SAT-TAG-1113,SAT,Dangi,5.4,108,38.85,-0.1,38.58,438.9,2.5,293.3,-12.8,119.8,-19.8,Healthy,Healthy,-1.0
MAH-SAT-TAG-1113,SAT,Dangi,5.4,180,38.96,0.15,38.58,428.5,4.8,289.3,-11.3,120.5,-20.5,Healthy,Healthy,-1.0
MAH-SAT-TAG-1113,SAT,Dangi,5.4,209,38.73,0.17,38.6,407.0,9.6,283.8,-9.2,112.1,-12.1,Healthy,Healthy,-1.0
MAH-SAT-TAG-1113,SAT,Dangi,5.4,254,38.84,0.12,38.61,414.1,8.0,286.0,-10.0,116.3,-16.3,Healthy,Healthy,-1.0
MAH-NAS-TAG-1114,NAS,Dangi,8.3,156,38.84,-0.03,38.46,431.9,4.0,279.8,-7.6,111.5,-11.5,Healthy,Healthy,-1.0
MAH-NAS-TAG-1114,NAS,Dangi,8.3,233,38.26,-0.27,38.41,329.5,26.8,224.6,13.6,102.2,-2.2,Sub-clinical,Ketosis,1.9
MAH-NAS-TAG-1114,NAS,Dangi,8.3,267,38.13,0.04,38.34,335.4,25.5,192.0,26.2,74.4,25.6,Sub-clinical,Ketosis,0.5
MAH-NAS-TAG-1114,NAS,Dangi,8.3,314,37.83,0.11,38.16,234.7,47.8,133.0,48.8,57.9,42.1,Clinical,Ketosis,0.0
MAH-SAN-TAG-1115,SAN,Murrah Buffalo,7.8,86,38.61,-0.1,38.37,421.8,6.3,298.5,-14.8,106.0,-6.0,Healthy,Healthy,-1.0
MAH-SAN-TAG-1115,SAN,Murrah Buffalo,7.8,160,38.86,0.26,38.56,369.8,17.8,262.6,-1.0,104.2,-4.2,Sub-clinical,Mastitis,1.6
MAH-SAN-TAG-1115,SAN,Murrah Buffalo,7.8,189,38.76,0.27,38.94,328.0,27.1,232.0,10.8,71.7,28.3,Sub-clinical,Mastitis,0.4
MAH-SAN-TAG-1115,SAN,Murrah Buffalo,7.8,235,39.63,0.27,39.6,250.3,44.4,212.7,18.2,70.4,29.6,Clinical,Mastitis,0.0
MAH-PUN-TAG-1116,PUN,Murrah Buffalo,5.0,144,37.82,-0.09,38.27,418.8,6.9,237.7,8.6,85.1,14.9,Healthy,Healthy,-1.0
MAH-PUN-TAG-1116,PUN,Murrah Buffalo,5.0,219,38.0,-0.05,38.22,380.3,15.5,226.4,12.9,84.2,15.8,Sub-clinical,Ketosis,1.8
MAH-PUN-TAG-1116,PUN,Murrah Buffalo,5.0,251,38.48,-0.02,38.17,304.9,32.2,229.6,11.7,99.9,0.1,Sub-clinical,Ketosis,0.4
MAH-PUN-TAG-1116,PUN,Murrah Buffalo,5.0,297,38.25,-0.04,38.02,250.4,44.4,175.7,32.4,84.9,15.1,Clinical,Ketosis,0.0
MAH-PUN-TAG-1117,PUN,Murrah Buffalo,6.1,81,38.59,-0.05,38.36,488.3,-8.5,290.6,-11.8,115.6,-15.6,Healthy,Healthy,-1.0
MAH-PUN-TAG-1117,PUN,Murrah Buffalo,6.1,151,38.79,0.32,38.5,458.8,-2.0,253.7,2.4,103.1,-3.1,Sub-clinical,BRD,1.4
MAH-PUN-TAG-1117,PUN,Murrah Buffalo,6.1,176,39.28,0.47,38.88,407.2,9.5,230.3,11.4,99.6,0.4,Sub-clinical,BRD,0.4
MAH-PUN-TAG-1117,PUN,Murrah Buffalo,6.1,220,39.49,0.22,39.54,334.0,25.8,180.1,30.7,73.8,26.2,Clinical,BRD,0.0
MAH-KOL-TAG-1118,KOL,Dangi,6.5,136,38.84,-0.06,38.72,450.6,-0.1,272.5,-4.8,108.2,-8.2,Healthy,Healthy,-1.0
MAH-KOL-TAG-1118,KOL,Dangi,6.5,213,38.84,0.26,38.89,407.2,9.5,231.3,11.0,86.3,13.7,Sub-clinical,BRD,1.8
MAH-KOL-TAG-1118,KOL,Dangi,6.5,246,39.45,0.29,39.3,415.4,7.7,232.9,10.4,89.1,10.9,Sub-clinical,BRD,0.4
MAH-KOL-TAG-1118,KOL,Dangi,6.5,292,39.92,0.26,39.89,345.3,23.3,183.1,29.6,74.0,26.0,Clinical,BRD,0.0
MAH-KOL-TAG-1119,KOL,HF Cross,3.4,74,38.24,0.18,38.39,462.1,1.7,230.6,11.3,82.2,17.8,Healthy,Healthy,-1.0
MAH-KOL-TAG-1119,KOL,HF Cross,3.4,146,38.02,-0.04,38.38,465.3,1.0,227.5,12.5,82.8,17.2,Healthy,Healthy,-1.0
MAH-KOL-TAG-1119,KOL,HF Cross,3.4,173,38.37,-0.02,38.38,473.4,-0.7,251.2,3.4,90.7,9.3,Healthy,Healthy,-1.0
MAH-KOL-TAG-1119,KOL,HF Cross,3.4,218,38.19,0.12,38.41,453.3,3.6,239.5,7.9,81.6,18.4,Healthy,Healthy,-1.0
MAH-PUN-TAG-1120,PUN,Khillari,7.7,132,39.02,-0.02,38.62,410.6,8.8,271.8,-4.5,124.0,-24.0,Healthy,Healthy,-1.0
MAH-PUN-TAG-1120,PUN,Khillari,7.7,205,39.36,0.45,38.85,361.1,19.8,248.3,4.5,106.2,-6.2,Sub-clinical,LSD,1.7
MAH-PUN-TAG-1120,PUN,Khillari,7.7,235,39.32,0.3,39.27,321.4,28.6,196.8,24.3,89.1,10.9,Sub-clinical,LSD,0.4
MAH-PUN-TAG-1120,PUN,Khillari,7.7,280,40.22,0.11,39.94,261.7,41.8,177.6,31.7,73.9,26.1,Clinical,LSD,0.0
MAH-KOL-TAG-1121,KOL,Red Kandhari,2.2,100,38.3,-0.14,38.64,471.7,-4.8,236.1,9.2,100.1,-0.1,Healthy,Healthy,-1.0
MAH-KOL-TAG-1121,KOL,Red Kandhari,2.2,168,38.75,0.56,38.77,411.8,8.5,202.3,22.2,83.8,16.2,Sub-clinical,Mastitis,1.3
MAH-KOL-TAG-1121,KOL,Red Kandhari,2.2,191,38.82,0.17,39.15,350.4,22.1,188.4,27.5,87.1,12.9,Sub-clinical,Mastitis,0.3
MAH-KOL-TAG-1121,KOL,Red Kandhari,2.2,235,39.98,0.28,39.86,258.3,42.6,175.6,32.5,87.7,12.3,Clinical,Mastitis,0.0
MAH-PUN-TAG-1122,PUN,Dangi,2.4,81,38.97,-0.01,38.71,507.5,-12.8,288.1,-10.8,125.8,-25.8,Healthy,Healthy,-1.0
MAH-PUN-TAG-1122,PUN,Dangi,2.4,159,38.9,-0.12,38.7,413.2,8.2,270.3,-4.0,101.1,-1.1,Sub-clinical,Ketosis,1.9
MAH-PUN-TAG-1122,PUN,Dangi,2.4,192,38.32,-0.04,38.57,369.4,17.9,201.9,22.3,74.9,25.1,Sub-clinical,Ketosis,0.5
MAH-PUN-TAG-1122,PUN,Dangi,2.4,240,38.11,0.12,38.41,279.3,37.9,155.7,40.1,61.4,38.6,Clinical,Ketosis,0.0
MAH-AHM-TAG-1123,AHM,Red Kandhari,8.8,110,38.7,-0.14,38.43,443.9,1.4,275.1,-5.8,103.4,-3.4,Healthy,Healthy,-1.0
MAH-AHM-TAG-1123,AHM,Red Kandhari,8.8,178,38.51,-0.21,38.42,428.4,4.8,249.7,4.0,102.2,-2.2,Sub-clinical,Ketosis,1.3
MAH-AHM-TAG-1123,AHM,Red Kandhari,8.8,201,38.57,-0.04,38.35,365.0,18.9,214.2,17.6,92.3,7.7,Sub-clinical,Ketosis,0.3
MAH-AHM-TAG-1123,AHM,Red Kandhari,8.8,244,37.91,0.0,38.16,295.9,34.2,143.3,44.9,55.8,44.2,Clinical,Ketosis,0.0
MAH-SAT-TAG-1124,SAT,Khillari,3.0,100,38.34,-0.04,38.59,479.1,-6.5,261.7,-0.7,98.2,1.8,Healthy,Healthy,-1.0
MAH-SAT-TAG-1124,SAT,Khillari,3.0,178,39.27,0.43,38.79,448.6,0.3,270.2,-3.9,100.0,0.0,Sub-clinical,LSD,1.9
MAH-SAT-TAG-1124,SAT,Khillari,3.0,212,39.13,0.24,39.22,357.9,20.5,219.7,15.5,71.1,28.9,Sub-clinical,LSD,0.5
MAH-SAT-TAG-1124,SAT,Khillari,3.0,259,39.97,0.36,39.87,293.1,34.9,187.0,28.1,67.7,32.3,Clinical,LSD,0.0
MAH-SAN-TAG-1125,SAN,HF Cross,7.3,64,38.74,0.15,38.59,486.7,-3.6,258.0,0.8,108.7,-8.7,Healthy,Healthy,-1.0
MAH-SAN-TAG-1125,SAN,HF Cross,7.3,131,39.31,0.29,38.75,475.3,-1.1,246.6,5.2,105.2,-5.2,Sub-clinical,BRD,1.1
MAH-SAN-TAG-1125,SAN,HF Cross,7.3,151,39.47,0.66,39.1,461.7,1.8,215.4,17.2,85.3,14.7,Sub-clinical,BRD,0.3
MAH-SAN-TAG-1125,SAN,HF Cross,7.3,194,39.44,-0.01,39.76,386.5,17.8,163.4,37.2,53.9,46.1,Clinical,BRD,0.0
MAH-SAT-TAG-1126,SAT,Gir Cross,7.1,153,38.91,0.14,38.6,515.3,-9.6,266.9,-2.7,113.8,-13.8,Healthy,Healthy,-1.0
MAH-SAT-TAG-1126,SAT,Gir Cross,7.1,223,38.6,-0.12,38.64,508.8,-8.3,253.8,2.4,99.2,0.8,Healthy,Healthy,-1.0
MAH-SAT-TAG-1126,SAT,Gir Cross,7.1,248,38.76,0.18,38.62,501.9,-6.8,259.9,0.0,105.7,-5.7,Healthy,Healthy,-1.0
MAH-SAT-TAG-1126,SAT,Gir Cross,7.1,292,38.48,-0.11,38.62,497.7,-5.9,248.0,4.6,86.2,13.8,Healthy,Healthy,-1.0
MAH-KOL-TAG-1127,KOL,Murrah Buffalo,2.9,98,37.8,-0.07,38.16,444.3,1.3,243.4,6.4,90.7,9.3,Healthy,Healthy,-1.0
MAH-KOL-TAG-1127,KOL,Murrah Buffalo,2.9,170,38.14,0.22,38.31,397.8,11.6,231.9,10.8,78.5,21.5,Sub-clinical,BRD,1.5
MAH-KOL-TAG-1127,KOL,Murrah Buffalo,2.9,197,38.71,0.24,38.69,385.2,14.4,223.8,13.9,72.5,27.5,Sub-clinical,BRD,0.4
MAH-KOL-TAG-1127,KOL,Murrah Buffalo,2.9,242,39.19,0.18,39.29,279.9,37.8,167.4,35.6,53.0,47.0,Clinical,BRD,0.0
MAH-AHM-TAG-1128,AHM,Gir Cross,4.2,52,38.36,0.05,38.55,488.4,-3.9,274.6,-5.6,100.7,-0.7,Healthy,Healthy,-1.0
MAH-AHM-TAG-1128,AHM,Gir Cross,4.2,130,39.16,0.18,38.79,423.8,9.8,290.4,-11.7,112.8,-12.8,Sub-clinical,LSD,1.9
MAH-AHM-TAG-1128,AHM,Gir Cross,4.2,164,39.17,0.22,39.25,346.6,26.3,234.9,9.7,78.4,21.6,Sub-clinical,LSD,0.5
MAH-AHM-TAG-1128,AHM,Gir Cross,4.2,211,39.91,0.38,39.85,283.5,39.7,202.7,22.0,66.6,33.4,Clinical,LSD,0.0
MAH-SAT-TAG-1129,SAT,HF Cross,5.2,93,38.06,0.11,38.26,460.9,1.9,290.5,-11.7,98.2,1.8,Healthy,Healthy,-1.0
MAH-SAT-TAG-1129,SAT,HF Cross,5.2,171,38.08,-0.02,38.26,497.7,-5.9,283.6,-9.1,100.8,-0.8,Healthy,Healthy,-1.0
MAH-SAT-TAG-1129,SAT,HF Cross,5.2,204,38.68,-0.09,38.32,475.1,-1.1,319.9,-23.0,126.9,-26.9,Healthy,Healthy,-1.0
MAH-SAT-TAG-1129,SAT,HF Cross,5.2,252,38.69,0.03,38.31,472.3,-0.5,326.7,-25.7,123.2,-23.2,Healthy,Healthy,-1.0
MAH-SAN-TAG-1130,SAN,Murrah Buffalo,5.5,81,38.83,0.1,38.55,411.9,8.5,276.2,-6.2,112.1,-12.1,Healthy,Healthy,-1.0
MAH-SAN-TAG-1130,SAN,Murrah Buffalo,5.5,150,38.53,0.16,38.53,434.4,3.5,261.4,-0.5,97.0,3.0,Healthy,Healthy,-1.0
MAH-SAN-TAG-1130,SAN,Murrah Buffalo,5.5,174,38.45,-0.08,38.51,432.1,4.0,268.9,-3.4,95.9,4.1,Healthy,Healthy,-1.0
MAH-SAN-TAG-1130,SAN,Murrah Buffalo,5.5,218,38.24,0.11,38.49,422.7,6.1,247.6,4.8,85.2,14.8,Healthy,Healthy,-1.0
MAH-NAS-TAG-1131,NAS,Gir Cross,2.3,52,38.57,0.21,38.72,503.5,-7.1,241.0,7.3,91.4,8.6,Healthy,Healthy,-1.0
MAH-NAS-TAG-1131,NAS,Gir Cross,2.3,122,38.84,0.54,38.87,464.5,1.2,217.9,16.2,76.5,23.5,Sub-clinical,LSD,1.4
MAH-NAS-TAG-1131,NAS,Gir Cross,2.3,147,39.18,0.37,39.31,437.3,7.0,198.4,23.7,67.4,32.6,Sub-clinical,LSD,0.4
MAH-NAS-TAG-1131,NAS,Gir Cross,2.3,192,39.99,0.59,40.05,342.8,27.1,155.7,40.1,43.5,56.5,Clinical,LSD,0.0
MAH-SAT-TAG-1132,SAT,Murrah Buffalo,2.7,88,38.51,-0.09,38.38,428.8,4.7,266.3,-2.4,108.9,-8.9,Healthy,Healthy,-1.0
MAH-SAT-TAG-1132,SAT,Murrah Buffalo,2.7,163,38.53,0.21,38.57,375.5,16.6,236.5,9.0,88.7,11.3,Sub-clinical,Mastitis,1.7
MAH-SAT-TAG-1132,SAT,Murrah Buffalo,2.7,193,38.75,0.26,38.93,365.3,18.8,203.8,21.6,78.0,22.0,Sub-clinical,Mastitis,0.5
MAH-SAT-TAG-1132,SAT,Murrah Buffalo,2.7,240,39.5,0.47,39.59,274.9,38.9,170.0,34.6,60.6,39.4,Clinical,Mastitis,0.0
MAH-SOL-TAG-1133,SOL,Gir Cross,8.3,129,38.84,-0.03,38.51,494.0,-5.1,256.9,1.2,106.6,-6.6,Healthy,Healthy,-1.0
MAH-SOL-TAG-1133,SOL,Gir Cross,8.3,199,39.15,0.51,38.74,430.5,8.4,225.5,13.3,91.8,8.2,Sub-clinical,FMD,1.4
MAH-SOL-TAG-1133,SOL,Gir Cross,8.3,224,39.7,0.56,39.28,380.3,19.1,193.2,25.7,75.4,24.6,Sub-clinical,FMD,0.4
MAH-SOL-TAG-1133,SOL,Gir Cross,8.3,268,40.38,0.53,40.22,278.0,40.9,105.4,59.5,49.3,50.7,Clinical,FMD,0.0
MAH-SOL-TAG-1134,SOL,Dangi,7.8,100,38.63,0.19,38.64,467.4,-3.9,223.1,14.2,88.1,11.9,Healthy,Healthy,-1.0
MAH-SOL-TAG-1134,SOL,Dangi,7.8,167,38.84,0.53,38.82,375.3,16.6,165.2,36.5,72.1,27.9,Sub-clinical,FMD,1.1
MAH-SOL-TAG-1134,SOL,Dangi,7.8,187,39.6,0.74,39.35,283.6,37.0,152.3,41.4,73.5,26.5,Sub-clinical,FMD,0.3
MAH-SOL-TAG-1134,SOL,Dangi,7.8,230,40.94,0.41,40.39,192.5,57.2,105.4,59.5,71.5,28.5,Clinical,FMD,0.0
MAH-SOL-TAG-1135,SOL,Red Kandhari,4.3,69,38.46,0.17,38.51,409.6,9.0,266.5,-2.5,98.8,1.2,Healthy,Healthy,-1.0
MAH-SOL-TAG-1135,SOL,Red Kandhari,4.3,138,38.65,0.21,38.51,389.5,13.4,268.4,-3.2,109.5,-9.5,Healthy,Healthy,-1.0
MAH-SOL-TAG-1135,SOL,Red Kandhari,4.3,162,38.62,-0.03,38.55,384.5,14.6,283.4,-9.0,111.4,-11.4,Healthy,Healthy,-1.0
MAH-SOL-TAG-1135,SOL,Red Kandhari,4.3,206,38.87,0.06,38.56,421.9,6.2,299.6,-15.2,122.3,-22.3,Healthy,Healthy,-1.0
MAH-KOL-TAG-1136,KOL,Red Kandhari,8.4,91,38.46,0.19,38.48,406.7,9.6,264.0,-1.5,90.0,10.0,Healthy,Healthy,-1.0
MAH-KOL-TAG-1136,KOL,Red Kandhari,8.4,161,38.4,-0.1,38.49,397.4,11.7,266.8,-2.6,103.7,-3.7,Healthy,Healthy,-1.0
MAH-KOL-TAG-1136,KOL,Red Kandhari,8.4,186,38.5,0.05,38.49,410.5,8.8,276.6,-6.4,88.8,11.2,Healthy,Healthy,-1.0
MAH-KOL-TAG-1136,KOL,Red Kandhari,8.4,230,38.88,-0.04,38.52,414.8,7.8,292.6,-12.5,111.6,-11.6,Healthy,Healthy,-1.0
MAH-PUN-TAG-1137,PUN,HF Cross,5.6,117,38.25,0.02,38.46,419.1,10.8,207.2,20.3,94.6,5.4,Healthy,Healthy,-1.0
MAH-PUN-TAG-1137,PUN,HF Cross,5.6,194,38.66,0.5,38.72,425.0,9.6,186.8,28.2,89.3,10.7,Sub-clinical,LSD,1.8
MAH-PUN-TAG-1137,PUN,HF Cross,5.6,226,39.62,0.25,39.14,376.8,19.8,192.3,26.0,102.5,-2.5,Sub-clinical,LSD,0.5
MAH-PUN-TAG-1137,PUN,HF Cross,5.6,273,40.24,0.26,39.82,317.9,32.4,149.9,42.3,85.5,14.5,Clinical,LSD,0.0
MAH-NAS-TAG-1138,NAS,HF Cross,6.5,148,38.31,-0.08,38.52,477.4,-1.6,230.8,11.2,87.0,13.0,Healthy,Healthy,-1.0
MAH-NAS-TAG-1138,NAS,HF Cross,6.5,224,38.74,0.06,38.54,466.0,0.9,248.8,4.3,99.9,0.1,Healthy,Healthy,-1.0
MAH-NAS-TAG-1138,NAS,HF Cross,6.5,255,38.71,-0.1,38.54,429.1,8.7,267.7,-3.0,108.9,-8.9,Healthy,Healthy,-1.0
MAH-NAS-TAG-1138,NAS,HF Cross,6.5,302,38.84,0.08,38.53,424.0,9.8,266.7,-2.6,114.5,-14.5,Healthy,Healthy,-1.0
MAH-AHM-TAG-1139,AHM,Red Kandhari,3.7,146,38.3,0.03,38.57,449.2,0.2,230.4,11.4,82.6,17.4,Healthy,Healthy,-1.0
MAH-AHM-TAG-1139,AHM,Red Kandhari,3.7,218,38.63,0.27,38.74,406.1,9.8,216.6,16.7,65.6,34.4,Sub-clinical,Mastitis,1.5
MAH-AHM-TAG-1139,AHM,Red Kandhari,3.7,245,39.33,0.4,39.15,366.7,18.5,217.5,16.3,81.4,18.6,Sub-clinical,Mastitis,0.4
MAH-AHM-TAG-1139,AHM,Red Kandhari,3.7,290,39.79,0.48,39.81,285.9,36.5,162.0,37.7,54.6,45.4,Clinical,Mastitis,0.0
MAH-SAN-TAG-1140,SAN,Khillari,2.9,160,38.65,-0.08,38.45,411.4,8.6,265.5,-2.1,112.4,-12.4,Healthy,Healthy,-1.0
MAH-SAN-TAG-1140,SAN,Khillari,2.9,230,38.77,-0.18,38.45,439.4,2.4,270.4,-4.0,112.8,-12.8,Healthy,Healthy,-1.0
MAH-SAN-TAG-1140,SAN,Khillari,2.9,255,38.63,-0.1,38.45,420.2,6.6,270.2,-3.9,109.5,-9.5,Healthy,Healthy,-1.0
MAH-SAN-TAG-1140,SAN,Khillari,2.9,300,38.78,-0.04,38.47,455.8,-1.3,282.4,-8.6,108.2,-8.2,Healthy,Healthy,-1.0
MAH-SAN-TAG-1141,SAN,Khillari,4.2,144,37.93,-0.23,38.39,449.9,0.0,260.2,-0.1,81.4,18.6,Healthy,Healthy,-1.0
MAH-SAN-TAG-1141,SAN,Khillari,4.2,216,38.18,0.1,38.42,457.5,-1.7,250.6,3.6,92.6,7.4,Healthy,Healthy,-1.0
MAH-SAN-TAG-1141,SAN,Khillari,4.2,243,38.29,0.01,38.42,479.0,-6.4,264.7,-1.8,87.6,12.4,Healthy,Healthy,-1.0
MAH-SAN-TAG-1141,SAN,Khillari,4.2,288,38.21,0.15,38.41,441.4,1.9,266.4,-2.5,83.6,16.4,Healthy,Healthy,-1.0
MAH-PUN-TAG-1142,PUN,Dangi,7.6,69,38.33,-0.14,38.66,450.4,-0.1,240.6,7.5,79.5,20.5,Healthy,Healthy,-1.0
MAH-PUN-TAG-1142,PUN,Dangi,7.6,141,38.76,0.32,38.84,414.0,8.0,211.7,18.6,80.5,19.5,Sub-clinical,BRD,1.5
MAH-PUN-TAG-1142,PUN,Dangi,7.6,168,39.03,0.38,39.2,383.4,14.8,195.2,24.9,60.2,39.8,Sub-clinical,BRD,0.4
MAH-PUN-TAG-1142,PUN,Dangi,7.6,213,39.79,0.32,39.85,312.4,30.6,154.9,40.4,56.0,44.0,Clinical,BRD,0.0
MAH-NAS-TAG-1143,NAS,HF Cross,4.4,158,39.35,0.01,38.97,435.3,7.4,274.6,-5.6,114.1,-14.1,Healthy,Healthy,-1.0
MAH-NAS-TAG-1143,NAS,HF Cross,4.4,232,39.39,0.33,39.16,385.1,18.1,247.9,4.7,101.2,-1.2,Sub-clinical,LSD,1.6
MAH-NAS-TAG-1143,NAS,HF Cross,4.4,261,39.5,0.34,39.57,345.6,26.5,197.1,24.2,72.6,27.4,Sub-clinical,LSD,0.4
MAH-NAS-TAG-1143,NAS,HF Cross,4.4,307,40.31,0.29,40.25,270.8,42.4,169.5,34.8,69.9,30.1,Clinical,LSD,0.0
MAH-KOL-TAG-1144,KOL,HF Cross,6.0,55,38.7,0.02,38.55,506.4,-7.7,286.0,-10.0,103.7,-3.7,Healthy,Healthy,-1.0
MAH-KOL-TAG-1144,KOL,HF Cross,6.0,128,39.04,0.12,38.77,459.3,2.3,277.1,-6.6,103.1,-3.1,Sub-clinical,Mastitis,1.6
MAH-KOL-TAG-1144,KOL,HF Cross,6.0,156,39.65,0.42,39.15,365.5,22.2,263.1,-1.2,105.0,-5.0,Sub-clinical,Mastitis,0.4
MAH-KOL-TAG-1144,KOL,HF Cross,6.0,201,40.31,0.37,39.81,324.6,30.9,229.1,11.9,91.8,8.2,Clinical,Mastitis,0.0
MAH-SAN-TAG-1145,SAN,Murrah Buffalo,6.1,160,38.51,-0.08,38.44,404.4,10.1,296.9,-14.2,110.0,-10.0,Healthy,Healthy,-1.0
MAH-SAN-TAG-1145,SAN,Murrah Buffalo,6.1,238,37.99,-0.14,38.39,367.3,18.4,238.0,8.5,81.4,18.6,Sub-clinical,Ketosis,1.9
MAH-SAN-TAG-1145,SAN,Murrah Buffalo,6.1,272,38.36,-0.07,38.3,331.0,26.4,229.7,11.7,91.5,8.5,Sub-clinical,Ketosis,0.5
MAH-SAN-TAG-1145,SAN,Murrah Buffalo,6.1,319,38.19,-0.03,38.16,248.0,44.9,186.9,28.1,77.6,22.4,Clinical,Ketosis,0.0
MAH-SAT-TAG-1146,SAT,Dangi,4.3,144,38.38,0.12,38.63,462.2,-2.7,232.7,10.5,77.4,22.6,Healthy,Healthy,-1.0
MAH-SAT-TAG-1146,SAT,Dangi,4.3,219,38.67,0.27,38.82,458.5,-1.9,222.3,14.5,66.6,33.4,Sub-clinical,LSD,1.8
MAH-SAT-TAG-1146,SAT,Dangi,4.3,251,39.87,0.46,39.29,394.5,12.3,235.2,9.5,85.8,14.2,Sub-clinical,LSD,0.4
MAH-SAT-TAG-1146,SAT,Dangi,4.3,297,40.35,0.46,39.94,345.4,23.2,211.2,18.8,63.7,36.3,Clinical,LSD,0.0
MAH-SOL-TAG-1147,SOL,Murrah Buffalo,8.0,120,37.95,-0.07,38.31,437.0,2.9,242.3,6.8,78.8,21.2,Healthy,Healthy,-1.0
MAH-SOL-TAG-1147,SOL,Murrah Buffalo,8.0,198,38.62,0.19,38.56,435.5,3.2,251.2,3.4,90.3,9.7,Sub-clinical,Mastitis,1.9
MAH-SOL-TAG-1147,SOL,Murrah Buffalo,8.0,233,39.18,0.37,38.93,314.0,30.2,239.0,8.1,88.6,11.4,Sub-clinical,Mastitis,0.5
MAH-SOL-TAG-1147,SOL,Murrah Buffalo,8.0,280,39.86,0.29,39.56,244.7,45.6,206.7,20.5,85.2,14.8,Clinical,Mastitis,0.0
MAH-AHM-TAG-1148,AHM,HF Cross,8.0,122,38.35,0.02,38.67,481.5,-2.4,231.0,11.2,99.4,0.6,Healthy,Healthy,-1.0
MAH-AHM-TAG-1148,AHM,HF Cross,8.0,198,38.68,0.0,38.61,427.2,9.1,218.5,16.0,102.9,-2.9,Sub-clinical,Ketosis,1.8
MAH-AHM-TAG-1148,AHM,HF Cross,8.0,229,38.97,0.13,38.56,328.5,30.1,208.0,20.0,111.0,-11.0,Sub-clinical,Ketosis,0.5
MAH-AHM-TAG-1148,AHM,HF Cross,8.0,276,38.66,-0.03,38.37,230.0,51.1,153.3,41.0,94.0,6.0,Clinical,Ketosis,0.0
MAH-KOL-TAG-1149,KOL,Gir Cross,8.7,132,38.83,-0.14,38.6,483.1,-2.8,252.3,3.0,113.1,-13.1,Healthy,Healthy,-1.0
MAH-KOL-TAG-1149,KOL,Gir Cross,8.7,205,38.9,-0.05,38.6,484.8,-3.1,258.5,0.6,108.1,-8.1,Healthy,Healthy,-1.0
MAH-KOL-TAG-1149,KOL,Gir Cross,8.7,235,38.44,0.04,38.58,471.2,-0.3,238.1,8.4,96.1,3.9,Healthy,Healthy,-1.0
MAH-KOL-TAG-1149,KOL,Gir Cross,8.7,280,38.8,0.11,38.59,470.3,-0.1,244.1,6.1,101.8,-1.8,Healthy,Healthy,-1.0
MAH-PUN-TAG-1150,PUN,Dangi,7.7,50,38.06,-0.14,38.39,464.9,-3.3,237.0,8.8,91.7,8.3,Healthy,Healthy,-1.0
MAH-PUN-TAG-1150,PUN,Dangi,7.7,128,38.92,0.22,38.62,427.6,5.0,238.3,8.3,103.4,-3.4,Sub-clinical,LSD,1.9
MAH-PUN-TAG-1150,PUN,Dangi,7.7,161,39.39,0.4,39.04,347.1,22.9,220.6,15.2,85.8,14.2,Sub-clinical,LSD,0.5
MAH-PUN-TAG-1150,PUN,Dangi,7.7,208,40.1,0.52,39.71,289.8,35.6,183.2,29.5,75.2,24.8,Clinical,LSD,0.0
MAH-NAS-TAG-1151,NAS,Murrah Buffalo,2.0,151,38.25,0.23,38.1,477.6,-6.1,250.3,3.7,101.7,-1.7,Healthy,Healthy,-1.0
MAH-NAS-TAG-1151,NAS,Murrah Buffalo,2.0,222,38.19,-0.03,38.12,466.6,-3.7,249.4,4.1,102.2,-2.2,Healthy,Healthy,-1.0
MAH-NAS-TAG-1151,NAS,Murrah Buffalo,2.0,248,38.4,0.21,38.14,473.8,-5.3,255.5,1.7,111.0,-11.0,Healthy,Healthy,-1.0
MAH-NAS-TAG-1151,NAS,Murrah Buffalo,2.0,292,37.9,0.03,38.11,477.7,-6.2,238.9,8.1,89.1,10.9,Healthy,Healthy,-1.0
MAH-PUN-TAG-1152,PUN,Dangi,8.2,60,38.84,0.09,38.47,443.0,1.6,288.3,-10.9,110.0,-10.0,Healthy,Healthy,-1.0
MAH-PUN-TAG-1152,PUN,Dangi,8.2,137,38.51,-0.06,38.45,416.1,7.5,265.0,-1.9,103.6,-3.6,Healthy,Healthy,-1.0
MAH-PUN-TAG-1152,PUN,Dangi,8.2,171,38.09,-0.04,38.41,471.3,-4.7,253.4,2.5,89.7,10.3,Healthy,Healthy,-1.0
MAH-PUN-TAG-1152,PUN,Dangi,8.2,218,38.06,-0.04,38.44,464.8,-3.3,251.9,3.1,83.2,16.8,Healthy,Healthy,-1.0
MAH-SOL-TAG-1153,SOL,Khillari,7.6,136,38.72,-0.03,38.63,428.1,4.9,291.4,-12.1,101.7,-1.7,Healthy,Healthy,-1.0
MAH-SOL-TAG-1153,SOL,Khillari,7.6,205,38.93,0.02,38.58,391.7,13.0,264.7,-1.8,106.6,-6.6,Sub-clinical,Ketosis,1.4
MAH-SOL-TAG-1153,SOL,Khillari,7.6,229,38.72,-0.21,38.49,319.6,29.0,222.1,14.6,97.8,2.2,Sub-clinical,Ketosis,0.4
MAH-SOL-TAG-1153,SOL,Khillari,7.6,273,38.62,-0.14,38.34,268.4,40.4,169.5,34.8,82.3,17.7,Clinical,Ketosis,0.0
MAH-AHM-TAG-1154,AHM,Dangi,6.5,129,38.98,-0.03,38.71,483.6,-7.5,301.9,-16.1,92.3,7.7,Healthy,Healthy,-1.0
MAH-AHM-TAG-1154,AHM,Dangi,6.5,197,39.18,0.48,38.88,417.8,7.2,234.1,10.0,81.4,18.6,Sub-clinical,FMD,1.3
MAH-AHM-TAG-1154,AHM,Dangi,6.5,220,39.59,0.57,39.44,355.4,21.0,194.8,25.1,56.2,43.8,Sub-clinical,FMD,0.3
MAH-AHM-TAG-1154,AHM,Dangi,6.5,264,40.27,0.38,40.4,234.2,48.0,111.9,57.0,26.0,74.0,Clinical,FMD,0.0
MAH-KOL-TAG-1155,KOL,Dangi,2.2,88,38.77,-0.15,38.71,396.3,11.9,286.0,-10.0,95.2,4.8,Healthy,Healthy,-1.0
MAH-KOL-TAG-1155,KOL,Dangi,2.2,162,38.77,0.12,38.67,389.9,13.4,268.4,-3.2,86.2,13.8,Healthy,Healthy,-1.0
MAH-KOL-TAG-1155,KOL,Dangi,2.2,191,38.42,0.03,38.68,434.6,3.4,250.1,3.8,71.6,28.4,Healthy,Healthy,-1.0
MAH-KOL-TAG-1155,KOL,Dangi,2.2,237,38.46,0.09,38.66,421.7,6.3,253.6,2.5,83.5,16.5,Healthy,Healthy,-1.0
MAH-SOL-TAG-1156,SOL,Dangi,7.8,60,38.83,-0.06,38.65,438.4,2.6,277.8,-6.8,116.8,-16.8,Healthy,Healthy,-1.0
MAH-SOL-TAG-1156,SOL,Dangi,7.8,131,39.32,0.32,38.87,382.4,15.0,275.1,-5.8,116.1,-16.1,Sub-clinical,Mastitis,1.4
MAH-SOL-TAG-1156,SOL,Dangi,7.8,156,39.82,0.41,39.23,332.3,26.2,235.2,9.5,107.9,-7.9,Sub-clinical,Mastitis,0.4
MAH-SOL-TAG-1156,SOL,Dangi,7.8,201,40.33,0.31,39.87,282.5,37.2,203.7,21.7,93.5,6.5,Clinical,Mastitis,0.0
MAH-SAT-TAG-1157,SAT,Khillari,3.5,72,37.96,-0.17,38.29,462.2,-2.7,242.4,6.8,83.4,16.6,Healthy,Healthy,-1.0
MAH-SAT-TAG-1157,SAT,Khillari,3.5,149,38.36,0.17,38.31,504.3,-12.1,257.1,1.1,87.8,12.2,Healthy,Healthy,-1.0
MAH-SAT-TAG-1157,SAT,Khillari,3.5,183,38.68,0.05,38.31,450.7,-0.2,280.1,-7.7,108.0,-8.0,Healthy,Healthy,-1.0
MAH-SAT-TAG-1157,SAT,Khillari,3.5,230,38.59,-0.07,38.32,460.4,-2.3,273.4,-5.2,110.9,-10.9,Healthy,Healthy,-1.0
MAH-KOL-TAG-1158,KOL,Gir Cross,8.8,148,38.03,0.05,38.31,488.6,-4.0,264.8,-1.8,97.1,2.9,Healthy,Healthy,-1.0
MAH-KOL-TAG-1158,KOL,Gir Cross,8.8,215,38.28,0.3,38.46,414.9,11.7,243.2,6.5,89.5,10.5,Sub-clinical,LSD,1.1
MAH-KOL-TAG-1158,KOL,Gir Cross,8.8,235,39.05,0.6,38.88,364.4,22.5,218.9,15.8,82.2,17.8,Sub-clinical,LSD,0.3
MAH-KOL-TAG-1158,KOL,Gir Cross,8.8,278,39.97,0.3,39.63,311.2,33.8,218.6,15.9,84.1,15.9,Clinical,LSD,0.0
MAH-KOL-TAG-1159,KOL,HF Cross,5.2,91,38.66,-0.14,38.79,448.7,4.5,213.7,17.8,98.6,1.4,Healthy,Healthy,-1.0
MAH-KOL-TAG-1159,KOL,HF Cross,5.2,156,39.3,0.08,38.87,471.6,-0.3,260.1,-0.0,111.3,-11.3,Healthy,Healthy,-1.0
MAH-KOL-TAG-1159,KOL,HF Cross,5.2,175,38.99,0.19,38.85,510.0,-8.5,231.9,10.8,102.3,-2.3,Healthy,Healthy,-1.0
MAH-KOL-TAG-1159,KOL,HF Cross,5.2,218,38.49,0.05,38.82,487.3,-3.7,214.8,17.4,83.5,16.5,Healthy,Healthy,-1.0
MAH-NAS-TAG-1160,NAS,HF Cross,8.7,79,38.48,-0.12,38.45,518.6,-10.3,276.3,-6.3,96.8,3.2,Healthy,Healthy,-1.0
MAH-NAS-TAG-1160,NAS,HF Cross,8.7,146,38.44,0.08,38.57,441.5,6.1,229.6,11.7,76.9,23.1,Sub-clinical,BRD,1.2
MAH-NAS-TAG-1160,NAS,HF Cross,8.7,168,38.85,0.48,38.93,398.6,15.2,214.0,17.7,71.1,28.9,Sub-clinical,BRD,0.3
MAH-NAS-TAG-1160,NAS,HF Cross,8.7,211,39.74,0.47,39.61,310.5,33.9,179.9,30.8,61.2,38.8,Clinical,BRD,0.0
MAH-KOL-TAG-1161,KOL,Khillari,5.2,50,37.96,-0.13,38.31,457.5,-1.7,234.0,10.0,84.8,15.2,Healthy,Healthy,-1.0
MAH-KOL-TAG-1161,KOL,Khillari,5.2,129,38.41,-0.11,38.28,416.2,7.5,249.6,4.0,97.4,2.6,Sub-clinical,Ketosis,1.9
MAH-KOL-TAG-1161,KOL,Khillari,5.2,163,38.03,-0.14,38.21,310.5,31.0,191.3,26.4,75.9,24.1,Sub-clinical,Ketosis,0.5
MAH-KOL-TAG-1161,KOL,Khillari,5.2,211,38.0,0.0,38.1,214.9,52.2,161.0,38.1,72.7,27.3,Clinical,Ketosis,0.0
MAH-KOL-TAG-1162,KOL,Red Kandhari,5.2,129,38.9,0.14,38.55,475.4,-5.6,273.6,-5.2,113.3,-13.3,Healthy,Healthy,-1.0
MAH-KOL-TAG-1162,KOL,Red Kandhari,5.2,195,38.16,-0.01,38.53,418.4,7.0,216.4,16.8,81.9,18.1,Sub-clinical,Ketosis,1.2
MAH-KOL-TAG-1162,KOL,Red Kandhari,5.2,216,38.06,-0.15,38.42,329.7,26.7,182.0,30.0,74.1,25.9,Sub-clinical,Ketosis,0.3
MAH-KOL-TAG-1162,KOL,Red Kandhari,5.2,259,38.16,-0.11,38.29,199.4,55.7,149.0,42.7,73.8,26.2,Clinical,Ketosis,0.0
MAH-SAN-TAG-1163,SAN,Dangi,6.3,79,38.75,-0.04,38.66,496.3,-10.3,275.6,-6.0,104.5,-4.5,Healthy,Healthy,-1.0
MAH-SAN-TAG-1163,SAN,Dangi,6.3,146,38.38,0.02,38.66,452.5,-0.6,249.1,4.2,86.5,13.5,Healthy,Healthy,-1.0
MAH-SAN-TAG-1163,SAN,Dangi,6.3,168,38.37,0.06,38.65,449.5,0.1,248.4,4.5,91.5,8.5,Healthy,Healthy,-1.0
MAH-SAN-TAG-1163,SAN,Dangi,6.3,211,38.54,0.0,38.65,430.0,4.4,262.0,-0.8,105.8,-5.8,Healthy,Healthy,-1.0
MAH-KOL-TAG-1164,KOL,HF Cross,4.4,50,38.45,0.05,38.6,500.6,-6.5,255.1,1.9,88.6,11.4,Healthy,Healthy,-1.0
MAH-KOL-TAG-1164,KOL,HF Cross,4.4,118,38.62,0.27,38.75,423.3,9.9,230.0,11.5,72.0,28.0,Sub-clinical,LSD,1.3
MAH-KOL-TAG-1164,KOL,HF Cross,4.4,141,39.1,0.4,39.14,390.2,17.0,199.2,23.4,66.0,34.0,Sub-clinical,LSD,0.3
MAH-KOL-TAG-1164,KOL,HF Cross,4.4,184,40.21,0.43,39.89,328.9,30.0,190.7,26.7,71.7,28.3,Clinical,LSD,0.0
MAH-SOL-TAG-1165,SOL,Gir Cross,8.9,134,38.96,0.11,38.57,446.4,5.0,311.4,-19.8,116.2,-16.2,Healthy,Healthy,-1.0
MAH-SOL-TAG-1165,SOL,Gir Cross,8.9,211,38.87,0.4,38.76,419.2,10.8,263.1,-1.2,94.5,5.5,Sub-clinical,BRD,1.8
MAH-SOL-TAG-1165,SOL,Gir Cross,8.9,243,39.0,0.29,39.14,403.8,14.1,223.9,13.9,70.4,29.6,Sub-clinical,BRD,0.5
MAH-SOL-TAG-1165,SOL,Gir Cross,8.9,290,39.59,0.26,39.72,343.2,27.0,197.7,24.0,56.7,43.3,Clinical,BRD,0.0
MAH-KOL-TAG-1166,KOL,Murrah Buffalo,2.6,62,38.78,0.08,38.47,416.1,7.5,245.1,5.7,104.2,-4.2,Healthy,Healthy,-1.0
MAH-KOL-TAG-1166,KOL,Murrah Buffalo,2.6,140,38.78,0.4,38.76,361.7,19.6,178.1,31.5,69.7,30.3,Sub-clinical,FMD,1.9
MAH-KOL-TAG-1166,KOL,Murrah Buffalo,2.6,173,39.42,0.44,39.29,351.7,21.8,157.4,39.5,65.0,35.0,Sub-clinical,FMD,0.5
MAH-KOL-TAG-1166,KOL,Murrah Buffalo,2.6,220,40.18,0.36,40.18,233.6,48.1,87.3,66.4,38.7,61.3,Clinical,FMD,0.0
MAH-PUN-TAG-1167,PUN,Murrah Buffalo,8.8,158,39.03,0.14,38.54,430.8,4.3,263.6,-1.4,104.7,-4.7,Healthy,Healthy,-1.0
MAH-PUN-TAG-1167,PUN,Murrah Buffalo,8.8,224,38.7,0.05,38.51,460.3,-2.3,260.7,-0.3,102.6,-2.6,Healthy,Healthy,-1.0
MAH-PUN-TAG-1167,PUN,Murrah Buffalo,8.8,245,38.34,-0.21,38.49,447.7,0.5,245.3,5.7,96.0,4.0,Healthy,Healthy,-1.0
MAH-PUN-TAG-1167,PUN,Murrah Buffalo,8.8,288,38.22,0.06,38.48,437.1,2.9,217.3,16.4,78.7,21.3,Healthy,Healthy,-1.0
MAH-AHM-TAG-1168,AHM,Khillari,7.4,117,38.31,0.18,38.45,419.6,6.8,266.0,-2.3,79.0,21.0,Healthy,Healthy,-1.0
MAH-AHM-TAG-1168,AHM,Khillari,7.4,193,37.96,-0.04,38.43,415.4,7.7,289.3,-11.3,73.3,26.7,Healthy,Healthy,-1.0
MAH-AHM-TAG-1168,AHM,Khillari,7.4,224,38.69,0.08,38.46,459.3,-2.1,300.5,-15.6,109.2,-9.2,Healthy,Healthy,-1.0
MAH-AHM-TAG-1168,AHM,Khillari,7.4,271,38.65,-0.14,38.45,459.7,-2.2,296.6,-14.1,105.3,-5.3,Healthy,Healthy,-1.0
MAH-KOL-TAG-1169,KOL,HF Cross,9.0,81,38.66,0.03,38.47,534.1,-13.6,283.0,-8.8,104.3,-4.3,Healthy,Healthy,-1.0
MAH-KOL-TAG-1169,KOL,HF Cross,9.0,148,38.35,-0.09,38.44,521.0,-10.9,273.4,-5.2,90.9,9.1,Healthy,Healthy,-1.0
MAH-KOL-TAG-1169,KOL,HF Cross,9.0,170,38.06,-0.13,38.44,524.1,-11.5,256.3,1.4,77.1,22.9,Healthy,Healthy,-1.0
MAH-KOL-TAG-1169,KOL,HF Cross,9.0,213,38.08,-0.18,38.44,488.9,-4.0,263.8,-1.5,86.4,13.6,Healthy,Healthy,-1.0
MAH-AHM-TAG-1170,AHM,Khillari,7.3,144,38.11,0.07,38.44,456.9,-1.5,230.9,11.2,88.1,11.9,Healthy,Healthy,-1.0
MAH-AHM-TAG-1170,AHM,Khillari,7.3,212,38.36,0.02,38.46,427.0,5.1,240.8,7.4,103.0,-3.0,Healthy,Healthy,-1.0
MAH-AHM-TAG-1170,AHM,Khillari,7.3,234,38.55,0.18,38.46,428.4,4.8,261.9,-0.7,103.8,-3.8,Healthy,Healthy,-1.0
MAH-AHM-TAG-1170,AHM,Khillari,7.3,278,38.74,-0.1,38.5,435.9,3.1,285.6,-9.8,120.5,-20.5,Healthy,Healthy,-1.0
MAH-AHM-TAG-1171,AHM,HF Cross,7.6,74,38.25,0.04,38.53,477.5,-1.6,252.4,2.9,77.0,23.0,Healthy,Healthy,-1.0
MAH-AHM-TAG-1171,AHM,HF Cross,7.6,140,38.67,0.53,38.6,411.1,12.5,248.0,4.6,70.3,29.7,Sub-clinical,LSD,1.2
MAH-AHM-TAG-1171,AHM,HF Cross,7.6,161,39.43,0.49,39.07,372.7,20.7,234.9,9.7,76.7,23.3,Sub-clinical,LSD,0.3
MAH-AHM-TAG-1171,AHM,HF Cross,7.6,204,40.35,0.23,39.84,337.9,28.1,215.7,17.0,72.1,27.9,Clinical,LSD,0.0
MAH-PUN-TAG-1172,PUN,Red Kandhari,7.8,108,38.7,-0.11,38.47,477.1,-6.0,281.5,-8.3,113.1,-13.1,Healthy,Healthy,-1.0
MAH-PUN-TAG-1172,PUN,Red Kandhari,7.8,181,38.91,0.07,38.49,466.9,-3.8,285.6,-9.8,110.4,-10.4,Healthy,Healthy,-1.0
MAH-PUN-TAG-1172,PUN,Red Kandhari,7.8,211,38.38,0.01,38.47,432.8,3.8,252.4,2.9,88.2,11.8,Healthy,Healthy,-1.0
MAH-PUN-TAG-1172,PUN,Red Kandhari,7.8,256,38.6,-0.03,38.46,441.9,1.8,268.6,-3.3,97.1,2.9,Healthy,Healthy,-1.0
MAH-SAT-TAG-1173,SAT,Dangi,6.2,139,38.25,0.02,38.37,462.4,-2.8,267.1,-2.7,93.5,6.5,Healthy,Healthy,-1.0
MAH-SAT-TAG-1173,SAT,Dangi,6.2,206,39.08,0.36,38.58,457.9,-1.8,274.9,-5.7,100.0,0.0,Sub-clinical,LSD,1.2
MAH-SAT-TAG-1173,SAT,Dangi,6.2,228,39.67,0.64,39.0,435.0,3.3,242.1,6.9,88.4,11.6,Sub-clinical,LSD,0.3
MAH-SAT-TAG-1173,SAT,Dangi,6.2,271,40.05,0.37,39.71,394.9,12.2,181.5,30.2,69.6,30.4,Clinical,LSD,0.0
MAH-AHM-TAG-1174,AHM,Murrah Buffalo,8.1,112,38.74,-0.06,38.56,390.5,13.2,243.4,6.4,115.7,-15.7,Healthy,Healthy,-1.0
MAH-AHM-TAG-1174,AHM,Murrah Buffalo,8.1,183,39.02,0.32,38.67,358.4,20.4,231.2,11.1,121.6,-21.6,Sub-clinical,Mastitis,1.5
MAH-AHM-TAG-1174,AHM,Murrah Buffalo,8.1,209,39.48,0.58,39.09,305.5,32.1,196.6,24.4,103.6,-3.6,Sub-clinical,Mastitis,0.4
MAH-AHM-TAG-1174,AHM,Murrah Buffalo,8.1,254,40.29,0.38,39.76,260.2,42.2,188.5,27.5,108.1,-8.1,Clinical,Mastitis,0.0
MAH-KOL-TAG-1175,KOL,Red Kandhari,4.0,148,38.2,-0.13,38.46,493.0,-9.6,229.4,11.8,85.7,14.3,Healthy,Healthy,-1.0
MAH-KOL-TAG-1175,KOL,Red Kandhari,4.0,222,38.5,-0.03,38.46,521.1,-15.8,252.6,2.8,91.2,8.8,Healthy,Healthy,-1.0
MAH-KOL-TAG-1175,KOL,Red Kandhari,4.0,251,38.68,0.0,38.42,493.2,-9.6,266.3,-2.4,104.7,-4.7,Healthy,Healthy,-1.0
MAH-KOL-TAG-1175,KOL,Red Kandhari,4.0,297,38.66,0.11,38.48,491.3,-9.2,265.7,-2.2,106.4,-6.4,Healthy,Healthy,-1.0
MAH-SOL-TAG-1176,SOL,Red Kandhari,8.1,129,38.88,-0.04,38.64,465.6,-3.5,280.4,-7.8,103.4,-3.4,Healthy,Healthy,-1.0
MAH-SOL-TAG-1176,SOL,Red Kandhari,8.1,195,38.32,-0.18,38.61,459.5,-2.1,260.5,-0.2,75.4,24.6,Healthy,Healthy,-1.0
MAH-SOL-TAG-1176,SOL,Red Kandhari,8.1,216,38.22,0.04,38.62,443.4,1.5,259.6,0.2,71.9,28.1,Healthy,Healthy,-1.0
MAH-SOL-TAG-1176,SOL,Red Kandhari,8.1,259,38.62,0.09,38.64,414.4,7.9,265.7,-2.2,92.5,7.5,Healthy,Healthy,-1.0
MAH-SAT-TAG-1177,SAT,Red Kandhari,8.1,120,37.87,-0.06,38.27,440.0,2.2,244.4,6.0,76.2,23.8,Healthy,Healthy,-1.0
MAH-SAT-TAG-1177,SAT,Red Kandhari,8.1,187,38.68,0.4,38.48,358.9,20.2,211.7,18.6,85.2,14.8,Sub-clinical,FMD,1.2
MAH-SAT-TAG-1177,SAT,Red Kandhari,8.1,208,39.7,0.85,39.02,314.2,30.2,187.0,28.1,78.9,21.1,Sub-clinical,FMD,0.3
MAH-SAT-TAG-1177,SAT,Red Kandhari,8.1,252,40.64,0.69,40.03,224.8,50.0,148.8,42.8,64.4,35.6,Clinical,FMD,0.0
MAH-AHM-TAG-1178,AHM,Murrah Buffalo,6.9,79,38.43,-0.03,38.36,522.9,-16.2,272.4,-4.8,108.1,-8.1,Healthy,Healthy,-1.0
MAH-AHM-TAG-1178,AHM,Murrah Buffalo,6.9,154,39.0,0.32,38.57,437.8,2.7,249.1,4.2,107.5,-7.5,Sub-clinical,FMD,1.7
MAH-AHM-TAG-1178,AHM,Murrah Buffalo,6.9,184,39.51,0.31,39.16,322.8,28.3,197.5,24.0,92.4,7.6,Sub-clinical,FMD,0.4
MAH-AHM-TAG-1178,AHM,Murrah Buffalo,6.9,230,40.63,0.44,40.05,223.2,50.4,135.1,48.0,65.5,34.5,Clinical,FMD,0.0
MAH-SAT-TAG-1179,SAT,HF Cross,6.7,105,38.98,0.22,38.61,487.3,-3.7,244.8,5.8,112.2,-12.2,Healthy,Healthy,-1.0
MAH-SAT-TAG-1179,SAT,HF Cross,6.7,181,38.94,-0.04,38.64,451.3,4.0,246.6,5.2,119.3,-19.3,Healthy,Healthy,-1.0
MAH-SAT-TAG-1179,SAT,HF Cross,6.7,212,38.44,0.0,38.61,442.6,5.8,215.1,17.3,96.1,3.9,Healthy,Healthy,-1.0
MAH-SAT-TAG-1179,SAT,HF Cross,6.7,259,38.66,0.16,38.62,435.7,7.3,223.9,13.9,96.1,3.9,Healthy,Healthy,-1.0
MAH-NAS-TAG-1180,NAS,Khillari,5.3,57,38.91,0.04,38.63,479.6,-6.6,265.0,-1.9,121.7,-21.7,Healthy,Healthy,-1.0
MAH-NAS-TAG-1180,NAS,Khillari,5.3,128,38.8,0.0,38.65,463.2,-2.9,247.9,4.7,108.3,-8.3,Healthy,Healthy,-1.0
MAH-NAS-TAG-1180,NAS,Khillari,5.3,154,39.07,0.03,38.65,466.6,-3.7,261.1,-0.4,122.5,-22.5,Healthy,Healthy,-1.0
MAH-NAS-TAG-1180,NAS,Khillari,5.3,199,38.88,0.11,38.67,468.3,-4.1,250.1,3.8,109.4,-9.4,Healthy,Healthy,-1.0
MAH-SOL-TAG-1181,SOL,Red Kandhari,5.5,72,38.06,-0.06,38.44,463.6,-3.0,226.7,12.8,85.8,14.2,Healthy,Healthy,-1.0
MAH-SOL-TAG-1181,SOL,Red Kandhari,5.5,144,38.31,0.2,38.59,415.5,7.7,194.7,25.1,70.8,29.2,Sub-clinical,LSD,1.6
MAH-SOL-TAG-1181,SOL,Red Kandhari,5.5,173,39.2,0.42,39.04,428.1,4.9,195.8,24.7,73.3,26.7,Sub-clinical,LSD,0.4
MAH-SOL-TAG-1181,SOL,Red Kandhari,5.5,218,39.73,0.28,39.73,337.0,25.1,134.9,48.1,54.6,45.4,Clinical,LSD,0.0
MAH-KOL-TAG-1182,KOL,Red Kandhari,5.5,163,38.32,0.0,38.38,414.9,7.8,267.9,-3.0,96.8,3.2,Healthy,Healthy,-1.0
MAH-KOL-TAG-1182,KOL,Red Kandhari,5.5,236,38.0,-0.21,38.29,362.3,19.5,234.6,9.8,86.3,13.7,Sub-clinical,Ketosis,1.6
MAH-KOL-TAG-1182,KOL,Red Kandhari,5.5,264,37.76,-0.03,38.26,309.6,31.2,188.6,27.5,79.6,20.4,Sub-clinical,Ketosis,0.4
MAH-KOL-TAG-1182,KOL,Red Kandhari,5.5,309,37.9,0.1,38.1,208.2,53.7,146.2,43.8,62.8,37.2,Clinical,Ketosis,0.0
MAH-SAT-TAG-1183,SAT,Murrah Buffalo,8.0,81,38.82,-0.02,38.58,444.1,1.3,276.5,-6.3,111.8,-11.8,Healthy,Healthy,-1.0
MAH-SAT-TAG-1183,SAT,Murrah Buffalo,8.0,147,38.41,0.0,38.55,455.1,-1.1,243.3,6.4,90.0,10.0,Healthy,Healthy,-1.0
MAH-SAT-TAG-1183,SAT,Murrah Buffalo,8.0,168,38.26,0.04,38.53,416.1,7.5,244.5,6.0,88.1,11.9,Healthy,Healthy,-1.0
MAH-SAT-TAG-1183,SAT,Murrah Buffalo,8.0,211,38.41,-0.1,38.59,405.0,10.0,254.9,2.0,93.4,6.6,Healthy,Healthy,-1.0
MAH-NAS-TAG-1184,NAS,Dangi,3.2,160,38.46,-0.18,38.42,448.3,0.4,259.9,0.0,118.6,-18.6,Healthy,Healthy,-1.0
MAH-NAS-TAG-1184,NAS,Dangi,3.2,226,39.11,0.39,38.58,459.2,-2.0,221.5,14.8,119.6,-19.6,Sub-clinical,BRD,1.1
MAH-NAS-TAG-1184,NAS,Dangi,3.2,245,39.02,0.51,38.89,429.1,4.6,184.5,29.0,99.7,0.3,Sub-clinical,BRD,0.3
MAH-NAS-TAG-1184,NAS,Dangi,3.2,288,39.35,0.17,39.6,339.3,24.6,146.0,43.8,65.3,34.7,Clinical,BRD,0.0
MAH-AHM-TAG-1185,AHM,Dangi,4.5,79,38.51,-0.02,38.42,464.7,-3.3,278.1,-7.0,115.8,-15.8,Healthy,Healthy,-1.0
MAH-AHM-TAG-1185,AHM,Dangi,4.5,154,39.03,0.21,38.58,395.6,12.1,275.6,-6.0,106.0,-6.0,Sub-clinical,BRD,1.7
MAH-AHM-TAG-1185,AHM,Dangi,4.5,184,39.33,0.29,38.96,328.4,27.0,237.9,8.5,101.2,-1.2,Sub-clinical,BRD,0.4
MAH-AHM-TAG-1185,AHM,Dangi,4.5,230,40.03,0.35,39.56,281.6,37.4,206.2,20.7,89.4,10.6,Clinical,BRD,0.0
MAH-SAN-TAG-1186,SAN,Murrah Buffalo,7.6,74,38.1,-0.07,38.47,476.5,-5.9,208.6,19.8,103.5,-3.5,Healthy,Healthy,-1.0
MAH-SAN-TAG-1186,SAN,Murrah Buffalo,7.6,148,38.65,0.33,38.63,425.2,5.5,198.5,23.7,94.1,5.9,Sub-clinical,BRD,1.6
MAH-SAN-TAG-1186,SAN,Murrah Buffalo,7.6,177,39.46,0.36,39.05,382.3,15.0,207.3,20.3,108.3,-8.3,Sub-clinical,BRD,0.4
MAH-SAN-TAG-1186,SAN,Murrah Buffalo,7.6,223,39.88,0.29,39.66,342.4,23.9,159.3,38.7,75.0,25.0,Clinical,BRD,0.0
MAH-KOL-TAG-1187,KOL,HF Cross,7.3,156,38.99,-0.05,38.68,451.0,4.0,278.5,-7.1,123.1,-23.1,Healthy,Healthy,-1.0
MAH-KOL-TAG-1187,KOL,HF Cross,7.3,226,39.1,0.11,38.62,466.9,0.7,273.6,-5.2,114.7,-14.7,Healthy,Healthy,-1.0
MAH-KOL-TAG-1187,KOL,HF Cross,7.3,250,38.85,-0.25,38.66,470.2,-0.0,267.8,-3.0,121.0,-21.0,Healthy,Healthy,-1.0
MAH-KOL-TAG-1187,KOL,HF Cross,7.3,295,38.69,0.05,38.61,467.9,0.4,262.0,-0.8,104.1,-4.1,Healthy,Healthy,-1.0
MAH-SAT-TAG-1188,SAT,Gir Cross,8.9,79,38.83,-0.11,38.82,523.0,-11.3,270.2,-3.9,110.5,-10.5,Healthy,Healthy,-1.0
MAH-SAT-TAG-1188,SAT,Gir Cross,8.9,149,38.74,-0.01,38.79,466.1,0.8,233.0,10.4,93.7,6.3,Sub-clinical,Ketosis,1.4
MAH-SAT-TAG-1188,SAT,Gir Cross,8.9,174,38.6,-0.03,38.72,400.9,14.7,200.2,23.0,89.8,10.2,Sub-clinical,Ketosis,0.3
MAH-SAT-TAG-1188,SAT,Gir Cross,8.9,218,38.17,-0.1,38.54,315.3,32.9,115.0,55.8,65.4,34.6,Clinical,Ketosis,0.0
MAH-NAS-TAG-1189,NAS,Khillari,3.5,105,38.95,-0.07,38.7,513.4,-14.1,291.9,-12.3,106.6,-6.6,Healthy,Healthy,-1.0
MAH-NAS-TAG-1189,NAS,Khillari,3.5,173,38.7,0.16,38.68,533.2,-18.5,268.3,-3.2,89.4,10.6,Healthy,Healthy,-1.0
MAH-NAS-TAG-1189,NAS,Khillari,3.5,196,38.34,-0.14,38.68,517.7,-15.0,275.0,-5.8,89.1,10.9,Healthy,Healthy,-1.0
MAH-NAS-TAG-1189,NAS,Khillari,3.5,240,38.24,-0.13,38.67,508.6,-13.0,255.7,1.7,78.1,21.9,Healthy,Healthy,-1.0
MAH-SAT-TAG-1190,SAT,Dangi,4.9,86,38.82,0.07,38.42,422.9,6.0,298.2,-14.7,116.9,-16.9,Healthy,Healthy,-1.0
MAH-SAT-TAG-1190,SAT,Dangi,4.9,159,38.71,0.1,38.4,413.5,8.1,288.0,-10.8,114.5,-14.5,Healthy,Healthy,-1.0
MAH-SAT-TAG-1190,SAT,Dangi,4.9,187,38.27,-0.02,38.39,413.9,8.0,263.1,-1.2,105.5,-5.5,Healthy,Healthy,-1.0
MAH-SAT-TAG-1190,SAT,Dangi,4.9,232,38.59,0.1,38.42,408.3,9.3,287.8,-10.7,113.1,-13.1,Healthy,Healthy,-1.0
MAH-AHM-TAG-1191,AHM,HF Cross,8.0,153,38.77,0.02,38.5,493.2,-4.9,250.6,3.6,109.5,-9.5,Healthy,Healthy,-1.0
MAH-AHM-TAG-1191,AHM,HF Cross,8.0,232,38.6,-0.03,38.46,449.4,4.4,256.3,1.4,115.2,-15.2,Healthy,Healthy,-1.0
MAH-AHM-TAG-1191,AHM,HF Cross,8.0,266,38.14,-0.08,38.43,489.3,-4.1,236.8,8.9,88.9,11.1,Healthy,Healthy,-1.0
MAH-AHM-TAG-1191,AHM,HF Cross,8.0,314,38.18,0.06,38.45,484.7,-3.1,236.3,9.1,92.5,7.5,Healthy,Healthy,-1.0
MAH-SAT-TAG-1192,SAT,Khillari,2.8,57,38.6,0.15,38.37,485.0,-7.8,316.9,-21.9,93.0,7.0,Healthy,Healthy,-1.0
MAH-SAT-TAG-1192,SAT,Khillari,2.8,123,38.14,-0.07,38.37,473.1,-5.1,285.8,-9.9,69.8,30.2,Healthy,Healthy,-1.0
MAH-SAT-TAG-1192,SAT,Khillari,2.8,144,38.0,-0.03,38.35,451.1,-0.2,273.1,-5.0,77.9,22.1,Healthy,Healthy,-1.0
MAH-SAT-TAG-1192,SAT,Khillari,2.8,187,38.2,-0.06,38.36,436.7,3.0,286.2,-10.1,90.9,9.1,Healthy,Healthy,-1.0
MAH-NAS-TAG-1193,NAS,Khillari,6.7,156,38.65,0.08,38.31,434.9,3.4,292.4,-12.5,114.0,-14.0,Healthy,Healthy,-1.0
MAH-NAS-TAG-1193,NAS,Khillari,6.7,228,38.67,0.03,38.29,427.8,4.9,311.5,-19.8,121.5,-21.5,Healthy,Healthy,-1.0
MAH-NAS-TAG-1193,NAS,Khillari,6.7,255,38.65,0.2,38.3,409.7,9.0,295.2,-13.5,111.9,-11.9,Healthy,Healthy,-1.0
MAH-NAS-TAG-1193,NAS,Khillari,6.7,300,38.75,0.07,38.32,440.0,2.2,297.9,-14.6,114.1,-14.1,Healthy,Healthy,-1.0
MAH-SAT-TAG-1194,SAT,Gir Cross,5.2,158,38.62,-0.04,38.38,439.2,6.6,281.7,-8.3,121.4,-21.4,Healthy,Healthy,-1.0
MAH-SAT-TAG-1194,SAT,Gir Cross,5.2,226,39.08,0.54,38.56,432.4,8.0,247.8,4.7,109.8,-9.8,Sub-clinical,BRD,1.3
MAH-SAT-TAG-1194,SAT,Gir Cross,5.2,249,39.39,0.5,38.91,408.0,13.2,229.9,11.6,94.6,5.4,Sub-clinical,BRD,0.3
MAH-SAT-TAG-1194,SAT,Gir Cross,5.2,292,39.56,0.4,39.54,335.4,28.6,167.7,35.5,69.4,30.6,Clinical,BRD,0.0
MAH-AHM-TAG-1195,AHM,Red Kandhari,2.3,76,38.0,-0.01,38.2,483.3,-7.4,256.9,1.2,90.0,10.0,Healthy,Healthy,-1.0
MAH-AHM-TAG-1195,AHM,Red Kandhari,2.3,147,38.31,0.33,38.35,417.5,7.2,225.5,13.3,75.7,24.3,Sub-clinical,Mastitis,1.5
MAH-AHM-TAG-1195,AHM,Red Kandhari,2.3,173,38.87,0.34,38.8,389.4,13.5,218.6,15.9,81.1,18.9,Sub-clinical,Mastitis,0.4
MAH-AHM-TAG-1195,AHM,Red Kandhari,2.3,218,39.29,0.31,39.45,298.6,33.6,166.5,36.0,62.6,37.4,Clinical,Mastitis,0.0
MAH-SAN-TAG-1196,SAN,HF Cross,6.6,98,38.39,0.01,38.72,497.4,-5.8,252.6,2.8,88.1,11.9,Healthy,Healthy,-1.0
MAH-SAN-TAG-1196,SAN,HF Cross,6.6,175,39.12,0.18,38.92,468.2,0.4,254.1,2.3,93.6,6.4,Sub-clinical,BRD,1.8
MAH-SAN-TAG-1196,SAN,HF Cross,6.6,207,39.65,0.26,39.32,372.2,20.8,240.0,7.7,90.1,9.9,Sub-clinical,BRD,0.5
MAH-SAN-TAG-1196,SAN,HF Cross,6.6,254,40.16,0.09,39.88,317.3,32.5,190.9,26.6,82.0,18.0,Clinical,BRD,0.0
MAH-PUN-TAG-1197,PUN,Murrah Buffalo,6.9,72,38.23,0.09,38.56,439.5,2.3,236.7,9.0,93.8,6.2,Healthy,Healthy,-1.0
MAH-PUN-TAG-1197,PUN,Murrah Buffalo,6.9,137,39.02,0.33,38.71,379.1,15.8,243.2,6.5,105.0,-5.0,Sub-clinical,LSD,1.1
MAH-PUN-TAG-1197,PUN,Murrah Buffalo,6.9,156,39.69,0.49,39.11,365.6,18.8,234.1,10.0,103.1,-3.1,Sub-clinical,LSD,0.3
MAH-PUN-TAG-1197,PUN,Murrah Buffalo,6.9,199,40.2,0.41,39.89,328.8,26.9,177.4,31.8,75.1,24.9,Clinical,LSD,0.0
MAH-SAT-TAG-1198,SAT,Murrah Buffalo,4.8,62,38.62,0.03,38.35,421.4,6.4,285.0,-9.6,109.8,-9.8,Healthy,Healthy,-1.0
MAH-SAT-TAG-1198,SAT,Murrah Buffalo,4.8,136,39.0,0.39,38.58,359.4,20.1,242.3,6.8,81.1,18.9,Sub-clinical,FMD,1.6
MAH-SAT-TAG-1198,SAT,Murrah Buffalo,4.8,165,39.29,0.58,39.18,273.8,39.2,190.0,26.9,53.2,46.8,Sub-clinical,FMD,0.4
MAH-SAT-TAG-1198,SAT,Murrah Buffalo,4.8,211,40.29,0.42,40.08,177.5,60.6,127.5,51.0,38.4,61.6,Clinical,FMD,0.0
MAH-SAN-TAG-1199,SAN,Murrah Buffalo,7.9,64,38.8,0.05,38.57,435.1,3.3,258.5,0.6,111.6,-11.6,Healthy,Healthy,-1.0
MAH-SAN-TAG-1199,SAN,Murrah Buffalo,7.9,137,38.92,0.21,38.74,391.6,13.0,238.1,8.4,101.3,-1.3,Sub-clinical,BRD,1.6
MAH-SAN-TAG-1199,SAN,Murrah Buffalo,7.9,165,39.12,0.51,39.08,376.7,16.3,190.9,26.6,75.4,24.6,Sub-clinical,BRD,0.4
MAH-SAN-TAG-1199,SAN,Murrah Buffalo,7.9,211,39.77,0.16,39.74,302.1,32.9,168.2,35.3,60.9,39.1,Clinical,BRD,0.0
MAH-SAT-TAG-1200,SAT,Khillari,4.8,55,38.47,-0.13,38.46,501.8,-11.5,283.5,-9.0,98.1,1.9,Healthy,Healthy,-1.0
MAH-SAT-TAG-1200,SAT,Khillari,4.8,129,39.05,0.39,38.63,478.3,-6.3,276.9,-6.5,100.5,-0.5,Sub-clinical,LSD,1.6
MAH-SAT-TAG-1200,SAT,Khillari,4.8,158,39.45,0.24,39.04,389.9,13.4,253.9,2.3,92.3,7.7,Sub-clinical,LSD,0.4
MAH-SAT-TAG-1200,SAT,Khillari,4.8,204,40.16,0.22,39.73,358.9,20.2,210.5,19.0,75.4,24.6,Clinical,LSD,0.0
MAH-NAS-TAG-1201,NAS,Dangi,7.8,105,38.81,0.17,38.54,400.4,11.0,309.6,-19.1,114.2,-14.2,Healthy,Healthy,-1.0
MAH-NAS-TAG-1201,NAS,Dangi,7.8,179,39.31,0.39,38.81,327.0,27.3,272.9,-5.0,102.6,-2.6,Sub-clinical,FMD,1.6
MAH-NAS-TAG-1201,NAS,Dangi,7.8,208,39.83,0.46,39.35,248.0,44.9,227.9,12.3,86.0,14.0,Sub-clinical,FMD,0.4
MAH-NAS-TAG-1201,NAS,Dangi,7.8,254,40.84,0.6,40.29,142.7,68.3,161.8,37.8,63.0,37.0,Clinical,FMD,0.0
MAH-NAS-TAG-1202,NAS,Khillari,8.8,108,38.85,0.02,38.57,455.9,-1.3,303.0,-16.5,113.8,-13.8,Healthy,Healthy,-1.0
MAH-NAS-TAG-1202,NAS,Khillari,8.8,182,38.93,-0.01,38.53,386.1,14.2,269.4,-3.6,107.5,-7.5,Sub-clinical,Ketosis,1.7
MAH-NAS-TAG-1202,NAS,Khillari,8.8,213,38.22,0.08,38.4,309.0,31.3,210.3,19.1,66.3,33.7,Sub-clinical,Ketosis,0.4
MAH-NAS-TAG-1202,NAS,Khillari,8.8,259,38.07,-0.05,38.28,213.3,52.6,168.1,35.3,71.1,28.9,Clinical,Ketosis,0.0
MAH-KOL-TAG-1203,KOL,Khillari,8.0,112,38.58,0.0,38.45,424.0,5.8,263.2,-1.2,113.3,-13.3,Healthy,Healthy,-1.0
MAH-KOL-TAG-1203,KOL,Khillari,8.0,182,38.75,0.08,38.44,388.9,13.6,247.5,4.8,109.4,-9.4,Sub-clinical,Ketosis,1.4
MAH-KOL-TAG-1203,KOL,Khillari,8.0,207,38.6,-0.06,38.34,303.1,32.6,220.4,15.2,98.1,1.9,Sub-clinical,Ketosis,0.4
MAH-KOL-TAG-1203,KOL,Khillari,8.0,252,38.46,-0.1,38.18,239.3,46.8,168.1,35.3,91.3,8.7,Clinical,Ketosis,0.0
MAH-SAT-TAG-1204,SAT,Gir Cross,2.1,67,38.4,0.1,38.39,460.6,2.0,229.5,11.7,101.8,-1.8,Healthy,Healthy,-1.0
MAH-SAT-TAG-1204,SAT,Gir Cross,2.1,143,37.99,0.03,38.32,415.1,11.7,207.4,20.2,84.6,15.4,Sub-clinical,Ketosis,1.7
MAH-SAT-TAG-1204,SAT,Gir Cross,2.1,174,38.25,-0.04,38.23,385.5,18.0,161.3,38.0,88.0,12.0,Sub-clinical,Ketosis,0.4
MAH-SAT-TAG-1204,SAT,Gir Cross,2.1,220,38.01,0.02,38.08,302.1,35.7,107.2,58.8,73.5,26.5,Clinical,Ketosis,0.0
MAH-SOL-TAG-1205,SOL,Red Kandhari,3.0,55,38.44,0.03,38.34,501.9,-11.5,291.3,-12.0,102.4,-2.4,Healthy,Healthy,-1.0
MAH-SOL-TAG-1205,SOL,Red Kandhari,3.0,132,39.12,0.38,38.57,416.2,7.5,283.6,-9.1,108.0,-8.0,Sub-clinical,Mastitis,1.8
MAH-SOL-TAG-1205,SOL,Red Kandhari,3.0,164,38.94,0.21,38.95,348.2,22.6,232.4,10.6,83.6,16.4,Sub-clinical,Mastitis,0.5
MAH-SOL-TAG-1205,SOL,Red Kandhari,3.0,211,39.6,0.1,39.64,267.2,40.6,194.1,25.3,73.5,26.5,Clinical,Mastitis,0.0
MAH-SAN-TAG-1206,SAN,Murrah Buffalo,5.5,141,38.24,0.01,38.42,413.0,8.2,247.1,5.0,100.5,-0.5,Healthy,Healthy,-1.0
MAH-SAN-TAG-1206,SAN,Murrah Buffalo,5.5,210,38.45,0.08,38.46,406.1,9.8,257.4,1.0,106.6,-6.6,Healthy,Healthy,-1.0
MAH-SAN-TAG-1206,SAN,Murrah Buffalo,5.5,234,38.54,0.09,38.46,402.1,10.6,260.8,-0.3,97.7,2.3,Healthy,Healthy,-1.0
MAH-SAN-TAG-1206,SAN,Murrah Buffalo,5.5,278,38.68,-0.08,38.47,407.9,9.4,276.1,-6.2,113.5,-13.5,Healthy,Healthy,-1.0
MAH-KOL-TAG-1207,KOL,Dangi,6.9,57,38.67,-0.24,38.54,477.9,-6.2,264.2,-1.6,114.0,-14.0,Healthy,Healthy,-1.0
MAH-KOL-TAG-1207,KOL,Dangi,6.9,134,39.24,0.43,38.83,405.8,9.8,237.4,8.7,96.0,4.0,Sub-clinical,FMD,1.8
MAH-KOL-TAG-1207,KOL,Dangi,6.9,166,39.36,0.5,39.36,308.3,31.5,163.1,37.3,50.6,49.4,Sub-clinical,FMD,0.5
MAH-KOL-TAG-1207,KOL,Dangi,6.9,213,40.22,0.39,40.23,212.8,52.7,107.2,58.8,34.7,65.3,Clinical,FMD,0.0
MAH-SAT-TAG-1208,SAT,Murrah Buffalo,3.8,57,38.74,0.08,38.5,455.9,-1.3,264.0,-1.5,106.1,-6.1,Healthy,Healthy,-1.0
MAH-SAT-TAG-1208,SAT,Murrah Buffalo,3.8,130,38.75,-0.11,38.51,456.5,-1.4,263.9,-1.5,105.8,-5.8,Healthy,Healthy,-1.0
MAH-SAT-TAG-1208,SAT,Murrah Buffalo,3.8,158,38.78,0.1,38.47,426.6,5.2,259.8,0.1,113.7,-13.7,Healthy,Healthy,-1.0
MAH-SAT-TAG-1208,SAT,Murrah Buffalo,3.8,204,38.8,0.0,38.5,434.1,3.5,256.4,1.4,108.0,-8.0,Healthy,Healthy,-1.0
MAH-NAS-TAG-1209,NAS,Murrah Buffalo,5.0,57,38.89,-0.04,38.61,445.7,1.0,279.2,-7.4,99.6,0.4,Healthy,Healthy,-1.0
MAH-NAS-TAG-1209,NAS,Murrah Buffalo,5.0,131,38.9,-0.01,38.64,435.6,3.2,278.2,-7.0,105.4,-5.4,Healthy,Healthy,-1.0
MAH-NAS-TAG-1209,NAS,Murrah Buffalo,5.0,160,38.82,0.0,38.63,383.7,14.7,283.8,-9.2,94.1,5.9,Healthy,Healthy,-1.0
MAH-NAS-TAG-1209,NAS,Murrah Buffalo,5.0,206,38.92,-0.05,38.63,421.4,6.4,283.4,-9.0,113.8,-13.8,Healthy,Healthy,-1.0
MAH-PUN-TAG-1210,PUN,Dangi,3.6,96,38.2,0.09,38.48,427.9,4.9,237.0,8.8,87.6,12.4,Healthy,Healthy,-1.0
MAH-PUN-TAG-1210,PUN,Dangi,3.6,166,38.22,-0.09,38.47,362.9,19.4,207.9,20.0,78.9,21.1,Sub-clinical,Ketosis,1.4
MAH-PUN-TAG-1210,PUN,Dangi,3.6,190,37.99,-0.23,38.39,297.2,34.0,182.2,29.9,77.9,22.1,Sub-clinical,Ketosis,0.4
MAH-PUN-TAG-1210,PUN,Dangi,3.6,235,38.24,0.04,38.23,179.1,60.2,140.0,46.2,77.8,22.2,Clinical,Ketosis,0.0
MAH-SAT-TAG-1211,SAT,Dangi,5.3,163,38.37,-0.1,38.43,413.7,8.1,258.0,0.8,96.8,3.2,Healthy,Healthy,-1.0
MAH-SAT-TAG-1211,SAT,Dangi,5.3,230,38.75,-0.07,38.4,373.2,17.1,258.2,0.7,104.4,-4.4,Sub-clinical,Ketosis,1.2
MAH-SAT-TAG-1211,SAT,Dangi,5.3,252,38.65,-0.03,38.34,329.5,26.8,214.5,17.5,98.7,1.3,Sub-clinical,Ketosis,0.3
MAH-SAT-TAG-1211,SAT,Dangi,5.3,295,38.21,-0.06,38.17,259.6,42.3,165.2,36.5,76.0,24.0,Clinical,Ketosis,0.0
MAH-SAN-TAG-1212,SAN,Dangi,3.4,62,38.76,0.14,38.32,414.3,7.9,292.0,-12.3,110.0,-10.0,Healthy,Healthy,-1.0
MAH-SAN-TAG-1212,SAN,Dangi,3.4,140,38.07,-0.28,38.33,419.9,6.7,255.9,1.6,91.2,8.8,Healthy,Healthy,-1.0
MAH-SAN-TAG-1212,SAN,Dangi,3.4,173,38.34,0.11,38.31,468.9,-4.2,259.6,0.2,90.8,9.2,Healthy,Healthy,-1.0
MAH-SAN-TAG-1212,SAN,Dangi,3.4,220,38.18,0.01,38.3,467.4,-3.9,249.1,4.2,91.2,8.8,Healthy,Healthy,-1.0
MAH-KOL-TAG-1213,KOL,Khillari,3.8,88,38.68,-0.09,38.47,422.9,6.0,291.1,-12.0,107.0,-7.0,Healthy,Healthy,-1.0
MAH-KOL-TAG-1213,KOL,Khillari,3.8,158,39.3,0.59,38.69,363.9,19.1,265.8,-2.2,98.0,2.0,Sub-clinical,FMD,1.4
MAH-KOL-TAG-1213,KOL,Khillari,3.8,183,39.68,0.44,39.22,303.2,32.6,240.8,7.4,75.5,24.5,Sub-clinical,FMD,0.4
MAH-KOL-TAG-1213,KOL,Khillari,3.8,228,40.73,0.35,40.22,207.3,53.9,172.8,33.5,64.7,35.3,Clinical,FMD,0.0
MAH-SOL-TAG-1214,SOL,Khillari,6.9,144,38.2,0.12,38.46,465.2,-3.4,251.4,3.3,79.8,20.2,Healthy,Healthy,-1.0
MAH-SOL-TAG-1214,SOL,Khillari,6.9,220,38.28,-0.13,38.48,486.4,-8.1,266.5,-2.5,93.2,6.8,Healthy,Healthy,-1.0
MAH-SOL-TAG-1214,SOL,Khillari,6.9,253,38.81,-0.11,38.49,456.9,-1.5,287.9,-10.7,112.2,-12.2,Healthy,Healthy,-1.0
MAH-SOL-TAG-1214,SOL,Khillari,6.9,300,38.79,-0.12,38.48,472.4,-5.0,284.7,-9.5,110.6,-10.6,Healthy,Healthy,-1.0
MAH-NAS-TAG-1215,NAS,Murrah Buffalo,7.0,98,38.01,0.1,38.2,455.9,-1.3,263.9,-1.5,86.4,13.6,Healthy,Healthy,-1.0
MAH-NAS-TAG-1215,NAS,Murrah Buffalo,7.0,163,38.1,0.06,38.19,425.8,5.4,263.1,-1.2,99.1,0.9,Healthy,Healthy,-1.0
MAH-NAS-TAG-1215,NAS,Murrah Buffalo,7.0,183,38.65,0.25,38.23,423.7,5.8,295.2,-13.5,108.4,-8.4,Healthy,Healthy,-1.0
MAH-NAS-TAG-1215,NAS,Murrah Buffalo,7.0,225,38.43,-0.01,38.22,473.4,-5.2,276.9,-6.5,106.2,-6.2,Healthy,Healthy,-1.0
MAH-AHM-TAG-1216,AHM,Khillari,6.5,50,38.27,-0.1,38.58,474.9,-5.5,234.0,10.0,87.2,12.8,Healthy,Healthy,-1.0
MAH-AHM-TAG-1216,AHM,Khillari,6.5,116,38.41,-0.03,38.57,379.4,15.7,208.1,20.0,80.3,19.7,Sub-clinical,Ketosis,1.2
MAH-AHM-TAG-1216,AHM,Khillari,6.5,137,38.44,-0.06,38.47,310.0,31.1,195.7,24.7,85.8,14.2,Sub-clinical,Ketosis,0.3
MAH-AHM-TAG-1216,AHM,Khillari,6.5,180,38.61,-0.07,38.31,238.6,47.0,170.4,34.5,85.6,14.4,Clinical,Ketosis,0.0
MAH-PUN-TAG-1217,PUN,Dangi,8.4,69,38.13,0.02,38.36,438.0,2.7,225.0,13.5,82.1,17.9,Healthy,Healthy,-1.0
MAH-PUN-TAG-1217,PUN,Dangi,8.4,145,38.28,0.33,38.55,449.9,0.0,213.1,18.0,72.3,27.7,Sub-clinical,LSD,1.8
MAH-PUN-TAG-1217,PUN,Dangi,8.4,176,39.25,0.06,39.02,404.3,10.2,216.9,16.6,90.0,10.0,Sub-clinical,LSD,0.5
MAH-PUN-TAG-1217,PUN,Dangi,8.4,223,39.86,0.18,39.72,368.1,18.2,183.8,29.3,68.3,31.7,Clinical,LSD,0.0
MAH-SOL-TAG-1218,SOL,HF Cross,7.3,132,38.89,0.03,38.54,463.6,1.4,285.6,-9.8,115.8,-15.8,Healthy,Healthy,-1.0
MAH-SOL-TAG-1218,SOL,HF Cross,7.3,203,38.77,-0.1,38.51,426.1,9.3,252.7,2.8,113.2,-13.2,Sub-clinical,Ketosis,1.4
MAH-SOL-TAG-1218,SOL,HF Cross,7.3,228,38.72,-0.09,38.41,368.4,21.6,238.2,8.4,94.3,5.7,Sub-clinical,Ketosis,0.4
MAH-SOL-TAG-1218,SOL,HF Cross,7.3,273,38.34,-0.13,38.26,267.0,43.2,179.1,31.1,77.3,22.7,Clinical,Ketosis,0.0
MAH-SOL-TAG-1219,SOL,Red Kandhari,2.4,146,38.17,-0.13,38.56,476.9,-6.0,246.7,5.1,90.6,9.4,Healthy,Healthy,-1.0
MAH-SOL-TAG-1219,SOL,Red Kandhari,2.4,213,38.9,0.54,38.81,380.8,15.4,210.1,19.2,78.1,21.9,Sub-clinical,FMD,1.2
MAH-SOL-TAG-1219,SOL,Red Kandhari,2.4,235,39.68,0.7,39.36,303.8,32.5,173.6,33.2,66.0,34.0,Sub-clinical,FMD,0.3
MAH-SOL-TAG-1219,SOL,Red Kandhari,2.4,278,40.77,0.4,40.36,211.4,53.0,132.4,49.1,64.2,35.8,Clinical,FMD,0.0
MAH-NAS-TAG-1220,NAS,Murrah Buffalo,8.0,81,38.57,-0.03,38.45,470.3,-4.5,264.9,-1.9,114.9,-14.9,Healthy,Healthy,-1.0
MAH-NAS-TAG-1220,NAS,Murrah Buffalo,8.0,150,38.76,0.3,38.61,426.6,5.2,238.8,8.2,99.3,0.7,Sub-clinical,LSD,1.4
MAH-NAS-TAG-1220,NAS,Murrah Buffalo,8.0,174,39.29,0.53,39.05,386.5,14.1,200.3,23.0,82.2,17.8,Sub-clinical,LSD,0.4
MAH-NAS-TAG-1220,NAS,Murrah Buffalo,8.0,218,39.71,0.46,39.76,315.0,30.0,148.0,43.1,54.3,45.7,Clinical,LSD,0.0
MAH-AHM-TAG-1221,AHM,HF Cross,4.8,132,38.74,0.03,38.34,504.9,-7.4,274.7,-5.7,106.3,-6.3,Healthy,Healthy,-1.0
MAH-AHM-TAG-1221,AHM,HF Cross,4.8,197,38.3,0.02,38.32,476.1,-1.3,222.2,14.5,84.7,15.3,Sub-clinical,Ketosis,1.1
MAH-AHM-TAG-1221,AHM,HF Cross,4.8,216,37.85,0.06,38.19,395.5,15.9,185.1,28.8,69.8,30.2,Sub-clinical,Ketosis,0.3
MAH-AHM-TAG-1221,AHM,HF Cross,4.8,259,37.8,-0.08,38.02,269.6,42.6,141.8,45.5,66.6,33.4,Clinical,Ketosis,0.0
MAH-SAN-TAG-1222,SAN,Gir Cross,6.4,136,38.61,0.07,38.37,443.4,5.7,290.9,-11.9,114.8,-14.8,Healthy,Healthy,-1.0
MAH-SAN-TAG-1222,SAN,Gir Cross,6.4,212,38.17,0.04,38.34,456.2,2.9,269.5,-3.7,102.8,-2.8,Healthy,Healthy,-1.0
MAH-SAN-TAG-1222,SAN,Gir Cross,6.4,243,38.08,-0.08,38.32,528.0,-12.3,265.9,-2.3,99.3,0.7,Healthy,Healthy,-1.0
MAH-SAN-TAG-1222,SAN,Gir Cross,6.4,290,37.95,0.03,38.32,502.8,-7.0,261.2,-0.5,98.5,1.5,Healthy,Healthy,-1.0
MAH-SOL-TAG-1223,SOL,Red Kandhari,7.0,168,38.16,-0.04,38.58,450.3,-0.1,256.4,1.4,94.6,5.4,Healthy,Healthy,-1.0
MAH-SOL-TAG-1223,SOL,Red Kandhari,7.0,244,38.78,0.11,38.85,410.2,8.8,225.5,13.3,84.1,15.9,Sub-clinical,FMD,1.8
MAH-SOL-TAG-1223,SOL,Red Kandhari,7.0,277,40.07,0.55,39.47,320.9,28.7,209.3,19.5,86.5,13.5,Sub-clinical,FMD,0.5
MAH-SOL-TAG-1223,SOL,Red Kandhari,7.0,324,40.86,0.32,40.33,210.2,53.3,151.6,41.7,72.0,28.0,Clinical,FMD,0.0
MAH-AHM-TAG-1224,AHM,Dangi,8.1,72,38.05,-0.04,38.34,444.2,1.3,242.8,6.6,81.4,18.6,Healthy,Healthy,-1.0
MAH-AHM-TAG-1224,AHM,Dangi,8.1,143,37.96,-0.09,38.37,442.8,1.6,241.1,7.3,85.4,14.6,Healthy,Healthy,-1.0
MAH-AHM-TAG-1224,AHM,Dangi,8.1,168,38.02,0.06,38.38,438.6,2.5,244.9,5.8,87.1,12.9,Healthy,Healthy,-1.0
MAH-AHM-TAG-1224,AHM,Dangi,8.1,213,37.98,-0.09,38.35,430.0,4.4,249.8,3.9,85.7,14.3,Healthy,Healthy,-1.0
MAH-SAN-TAG-1225,SAN,Murrah Buffalo,3.9,55,38.55,0.07,38.39,473.3,-5.2,244.0,6.2,99.5,0.5,Healthy,Healthy,-1.0
MAH-SAN-TAG-1225,SAN,Murrah Buffalo,3.9,127,38.48,0.02,38.44,472.9,-5.1,240.0,7.7,108.1,-8.1,Healthy,Healthy,-1.0
MAH-SAN-TAG-1225,SAN,Murrah Buffalo,3.9,154,38.54,-0.13,38.4,456.9,-1.5,251.9,3.1,111.0,-11.0,Healthy,Healthy,-1.0
MAH-SAN-TAG-1225,SAN,Murrah Buffalo,3.9,199,38.53,0.08,38.37,481.0,-6.9,247.5,4.8,99.2,0.8,Healthy,Healthy,-1.0
MAH-KOL-TAG-1226,KOL,HF Cross,4.8,55,38.57,-0.08,38.48,531.4,-13.1,262.8,-1.1,112.4,-12.4,Healthy,Healthy,-1.0
MAH-KOL-TAG-1226,KOL,HF Cross,4.8,133,38.87,0.08,38.52,497.6,-5.9,276.3,-6.3,109.9,-9.9,Healthy,Healthy,-1.0
MAH-KOL-TAG-1226,KOL,HF Cross,4.8,168,38.1,-0.02,38.47,505.3,-7.5,230.5,11.3,80.4,19.6,Healthy,Healthy,-1.0
MAH-KOL-TAG-1226,KOL,HF Cross,4.8,216,38.16,0.07,38.49,513.8,-9.3,223.8,13.9,88.6,11.4,Healthy,Healthy,-1.0
MAH-KOL-TAG-1227,KOL,HF Cross,3.3,144,38.19,0.17,38.59,456.1,3.0,246.0,5.4,94.2,5.8,Healthy,Healthy,-1.0
MAH-KOL-TAG-1227,KOL,HF Cross,3.3,217,38.77,0.55,38.84,388.3,17.4,209.4,19.5,80.1,19.9,Sub-clinical,FMD,1.7
MAH-KOL-TAG-1227,KOL,HF Cross,3.3,247,39.73,0.47,39.43,364.4,22.5,193.4,25.6,88.2,11.8,Sub-clinical,FMD,0.4
MAH-KOL-TAG-1227,KOL,HF Cross,3.3,292,40.28,0.38,40.29,238.6,49.2,118.7,54.3,49.2,50.8,Clinical,FMD,0.0
MAH-SAT-TAG-1228,SAT,HF Cross,8.3,64,38.51,0.16,38.24,453.2,3.6,261.8,-0.7,97.8,2.2,Healthy,Healthy,-1.0
MAH-SAT-TAG-1228,SAT,HF Cross,8.3,130,39.11,0.72,38.43,428.9,8.7,245.8,5.5,88.8,11.2,Sub-clinical,FMD,1.1
MAH-SAT-TAG-1228,SAT,HF Cross,8.3,149,39.11,0.59,38.93,385.2,18.0,177.7,31.7,67.4,32.6,Sub-clinical,FMD,0.3
MAH-SAT-TAG-1228,SAT,HF Cross,8.3,192,39.93,0.65,39.95,246.5,47.6,102.1,60.7,37.2,62.8,Clinical,FMD,0.0
MAH-NAS-TAG-1229,NAS,Gir Cross,5.7,139,38.4,-0.15,38.57,415.7,11.6,259.2,0.3,91.5,8.5,Healthy,Healthy,-1.0
MAH-NAS-TAG-1229,NAS,Gir Cross,5.7,217,38.61,0.25,38.82,430.4,8.4,223.4,14.1,74.7,25.3,Sub-clinical,LSD,2.0
MAH-NAS-TAG-1229,NAS,Gir Cross,5.7,252,39.77,0.25,39.24,367.0,21.9,249.3,4.1,97.5,2.5,Sub-clinical,LSD,0.5
MAH-NAS-TAG-1229,NAS,Gir Cross,5.7,300,40.37,0.21,39.91,326.8,30.5,202.5,22.1,78.7,21.3,Clinical,LSD,0.0
MAH-KOL-TAG-1230,KOL,Gir Cross,7.4,96,37.86,-0.23,38.3,457.5,2.7,235.0,9.6,83.9,16.1,Healthy,Healthy,-1.0
MAH-KOL-TAG-1230,KOL,Gir Cross,7.4,162,38.34,0.08,38.31,413.6,12.0,252.8,2.8,99.6,0.4,Healthy,Healthy,-1.0
MAH-KOL-TAG-1230,KOL,Gir Cross,7.4,182,38.59,0.01,38.3,434.6,7.5,281.9,-8.4,116.0,-16.0,Healthy,Healthy,-1.0
MAH-KOL-TAG-1230,KOL,Gir Cross,7.4,225,38.43,-0.24,38.29,473.9,-0.8,273.3,-5.1,116.4,-16.4,Healthy,Healthy,-1.0
MAH-NAS-TAG-1231,NAS,Gir Cross,2.8,81,39.13,0.18,38.72,499.6,-6.3,274.7,-5.7,112.9,-12.9,Healthy,Healthy,-1.0
MAH-NAS-TAG-1231,NAS,Gir Cross,2.8,157,39.3,0.21,38.92,413.8,12.0,262.6,-1.0,107.7,-7.7,Sub-clinical,Mastitis,1.8
MAH-NAS-TAG-1231,NAS,Gir Cross,2.8,188,39.22,0.19,39.28,368.4,21.6,210.9,18.9,80.2,19.8,Sub-clinical,Mastitis,0.5
MAH-NAS-TAG-1231,NAS,Gir Cross,2.8,235,40.03,0.43,39.93,287.6,38.8,188.5,27.5,74.3,25.7,Clinical,Mastitis,0.0
MAH-NAS-TAG-1232,NAS,Dangi,7.5,50,38.05,-0.04,38.33,455.0,-1.1,249.6,4.0,84.0,16.0,Healthy,Healthy,-1.0
MAH-NAS-TAG-1232,NAS,Dangi,7.5,121,38.3,0.25,38.48,418.5,7.0,224.4,13.7,71.4,28.6,Sub-clinical,BRD,1.5
MAH-NAS-TAG-1232,NAS,Dangi,7.5,147,38.76,0.23,38.89,387.4,13.9,212.3,18.3,72.4,27.6,Sub-clinical,BRD,0.4
MAH-NAS-TAG-1232,NAS,Dangi,7.5,192,39.25,0.2,39.52,301.0,33.1,160.3,38.3,55.9,44.1,Clinical,BRD,0.0
MAH-KOL-TAG-1233,KOL,Khillari,4.9,108,39.02,0.09,38.61,463.8,-3.1,290.0,-11.5,102.1,-2.1,Healthy,Healthy,-1.0
MAH-KOL-TAG-1233,KOL,Khillari,4.9,184,39.35,0.56,38.87,388.7,13.6,238.6,8.2,91.5,8.5,Sub-clinical,FMD,1.8
MAH-KOL-TAG-1233,KOL,Khillari,4.9,217,39.43,0.58,39.42,357.2,20.6,163.7,37.0,46.8,53.2,Sub-clinical,FMD,0.5
MAH-KOL-TAG-1233,KOL,Khillari,4.9,264,40.13,0.42,40.31,245.3,45.5,103.2,60.3,25.5,74.5,Clinical,FMD,0.0
MAH-SAT-TAG-1234,SAT,Khillari,8.1,50,38.2,0.22,38.41,449.1,0.2,256.9,1.2,87.6,12.4,Healthy,Healthy,-1.0
MAH-SAT-TAG-1234,SAT,Khillari,8.1,116,38.74,0.47,38.58,368.6,18.1,242.6,6.7,80.1,19.9,Sub-clinical,LSD,1.2
MAH-SAT-TAG-1234,SAT,Khillari,8.1,137,39.41,0.61,39.0,329.3,26.8,233.2,10.3,88.0,12.0,Sub-clinical,LSD,0.3
MAH-SAT-TAG-1234,SAT,Khillari,8.1,180,40.25,0.31,39.8,297.9,33.8,216.0,16.9,81.6,18.4,Clinical,LSD,0.0
MAH-PUN-TAG-1235,PUN,Murrah Buffalo,7.1,86,38.43,-0.23,38.26,449.8,0.0,294.0,-13.1,106.0,-6.0,Healthy,Healthy,-1.0
MAH-PUN-TAG-1235,PUN,Murrah Buffalo,7.1,165,38.03,0.09,38.23,424.3,5.7,273.1,-5.0,90.9,9.1,Healthy,Healthy,-1.0
MAH-PUN-TAG-1235,PUN,Murrah Buffalo,7.1,199,38.33,-0.04,38.25,484.8,-7.7,293.6,-12.9,103.2,-3.2,Healthy,Healthy,-1.0
MAH-PUN-TAG-1235,PUN,Murrah Buffalo,7.1,247,38.4,-0.03,38.26,468.0,-4.0,282.9,-8.8,100.4,-0.4,Healthy,Healthy,-1.0
MAH-AHM-TAG-1236,AHM,Red Kandhari,7.3,129,38.72,0.14,38.45,476.1,-5.8,271.0,-4.2,120.2,-20.2,Healthy,Healthy,-1.0
MAH-AHM-TAG-1236,AHM,Red Kandhari,7.3,204,39.17,0.38,38.63,415.2,7.7,254.3,2.2,123.2,-23.2,Sub-clinical,LSD,1.7
MAH-AHM-TAG-1236,AHM,Red Kandhari,7.3,234,39.26,0.62,39.04,340.6,24.3,210.3,19.1,99.6,0.4,Sub-clinical,LSD,0.4
MAH-AHM-TAG-1236,AHM,Red Kandhari,7.3,280,40.0,0.21,39.75,283.9,36.9,193.2,25.7,83.4,16.6,Clinical,LSD,0.0
MAH-SAN-TAG-1237,SAN,Red Kandhari,5.8,52,38.49,-0.09,38.59,472.7,-5.0,250.1,3.8,95.2,4.8,Healthy,Healthy,-1.0
MAH-SAN-TAG-1237,SAN,Red Kandhari,5.8,125,38.51,-0.05,38.59,470.0,-4.4,245.2,5.7,100.0,0.0,Healthy,Healthy,-1.0
MAH-SAN-TAG-1237,SAN,Red Kandhari,5.8,153,38.9,0.04,38.62,462.0,-2.7,272.5,-4.8,104.5,-4.5,Healthy,Healthy,-1.0
MAH-SAN-TAG-1237,SAN,Red Kandhari,5.8,199,38.57,-0.2,38.6,469.3,-4.3,271.4,-4.4,98.5,1.5,Healthy,Healthy,-1.0
MAH-AHM-TAG-1238,AHM,Gir Cross,3.4,117,38.31,-0.03,38.5,423.4,9.9,224.6,13.6,96.2,3.8,Healthy,Healthy,-1.0
MAH-AHM-TAG-1238,AHM,Gir Cross,3.4,184,39.0,0.27,38.65,396.6,15.6,234.5,9.8,100.2,-0.2,Sub-clinical,LSD,1.2
MAH-AHM-TAG-1238,AHM,Gir Cross,3.4,206,39.57,0.38,39.07,361.5,23.1,220.2,15.3,87.8,12.2,Sub-clinical,LSD,0.3
MAH-AHM-TAG-1238,AHM,Gir Cross,3.4,249,40.09,0.17,39.81,343.1,27.0,183.8,29.3,74.5,25.5,Clinical,LSD,0.0
MAH-NAS-TAG-1239,NAS,Gir Cross,7.2,62,38.68,0.04,38.41,500.5,-6.5,273.7,-5.3,124.1,-24.1,Healthy,Healthy,-1.0
MAH-NAS-TAG-1239,NAS,Gir Cross,7.2,139,38.29,-0.08,38.4,485.0,-3.2,249.6,4.0,97.9,2.1,Healthy,Healthy,-1.0
MAH-NAS-TAG-1239,NAS,Gir Cross,7.2,171,38.2,0.03,38.4,534.5,-13.7,239.8,7.8,99.7,0.3,Healthy,Healthy,-1.0
MAH-NAS-TAG-1239,NAS,Gir Cross,7.2,218,38.06,-0.06,38.37,528.5,-12.4,252.7,2.8,91.6,8.4,Healthy,Healthy,-1.0
MAH-PUN-TAG-1240,PUN,Khillari,2.9,64,38.45,0.02,38.34,424.0,5.8,282.5,-8.7,110.1,-10.1,Healthy,Healthy,-1.0
MAH-PUN-TAG-1240,PUN,Khillari,2.9,137,38.47,0.06,38.32,423.1,6.0,274.8,-5.7,102.0,-2.0,Healthy,Healthy,-1.0
MAH-PUN-TAG-1240,PUN,Khillari,2.9,165,38.01,-0.05,38.3,436.8,2.9,256.3,1.4,89.6,10.4,Healthy,Healthy,-1.0
MAH-PUN-TAG-1240,PUN,Khillari,2.9,211,38.32,0.13,38.32,414.4,7.9,277.0,-6.5,92.7,7.3,Healthy,Healthy,-1.0
MAH-SAT-TAG-1241,SAT,HF Cross,5.4,62,38.66,-0.27,38.47,489.5,-4.1,252.6,2.8,106.3,-6.3,Healthy,Healthy,-1.0
MAH-SAT-TAG-1241,SAT,HF Cross,5.4,130,39.08,0.42,38.58,476.3,-1.3,231.2,11.1,105.5,-5.5,Sub-clinical,BRD,1.3
MAH-SAT-TAG-1241,SAT,HF Cross,5.4,153,39.53,0.48,39.0,454.1,3.4,216.0,16.9,93.1,6.9,Sub-clinical,BRD,0.3
MAH-SAT-TAG-1241,SAT,HF Cross,5.4,196,39.61,0.34,39.63,387.1,17.6,160.2,38.4,61.1,38.9,Clinical,BRD,0.0
MAH-NAS-TAG-1242,NAS,Murrah Buffalo,5.1,110,38.71,-0.03,38.39,426.2,5.3,278.8,-7.2,118.6,-18.6,Healthy,Healthy,-1.0
MAH-NAS-TAG-1242,NAS,Murrah Buffalo,5.1,179,39.17,0.35,38.62,405.0,10.0,259.1,0.3,101.5,-1.5,Sub-clinical,FMD,1.3
MAH-NAS-TAG-1242,NAS,Murrah Buffalo,5.1,203,39.8,0.63,39.17,323.5,28.1,209.6,19.4,94.5,5.5,Sub-clinical,FMD,0.3
MAH-NAS-TAG-1242,NAS,Murrah Buffalo,5.1,247,40.35,0.33,40.08,256.0,43.1,128.5,50.6,57.3,42.7,Clinical,FMD,0.0
MAH-KOL-TAG-1243,KOL,HF Cross,2.8,105,38.63,-0.09,38.43,498.1,-6.0,278.8,-7.2,109.9,-9.9,Healthy,Healthy,-1.0
MAH-KOL-TAG-1243,KOL,HF Cross,2.8,171,38.23,0.14,38.39,493.5,-5.0,262.3,-0.9,87.1,12.9,Healthy,Healthy,-1.0
MAH-KOL-TAG-1243,KOL,HF Cross,2.8,192,38.01,-0.02,38.39,475.7,-1.2,249.7,4.0,89.6,10.4,Healthy,Healthy,-1.0
MAH-KOL-TAG-1243,KOL,HF Cross,2.8,235,38.25,-0.01,38.4,438.0,6.8,270.6,-4.1,105.7,-5.7,Healthy,Healthy,-1.0
MAH-SOL-TAG-1244,SOL,Red Kandhari,8.1,50,38.16,0.09,38.37,474.9,-5.5,219.6,15.5,86.3,13.7,Healthy,Healthy,-1.0
MAH-SOL-TAG-1244,SOL,Red Kandhari,8.1,127,38.34,-0.15,38.31,431.3,4.2,212.3,18.3,90.9,9.1,Sub-clinical,Ketosis,1.8
MAH-SOL-TAG-1244,SOL,Red Kandhari,8.1,159,38.53,0.06,38.24,334.1,25.8,204.1,21.5,92.6,7.4,Sub-clinical,Ketosis,0.5
MAH-SOL-TAG-1244,SOL,Red Kandhari,8.1,206,38.4,-0.02,38.12,250.3,44.4,159.1,38.8,83.3,16.7,Clinical,Ketosis,0.0
MAH-KOL-TAG-1245,KOL,Murrah Buffalo,3.6,120,38.15,-0.12,38.56,429.7,4.5,259.8,0.1,66.0,34.0,Healthy,Healthy,-1.0
MAH-KOL-TAG-1245,KOL,Murrah Buffalo,3.6,195,38.76,0.41,38.82,389.3,13.5,236.1,9.2,62.3,37.7,Sub-clinical,FMD,1.8
MAH-KOL-TAG-1245,KOL,Murrah Buffalo,3.6,227,39.91,0.32,39.42,302.3,32.8,231.8,10.8,72.5,27.5,Sub-clinical,FMD,0.4
MAH-KOL-TAG-1245,KOL,Murrah Buffalo,3.6,273,40.75,0.41,40.29,217.4,51.7,160.5,38.3,46.4,53.6,Clinical,FMD,0.0
MAH-AHM-TAG-1246,AHM,Dangi,7.2,156,38.62,-0.02,38.32,438.8,2.5,298.9,-15.0,122.4,-22.4,Healthy,Healthy,-1.0
MAH-AHM-TAG-1246,AHM,Dangi,7.2,223,38.38,-0.26,38.29,461.3,-2.5,290.2,-11.6,109.8,-9.8,Healthy,Healthy,-1.0
MAH-AHM-TAG-1246,AHM,Dangi,7.2,244,38.04,-0.19,38.29,470.0,-4.4,268.7,-3.3,100.4,-0.4,Healthy,Healthy,-1.0
MAH-AHM-TAG-1246,AHM,Dangi,7.2,288,37.96,-0.04,38.28,430.1,4.4,259.4,0.2,83.3,16.7,Healthy,Healthy,-1.0
MAH-SAT-TAG-1247,SAT,Red Kandhari,3.4,84,38.79,-0.03,38.46,471.2,-4.7,256.2,1.5,111.9,-11.9,Healthy,Healthy,-1.0
MAH-SAT-TAG-1247,SAT,Red Kandhari,3.4,156,39.28,0.53,38.67,429.2,4.6,239.8,7.8,101.9,-1.9,Sub-clinical,LSD,1.6
MAH-SAT-TAG-1247,SAT,Red Kandhari,3.4,185,39.4,0.43,39.1,343.6,23.6,205.5,21.0,76.8,23.2,Sub-clinical,LSD,0.4
MAH-SAT-TAG-1247,SAT,Red Kandhari,3.4,230,40.16,0.31,39.76,314.1,30.2,178.1,31.5,75.0,25.0,Clinical,LSD,0.0
MAH-KOL-TAG-1248,KOL,Gir Cross,7.6,136,38.78,0.18,38.49,474.3,-0.9,250.1,3.8,93.4,6.6,Healthy,Healthy,-1.0
MAH-KOL-TAG-1248,KOL,Gir Cross,7.6,205,38.67,-0.18,38.42,440.8,6.2,223.3,14.1,96.4,3.6,Sub-clinical,Ketosis,1.4
MAH-KOL-TAG-1248,KOL,Gir Cross,7.6,229,38.73,0.06,38.36,367.9,21.7,195.0,25.0,99.3,0.7,Sub-clinical,Ketosis,0.4
MAH-KOL-TAG-1248,KOL,Gir Cross,7.6,273,38.33,-0.16,38.17,318.7,32.2,133.6,48.6,63.9,36.1,Clinical,Ketosis,0.0
MAH-NAS-TAG-1249,NAS,Gir Cross,4.8,141,38.28,0.05,38.45,475.2,-1.1,240.1,7.7,102.1,-2.1,Healthy,Healthy,-1.0
MAH-NAS-TAG-1249,NAS,Gir Cross,4.8,211,38.42,0.09,38.44,402.7,14.3,231.0,11.2,87.4,12.6,Sub-clinical,Ketosis,1.4
MAH-NAS-TAG-1249,NAS,Gir Cross,4.8,236,38.03,-0.25,38.35,357.7,23.9,183.1,29.6,79.1,20.9,Sub-clinical,Ketosis,0.4
MAH-NAS-TAG-1249,NAS,Gir Cross,4.8,280,38.3,-0.1,38.21,252.8,46.2,161.4,37.9,87.1,12.9,Clinical,Ketosis,0.0
MAH-PUN-TAG-1250,PUN,Gir Cross,7.5,50,38.03,-0.07,38.43,480.9,-2.3,241.5,7.1,79.4,20.6,Healthy,Healthy,-1.0
MAH-PUN-TAG-1250,PUN,Gir Cross,7.5,126,38.78,0.34,38.64,479.2,-2.0,256.5,1.3,89.0,11.0,Sub-clinical,BRD,1.8
MAH-PUN-TAG-1250,PUN,Gir Cross,7.5,157,39.52,0.24,39.01,377.4,19.7,260.3,-0.1,99.7,0.3,Sub-clinical,BRD,0.5
MAH-PUN-TAG-1250,PUN,Gir Cross,7.5,204,40.12,0.45,39.62,323.4,31.2,210.7,19.0,74.3,25.7,Clinical,BRD,0.0
MAH-NAS-TAG-1251,NAS,Khillari,2.3,156,39.12,-0.09,38.75,411.9,8.5,237.9,8.5,108.5,-8.5,Healthy,Healthy,-1.0
MAH-NAS-TAG-1251,NAS,Khillari,2.3,232,38.85,-0.11,38.77,396.9,11.8,236.8,8.9,110.2,-10.2,Healthy,Healthy,-1.0
MAH-NAS-TAG-1251,NAS,Khillari,2.3,265,38.5,0.15,38.75,435.2,3.3,200.5,22.9,84.4,15.6,Healthy,Healthy,-1.0
MAH-NAS-TAG-1251,NAS,Khillari,2.3,312,38.33,-0.18,38.76,415.4,7.7,209.2,19.5,85.6,14.4,Healthy,Healthy,-1.0
MAH-SAT-TAG-1252,SAT,Dangi,3.1,52,38.12,0.02,38.24,481.6,-7.0,270.1,-3.9,99.2,0.8,Healthy,Healthy,-1.0
MAH-SAT-TAG-1252,SAT,Dangi,3.1,120,37.82,-0.02,38.24,447.5,0.6,261.2,-0.5,90.9,9.1,Healthy,Healthy,-1.0
MAH-SAT-TAG-1252,SAT,Dangi,3.1,143,38.02,0.1,38.23,463.4,-3.0,261.1,-0.4,95.6,4.4,Healthy,Healthy,-1.0
MAH-SAT-TAG-1252,SAT,Dangi,3.1,187,38.24,0.08,38.25,437.7,2.7,278.1,-7.0,95.9,4.1,Healthy,Healthy,-1.0
MAH-KOL-TAG-1253,KOL,Murrah Buffalo,3.6,100,38.36,0.06,38.45,466.3,-3.6,273.6,-5.2,82.7,17.3,Healthy,Healthy,-1.0
MAH-KOL-TAG-1253,KOL,Murrah Buffalo,3.6,177,38.98,0.29,38.64,426.3,5.3,275.5,-6.0,92.9,7.1,Sub-clinical,BRD,1.8
MAH-KOL-TAG-1253,KOL,Murrah Buffalo,3.6,210,39.26,0.42,39.04,334.8,25.6,243.5,6.3,73.6,26.4,Sub-clinical,BRD,0.4
MAH-KOL-TAG-1253,KOL,Murrah Buffalo,3.6,256,39.92,0.36,39.61,285.5,36.6,220.0,15.4,69.8,30.2,Clinical,BRD,0.0
MAH-SOL-TAG-1254,SOL,HF Cross,5.4,117,38.23,0.09,38.45,431.9,8.1,240.7,7.4,101.2,-1.2,Healthy,Healthy,-1.0
MAH-SOL-TAG-1254,SOL,HF Cross,5.4,190,38.39,0.22,38.6,417.7,11.1,221.6,14.8,88.8,11.2,Sub-clinical,BRD,1.6
MAH-SOL-TAG-1254,SOL,HF Cross,5.4,218,38.93,0.52,38.97,399.6,15.0,197.8,23.9,82.8,17.2,Sub-clinical,BRD,0.4
MAH-SOL-TAG-1254,SOL,HF Cross,5.4,264,39.4,0.24,39.61,310.1,34.0,161.5,37.9,60.1,39.9,Clinical,BRD,0.0
MAH-NAS-TAG-1255,NAS,Dangi,3.1,50,38.18,-0.2,38.56,473.4,-5.2,220.4,15.2,97.6,2.4,Healthy,Healthy,-1.0
MAH-NAS-TAG-1255,NAS,Dangi,3.1,123,38.21,-0.08,38.5,418.3,7.0,188.4,27.5,88.8,11.2,Sub-clinical,Ketosis,1.6
MAH-NAS-TAG-1255,NAS,Dangi,3.1,151,38.5,0.01,38.44,362.2,19.5,190.1,26.9,101.2,-1.2,Sub-clinical,Ketosis,0.4
MAH-NAS-TAG-1255,NAS,Dangi,3.1,196,38.22,0.02,38.29,270.5,39.9,118.6,54.4,74.7,25.3,Clinical,Ketosis,0.0
MAH-AHM-TAG-1256,AHM,Dangi,6.3,62,38.81,0.06,38.56,422.1,6.2,292.0,-12.3,119.6,-19.6,Healthy,Healthy,-1.0
MAH-AHM-TAG-1256,AHM,Dangi,6.3,139,38.83,0.31,38.77,387.1,14.0,239.5,7.9,100.9,-0.9,Sub-clinical,BRD,1.8
MAH-AHM-TAG-1256,AHM,Dangi,6.3,171,39.18,0.35,39.17,373.4,17.0,229.3,11.8,74.3,25.7,Sub-clinical,BRD,0.5
MAH-AHM-TAG-1256,AHM,Dangi,6.3,218,39.56,0.31,39.73,299.4,33.5,176.8,32.0,66.7,33.3,Clinical,BRD,0.0
MAH-AHM-TAG-1257,AHM,Murrah Buffalo,2.7,55,38.53,-0.1,38.42,478.8,-6.4,250.3,3.7,103.6,-3.6,Healthy,Healthy,-1.0
MAH-AHM-TAG-1257,AHM,Murrah Buffalo,2.7,126,38.26,-0.2,38.39,423.7,5.8,209.3,19.5,83.4,16.6,Sub-clinical,Ketosis,1.4
MAH-AHM-TAG-1257,AHM,Murrah Buffalo,2.7,152,38.54,0.07,38.32,358.5,20.3,187.7,27.8,91.3,8.7,Sub-clinical,Ketosis,0.4
MAH-AHM-TAG-1257,AHM,Murrah Buffalo,2.7,196,37.97,-0.07,38.16,286.0,36.4,118.0,54.6,64.5,35.5,Clinical,Ketosis,0.0
MAH-SAT-TAG-1258,SAT,Dangi,6.5,144,38.03,-0.22,38.44,435.0,3.3,247.4,4.8,91.7,8.3,Healthy,Healthy,-1.0
MAH-SAT-TAG-1258,SAT,Dangi,6.5,209,38.89,0.26,38.63,377.8,16.0,254.9,2.0,92.7,7.3,Sub-clinical,LSD,1.1
MAH-SAT-TAG-1258,SAT,Dangi,6.5,228,39.43,0.4,39.0,362.3,19.5,237.3,8.7,88.1,11.9,Sub-clinical,LSD,0.3
MAH-SAT-TAG-1258,SAT,Dangi,6.5,271,39.98,0.29,39.78,328.2,27.1,183.1,29.6,62.0,38.0,Clinical,LSD,0.0
MAH-KOL-TAG-1259,KOL,Murrah Buffalo,7.7,62,38.43,-0.08,38.26,422.9,6.0,271.6,-4.5,101.4,-1.4,Healthy,Healthy,-1.0
MAH-KOL-TAG-1259,KOL,Murrah Buffalo,7.7,137,38.2,-0.06,38.14,360.8,19.8,227.5,12.5,83.0,17.0,Sub-clinical,Ketosis,1.7
MAH-KOL-TAG-1259,KOL,Murrah Buffalo,7.7,167,37.63,-0.21,38.06,308.2,31.5,166.5,36.0,60.3,39.7,Sub-clinical,Ketosis,0.4
MAH-KOL-TAG-1259,KOL,Murrah Buffalo,7.7,213,37.73,0.0,37.92,212.2,52.8,134.9,48.1,42.4,57.6,Clinical,Ketosis,0.0
MAH-NAS-TAG-1260,NAS,Dangi,6.2,91,38.45,-0.05,38.61,415.5,7.7,276.2,-6.2,100.9,-0.9,Healthy,Healthy,-1.0
MAH-NAS-TAG-1260,NAS,Dangi,6.2,157,39.18,0.16,38.77,398.6,11.4,273.4,-5.2,114.3,-14.3,Sub-clinical,Mastitis,1.2
MAH-NAS-TAG-1260,NAS,Dangi,6.2,177,39.54,0.41,39.11,366.3,18.6,239.7,7.8,101.6,-1.6,Sub-clinical,Mastitis,0.3
MAH-NAS-TAG-1260,NAS,Dangi,6.2,220,39.77,0.22,39.84,301.9,32.9,188.1,27.7,79.2,20.8,Clinical,Mastitis,0.0
MAH-AHM-TAG-1261,AHM,Khillari,4.2,115,38.22,0.14,38.16,390.2,13.3,245.3,5.7,88.6,11.4,Healthy,Healthy,-1.0
MAH-AHM-TAG-1261,AHM,Khillari,4.2,182,38.83,0.28,38.34,350.6,22.1,225.4,13.3,100.4,-0.4,Sub-clinical,FMD,1.2
MAH-AHM-TAG-1261,AHM,Khillari,4.2,204,39.64,0.7,38.91,301.5,33.0,178.8,31.2,85.8,14.2,Sub-clinical,FMD,0.3
MAH-AHM-TAG-1261,AHM,Khillari,4.2,247,40.16,0.49,39.89,219.7,51.2,123.8,52.4,59.4,40.6,Clinical,FMD,0.0
MAH-SAN-TAG-1262,SAN,Khillari,6.5,60,38.89,0.07,38.49,472.8,-5.1,247.0,5.0,110.5,-10.5,Healthy,Healthy,-1.0
MAH-SAN-TAG-1262,SAN,Khillari,6.5,126,38.92,0.5,38.63,443.5,1.4,199.0,23.5,77.4,22.6,Sub-clinical,FMD,1.2
MAH-SAN-TAG-1262,SAN,Khillari,6.5,146,39.12,0.54,39.18,369.0,18.0,139.2,46.5,49.4,50.6,Sub-clinical,FMD,0.3
MAH-SAN-TAG-1262,SAN,Khillari,6.5,189,40.27,0.53,40.21,208.7,53.6,63.7,75.5,37.0,63.0,Clinical,FMD,0.0
MAH-AHM-TAG-1263,AHM,Red Kandhari,2.7,48,38.17,-0.18,38.61,438.1,2.6,257.2,1.1,75.5,24.5,Healthy,Healthy,-1.0
MAH-AHM-TAG-1263,AHM,Red Kandhari,2.7,120,38.05,-0.16,38.58,437.1,2.9,244.0,6.2,73.4,26.6,Healthy,Healthy,-1.0
MAH-AHM-TAG-1263,AHM,Red Kandhari,2.7,147,38.45,0.23,38.56,455.2,-1.2,249.6,4.0,83.5,16.5,Healthy,Healthy,-1.0
MAH-AHM-TAG-1263,AHM,Red Kandhari,2.7,192,38.31,-0.01,38.58,443.9,1.4,255.2,1.8,70.7,29.3,Healthy,Healthy,-1.0
MAH-SOL-TAG-1264,SOL,Red Kandhari,4.0,134,38.9,0.16,38.56,453.6,-0.8,290.8,-11.8,103.9,-3.9,Healthy,Healthy,-1.0
MAH-SOL-TAG-1264,SOL,Red Kandhari,4.0,202,38.96,0.03,38.59,479.2,-6.5,285.4,-9.8,105.4,-5.4,Healthy,Healthy,-1.0
MAH-SOL-TAG-1264,SOL,Red Kandhari,4.0,225,38.77,-0.08,38.57,492.2,-9.4,286.6,-10.2,107.7,-7.7,Healthy,Healthy,-1.0
MAH-SOL-TAG-1264,SOL,Red Kandhari,4.0,268,38.38,0.08,38.54,504.1,-12.0,259.6,0.2,91.1,8.9,Healthy,Healthy,-1.0
MAH-PUN-TAG-1265,PUN,HF Cross,5.8,132,39.1,-0.22,38.79,433.6,7.7,266.2,-2.4,120.9,-20.9,Healthy,Healthy,-1.0
MAH-PUN-TAG-1265,PUN,HF Cross,5.8,208,39.47,0.24,38.98,363.0,22.8,230.6,11.3,102.7,-2.7,Sub-clinical,Mastitis,1.8
MAH-PUN-TAG-1265,PUN,HF Cross,5.8,241,39.12,0.2,39.38,363.1,22.7,183.9,29.3,84.6,15.4,Sub-clinical,Mastitis,0.5
MAH-PUN-TAG-1265,PUN,HF Cross,5.8,288,39.68,0.16,40.0,265.1,43.6,148.7,42.8,73.3,26.7,Clinical,Mastitis,0.0
MAH-KOL-TAG-1266,KOL,HF Cross,5.3,112,38.59,-0.03,38.46,438.1,6.8,281.1,-8.1,99.2,0.8,Healthy,Healthy,-1.0
MAH-KOL-TAG-1266,KOL,HF Cross,5.3,190,38.18,0.01,38.42,436.7,7.1,237.8,8.5,87.5,12.5,Healthy,Healthy,-1.0
MAH-KOL-TAG-1266,KOL,HF Cross,5.3,224,38.69,-0.02,38.47,490.8,-4.4,276.1,-6.2,106.9,-6.9,Healthy,Healthy,-1.0
MAH-KOL-TAG-1266,KOL,HF Cross,5.3,271,38.66,0.16,38.45,507.2,-7.9,277.3,-6.7,102.7,-2.7,Healthy,Healthy,-1.0
MAH-SAN-TAG-1267,SAN,Red Kandhari,3.4,81,38.69,0.01,38.44,479.9,-6.6,268.4,-3.2,115.4,-15.4,Healthy,Healthy,-1.0
MAH-SAN-TAG-1267,SAN,Red Kandhari,3.4,152,39.04,0.44,38.65,434.4,3.5,227.9,12.3,94.3,5.7,Sub-clinical,FMD,1.5
MAH-SAN-TAG-1267,SAN,Red Kandhari,3.4,178,39.88,0.57,39.24,353.9,21.4,205.8,20.8,88.5,11.5,Sub-clinical,FMD,0.4
MAH-SAN-TAG-1267,SAN,Red Kandhari,3.4,223,40.42,0.44,40.14,246.2,45.3,136.1,47.7,55.2,44.8,Clinical,FMD,0.0
MAH-SAN-TAG-1268,SAN,Khillari,8.8,163,38.58,-0.09,38.7,412.1,8.4,259.1,0.3,95.2,4.8,Healthy,Healthy,-1.0
MAH-SAN-TAG-1268,SAN,Khillari,8.8,234,39.14,0.47,38.87,362.3,19.5,224.2,13.8,84.9,15.1,Sub-clinical,BRD,1.5
MAH-SAN-TAG-1268,SAN,Khillari,8.8,260,39.26,0.6,39.23,333.1,26.0,201.0,22.7,72.6,27.4,Sub-clinical,BRD,0.4
MAH-SAN-TAG-1268,SAN,Khillari,8.8,304,40.14,0.32,39.86,269.3,40.2,183.7,29.3,77.0,23.0,Clinical,BRD,0.0
MAH-PUN-TAG-1269,PUN,HF Cross,7.8,120,37.89,-0.06,38.34,446.6,5.0,238.9,8.1,83.8,16.2,Healthy,Healthy,-1.0
MAH-PUN-TAG-1269,PUN,HF Cross,7.8,194,38.12,0.12,38.34,460.7,2.0,240.0,7.7,86.6,13.4,Healthy,Healthy,-1.0
MAH-PUN-TAG-1269,PUN,HF Cross,7.8,225,38.63,-0.01,38.39,468.6,0.3,273.7,-5.3,114.5,-14.5,Healthy,Healthy,-1.0
MAH-PUN-TAG-1269,PUN,HF Cross,7.8,271,38.4,-0.12,38.34,466.4,0.8,261.9,-0.7,114.4,-14.4,Healthy,Healthy,-1.0
MAH-SAN-TAG-1270,SAN,Dangi,3.7,50,38.43,0.19,38.6,473.9,-5.3,249.6,4.0,101.1,-1.1,Healthy,Healthy,-1.0
MAH-SAN-TAG-1270,SAN,Dangi,3.7,121,38.19,-0.01,38.54,406.8,9.6,212.3,18.3,97.7,2.3,Sub-clinical,Ketosis,1.5
MAH-SAN-TAG-1270,SAN,Dangi,3.7,147,38.31,0.01,38.47,382.4,15.0,180.3,30.7,87.6,12.4,Sub-clinical,Ketosis,0.4
MAH-SAN-TAG-1270,SAN,Dangi,3.7,192,37.94,0.0,38.31,245.9,45.4,122.5,52.9,66.5,33.5,Clinical,Ketosis,0.0
MAH-AHM-TAG-1271,AHM,Murrah Buffalo,7.1,67,37.95,-0.26,38.1,413.7,8.1,236.6,9.0,88.0,12.0,Healthy,Healthy,-1.0
MAH-AHM-TAG-1271,AHM,Murrah Buffalo,7.1,144,38.2,0.38,38.3,397.7,11.6,207.1,20.3,62.4,37.6,Sub-clinical,Mastitis,1.9
MAH-AHM-TAG-1271,AHM,Murrah Buffalo,7.1,178,39.18,0.4,38.73,364.7,19.0,217.8,16.2,93.1,6.9,Sub-clinical,Mastitis,0.5
MAH-AHM-TAG-1271,AHM,Murrah Buffalo,7.1,225,39.8,0.47,39.37,289.8,35.6,188.9,27.3,75.6,24.4,Clinical,Mastitis,0.0
MAH-NAS-TAG-1272,NAS,Dangi,4.7,50,38.27,0.18,38.49,473.6,-5.2,250.1,3.8,79.5,20.5,Healthy,Healthy,-1.0
MAH-NAS-TAG-1272,NAS,Dangi,4.7,123,38.27,-0.08,38.46,415.7,7.6,220.4,15.2,70.8,29.2,Sub-clinical,Ketosis,1.6
MAH-NAS-TAG-1272,NAS,Dangi,4.7,151,38.42,-0.05,38.38,371.1,17.5,212.3,18.3,81.6,18.4,Sub-clinical,Ketosis,0.4
MAH-NAS-TAG-1272,NAS,Dangi,4.7,196,37.89,-0.21,38.22,274.2,39.1,147.4,43.3,63.5,36.5,Clinical,Ketosis,0.0
MAH-SAT-TAG-1273,SAT,Murrah Buffalo,8.0,98,38.22,-0.06,38.62,420.3,6.6,252.6,2.8,91.6,8.4,Healthy,Healthy,-1.0
MAH-SAT-TAG-1273,SAT,Murrah Buffalo,8.0,169,38.1,-0.21,38.56,376.4,16.4,203.5,21.7,82.8,17.2,Sub-clinical,Ketosis,1.5
MAH-SAT-TAG-1273,SAT,Murrah Buffalo,8.0,195,38.09,-0.34,38.48,343.0,23.8,204.2,21.5,87.5,12.5,Sub-clinical,Ketosis,0.4
MAH-SAT-TAG-1273,SAT,Murrah Buffalo,8.0,240,37.98,0.0,38.35,206.7,54.1,131.9,49.3,51.4,48.6,Clinical,Ketosis,0.0
MAH-KOL-TAG-1274,KOL,Red Kandhari,5.3,55,38.68,0.01,38.53,499.5,-11.0,264.3,-1.7,110.0,-10.0,Healthy,Healthy,-1.0
MAH-KOL-TAG-1274,KOL,Red Kandhari,5.3,127,38.58,-0.03,38.48,445.6,1.0,226.0,13.1,103.3,-3.3,Sub-clinical,Ketosis,1.5
MAH-KOL-TAG-1274,KOL,Red Kandhari,5.3,154,38.78,0.05,38.39,365.4,18.8,208.7,19.7,100.9,-0.9,Sub-clinical,Ketosis,0.4
MAH-KOL-TAG-1274,KOL,Red Kandhari,5.3,199,38.34,0.05,38.23,280.6,37.6,163.6,37.1,78.0,22.0,Clinical,Ketosis,0.0
MAH-AHM-TAG-1275,AHM,Dangi,7.6,129,38.74,-0.18,38.67,466.6,-3.7,302.4,-16.3,115.5,-15.5,Healthy,Healthy,-1.0
MAH-AHM-TAG-1275,AHM,Dangi,7.6,205,38.97,-0.05,38.66,382.9,14.9,284.6,-9.5,115.2,-15.2,Sub-clinical,Ketosis,1.8
MAH-AHM-TAG-1275,AHM,Dangi,7.6,236,38.24,-0.24,38.57,309.2,31.3,220.5,15.2,93.6,6.4,Sub-clinical,Ketosis,0.5
MAH-AHM-TAG-1275,AHM,Dangi,7.6,283,38.24,-0.16,38.4,213.4,52.6,164.1,36.9,87.0,13.0,Clinical,Ketosis,0.0
MAH-SAT-TAG-1276,SAT,Dangi,4.1,67,38.49,0.07,38.6,416.1,7.5,262.5,-1.0,104.4,-4.4,Healthy,Healthy,-1.0
MAH-SAT-TAG-1276,SAT,Dangi,4.1,134,39.2,0.38,38.75,405.6,9.9,257.6,0.9,107.7,-7.7,Sub-clinical,BRD,1.2
MAH-SAT-TAG-1276,SAT,Dangi,4.1,156,39.77,0.53,39.13,372.7,17.2,241.3,7.2,101.7,-1.7,Sub-clinical,BRD,0.3
MAH-SAT-TAG-1276,SAT,Dangi,4.1,199,40.02,0.26,39.77,338.4,24.8,182.6,29.8,75.6,24.4,Clinical,BRD,0.0
MAH-PUN-TAG-1277,PUN,Gir Cross,3.6,124,38.35,-0.08,38.55,526.5,-12.0,253.0,2.7,91.4,8.6,Healthy,Healthy,-1.0
MAH-PUN-TAG-1277,PUN,Gir Cross,3.6,199,38.65,0.06,38.56,512.4,-9.0,272.4,-4.8,103.7,-3.7,Healthy,Healthy,-1.0
MAH-PUN-TAG-1277,PUN,Gir Cross,3.6,229,38.91,-0.05,38.55,487.3,-3.7,291.3,-12.0,112.3,-12.3,Healthy,Healthy,-1.0
MAH-PUN-TAG-1277,PUN,Gir Cross,3.6,276,38.95,0.1,38.54,481.2,-2.4,286.0,-10.0,117.5,-17.5,Healthy,Healthy,-1.0
MAH-AHM-TAG-1278,AHM,Murrah Buffalo,4.6,86,38.66,-0.06,38.36,462.8,-2.8,276.7,-6.4,116.8,-16.8,Healthy,Healthy,-1.0
MAH-AHM-TAG-1278,AHM,Murrah Buffalo,4.6,160,38.89,0.28,38.57,406.6,9.6,265.0,-1.9,103.9,-3.9,Sub-clinical,Mastitis,1.6
MAH-AHM-TAG-1278,AHM,Murrah Buffalo,4.6,189,38.87,0.21,38.95,368.0,18.2,220.7,15.1,82.1,17.9,Sub-clinical,Mastitis,0.4
MAH-AHM-TAG-1278,AHM,Murrah Buffalo,4.6,235,39.75,0.32,39.59,271.9,39.6,187.0,28.1,81.4,18.6,Clinical,Mastitis,0.0
MAH-KOL-TAG-1279,KOL,Khillari,2.0,108,38.8,0.05,38.51,457.8,-1.7,295.2,-13.5,102.8,-2.8,Healthy,Healthy,-1.0
MAH-KOL-TAG-1279,KOL,Khillari,2.0,180,39.2,0.3,38.71,407.4,9.5,266.3,-2.4,96.2,3.8,Sub-clinical,Mastitis,1.5
MAH-KOL-TAG-1279,KOL,Khillari,2.0,207,39.39,0.31,39.13,334.8,25.6,250.8,3.5,84.5,15.5,Sub-clinical,Mastitis,0.4
MAH-KOL-TAG-1279,KOL,Khillari,2.0,252,40.26,0.24,39.77,292.4,35.0,230.6,11.3,88.5,11.5,Clinical,Mastitis,0.0
MAH-SAN-TAG-1280,SAN,Murrah Buffalo,8.9,132,38.75,-0.09,38.43,440.7,2.1,303.2,-16.6,107.1,-7.1,Healthy,Healthy,-1.0
MAH-SAN-TAG-1280,SAN,Murrah Buffalo,8.9,210,38.43,0.1,38.43,420.7,6.5,291.0,-11.9,85.5,14.5,Healthy,Healthy,-1.0
MAH-SAN-TAG-1280,SAN,Murrah Buffalo,8.9,245,38.29,-0.19,38.44,479.8,-6.6,281.9,-8.4,85.5,14.5,Healthy,Healthy,-1.0
MAH-SAN-TAG-1280,SAN,Murrah Buffalo,8.9,292,38.33,0.0,38.42,456.9,-1.5,274.7,-5.7,85.3,14.7,Healthy,Healthy,-1.0
MAH-SAN-TAG-1281,SAN,HF Cross,4.5,88,38.56,0.1,38.39,417.6,11.1,251.3,3.3,110.9,-10.9,Healthy,Healthy,-1.0
MAH-SAN-TAG-1281,SAN,HF Cross,4.5,156,38.81,0.04,38.41,455.0,3.2,268.3,-3.2,120.3,-20.3,Healthy,Healthy,-1.0
MAH-SAN-TAG-1281,SAN,HF Cross,4.5,179,38.61,-0.09,38.39,462.3,1.6,256.0,1.5,112.3,-12.3,Healthy,Healthy,-1.0
MAH-SAN-TAG-1281,SAN,HF Cross,4.5,223,38.51,0.01,38.38,476.3,-1.3,257.1,1.1,111.5,-11.5,Healthy,Healthy,-1.0
MAH-KOL-TAG-1282,KOL,Gir Cross,5.0,76,38.48,0.09,38.59,483.6,-2.9,272.3,-4.7,88.7,11.3,Healthy,Healthy,-1.0
MAH-KOL-TAG-1282,KOL,Gir Cross,5.0,154,38.93,-0.05,38.64,475.2,-1.1,291.0,-11.9,116.1,-16.1,Healthy,Healthy,-1.0
MAH-KOL-TAG-1282,KOL,Gir Cross,5.0,188,38.51,0.01,38.63,431.1,8.3,256.9,1.2,94.4,5.6,Healthy,Healthy,-1.0
MAH-KOL-TAG-1282,KOL,Gir Cross,5.0,235,38.53,-0.02,38.6,413.4,12.0,262.2,-0.8,98.7,1.3,Healthy,Healthy,-1.0
MAH-NAS-TAG-1283,NAS,Red Kandhari,8.8,160,38.81,0.11,38.63,414.4,7.9,272.2,-4.7,98.8,1.2,Healthy,Healthy,-1.0
MAH-NAS-TAG-1283,NAS,Red Kandhari,8.8,234,38.91,0.22,38.78,381.6,15.2,237.5,8.7,85.0,15.0,Sub-clinical,Mastitis,1.6
MAH-NAS-TAG-1283,NAS,Red Kandhari,8.8,263,38.85,0.21,39.14,348.8,22.5,203.6,21.7,72.1,27.9,Sub-clinical,Mastitis,0.4
MAH-NAS-TAG-1283,NAS,Red Kandhari,8.8,309,39.78,0.22,39.86,258.3,42.6,192.7,25.9,58.7,41.3,Clinical,Mastitis,0.0
MAH-PUN-TAG-1284,PUN,HF Cross,7.1,52,38.16,-0.2,38.47,521.6,-11.0,223.1,14.2,95.7,4.3,Healthy,Healthy,-1.0
MAH-PUN-TAG-1284,PUN,HF Cross,7.1,127,38.65,0.1,38.47,523.2,-11.3,246.3,5.3,107.8,-7.8,Healthy,Healthy,-1.0
MAH-PUN-TAG-1284,PUN,HF Cross,7.1,157,38.85,0.06,38.46,475.2,-1.1,261.7,-0.7,111.1,-11.1,Healthy,Healthy,-1.0
MAH-PUN-TAG-1284,PUN,HF Cross,7.1,204,38.75,-0.15,38.47,497.4,-5.8,257.8,0.8,109.6,-9.6,Healthy,Healthy,-1.0
MAH-SAN-TAG-1285,SAN,Red Kandhari,6.1,57,38.6,-0.07,38.36,505.5,-12.3,271.3,-4.3,112.3,-12.3,Healthy,Healthy,-1.0
MAH-SAN-TAG-1285,SAN,Red Kandhari,6.1,133,39.22,0.45,38.56,425.0,5.6,245.1,5.7,113.0,-13.0,Sub-clinical,LSD,1.8
MAH-SAN-TAG-1285,SAN,Red Kandhari,6.1,164,39.08,0.49,39.0,379.3,15.7,193.2,25.7,80.1,19.9,Sub-clinical,LSD,0.5
MAH-SAN-TAG-1285,SAN,Red Kandhari,6.1,211,39.78,0.28,39.67,305.3,32.2,150.1,42.3,69.5,30.5,Clinical,LSD,0.0
MAH-AHM-TAG-1286,AHM,Dangi,7.4,117,38.33,-0.01,38.67,416.0,7.6,249.4,4.1,88.6,11.4,Healthy,Healthy,-1.0
MAH-AHM-TAG-1286,AHM,Dangi,7.4,184,39.13,0.29,38.82,392.2,12.8,251.6,3.2,98.1,1.9,Sub-clinical,LSD,1.2
MAH-AHM-TAG-1286,AHM,Dangi,7.4,206,39.78,0.5,39.26,359.2,20.2,231.2,11.1,94.4,5.6,Sub-clinical,LSD,0.3
MAH-AHM-TAG-1286,AHM,Dangi,7.4,249,40.48,0.39,40.0,318.6,29.2,186.6,28.2,67.9,32.1,Clinical,LSD,0.0
MAH-KOL-TAG-1287,KOL,Red Kandhari,5.6,153,38.85,-0.16,38.72,478.8,-6.4,260.6,-0.2,117.5,-17.5,Healthy,Healthy,-1.0
MAH-KOL-TAG-1287,KOL,Red Kandhari,5.6,225,38.66,-0.24,38.69,463.1,-2.9,268.5,-3.3,123.0,-23.0,Healthy,Healthy,-1.0
MAH-KOL-TAG-1287,KOL,Red Kandhari,5.6,252,39.09,0.01,38.72,463.2,-2.9,271.8,-4.5,126.6,-26.6,Healthy,Healthy,-1.0
MAH-KOL-TAG-1287,KOL,Red Kandhari,5.6,297,39.01,0.02,38.73,473.1,-5.1,265.5,-2.1,121.5,-21.5,Healthy,Healthy,-1.0
MAH-SOL-TAG-1288,SOL,Gir Cross,7.5,74,38.52,0.08,38.68,455.3,3.1,230.0,11.5,85.5,14.5,Healthy,Healthy,-1.0
MAH-SOL-TAG-1288,SOL,Gir Cross,7.5,141,38.67,0.14,38.79,387.4,17.6,221.6,14.8,77.7,22.3,Sub-clinical,BRD,1.2
MAH-SOL-TAG-1288,SOL,Gir Cross,7.5,163,39.37,0.48,39.19,329.9,29.8,207.8,20.1,81.1,18.9,Sub-clinical,BRD,0.3
MAH-SOL-TAG-1288,SOL,Gir Cross,7.5,206,40.44,0.32,39.88,273.4,41.8,192.1,26.1,88.7,11.3,Clinical,BRD,0.0
MAH-SAT-TAG-1289,SAT,Gir Cross,2.7,62,38.89,0.15,38.49,450.2,4.2,274.5,-5.6,121.7,-21.7,Healthy,Healthy,-1.0
MAH-SAT-TAG-1289,SAT,Gir Cross,2.7,136,39.1,0.57,38.65,411.2,12.5,250.4,3.7,112.8,-12.8,Sub-clinical,BRD,1.6
MAH-SAT-TAG-1289,SAT,Gir Cross,2.7,165,38.95,0.34,39.01,358.5,23.7,216.9,16.6,76.2,23.8,Sub-clinical,BRD,0.4
MAH-SAT-TAG-1289,SAT,Gir Cross,2.7,211,39.7,0.39,39.69,296.7,36.9,183.1,29.6,69.9,30.1,Clinical,BRD,0.0
MAH-SAT-TAG-1290,SAT,Gir Cross,7.0,52,37.9,-0.03,37.94,503.0,-7.0,241.8,7.0,105.0,-5.0,Healthy,Healthy,-1.0
MAH-SAT-TAG-1290,SAT,Gir Cross,7.0,128,38.04,-0.1,37.97,483.5,-2.9,248.9,4.3,115.6,-15.6,Healthy,Healthy,-1.0
MAH-SAT-TAG-1290,SAT,Gir Cross,7.0,159,38.12,-0.14,37.96,442.1,5.9,264.2,-1.6,122.6,-22.6,Healthy,Healthy,-1.0
MAH-SAT-TAG-1290,SAT,Gir Cross,7.0,206,38.39,0.26,37.97,444.2,5.5,265.9,-2.3,122.7,-22.7,Healthy,Healthy,-1.0
MAH-KOL-TAG-1291,KOL,Khillari,2.9,108,39.17,0.02,38.84,495.2,-10.0,293.4,-12.8,123.5,-23.5,Healthy,Healthy,-1.0
MAH-KOL-TAG-1291,KOL,Khillari,2.9,183,39.35,0.41,39.04,433.1,3.8,261.2,-0.5,114.7,-14.7,Sub-clinical,LSD,1.8
MAH-KOL-TAG-1291,KOL,Khillari,2.9,215,39.23,0.23,39.47,398.7,11.4,199.1,23.4,69.3,30.7,Sub-clinical,LSD,0.4
MAH-KOL-TAG-1291,KOL,Khillari,2.9,261,40.09,0.54,40.12,330.5,26.6,167.6,35.5,61.9,38.1,Clinical,LSD,0.0
MAH-SOL-TAG-1292,SOL,Gir Cross,6.9,84,38.82,0.06,38.48,468.0,0.4,281.9,-8.4,120.6,-20.6,Healthy,Healthy,-1.0
MAH-SOL-TAG-1292,SOL,Gir Cross,6.9,161,38.46,-0.2,38.49,459.4,2.3,271.8,-4.5,104.2,-4.2,Healthy,Healthy,-1.0
MAH-SOL-TAG-1292,SOL,Gir Cross,6.9,195,38.18,-0.1,38.48,499.9,-6.4,251.2,3.4,92.4,7.6,Healthy,Healthy,-1.0
MAH-SOL-TAG-1292,SOL,Gir Cross,6.9,242,38.38,0.14,38.5,489.4,-4.1,244.7,5.9,85.1,14.9,Healthy,Healthy,-1.0
MAH-PUN-TAG-1293,PUN,Murrah Buffalo,3.1,88,38.53,-0.14,38.48,413.3,8.2,248.0,4.6,118.0,-18.0,Healthy,Healthy,-1.0
MAH-PUN-TAG-1293,PUN,Murrah Buffalo,3.1,158,39.2,0.41,38.61,390.2,13.3,234.5,9.8,116.0,-16.0,Sub-clinical,BRD,1.4
MAH-PUN-TAG-1293,PUN,Murrah Buffalo,3.1,183,39.38,0.3,38.99,322.5,28.3,195.7,24.7,101.9,-1.9,Sub-clinical,BRD,0.4
MAH-PUN-TAG-1293,PUN,Murrah Buffalo,3.1,228,40.11,0.23,39.64,280.3,37.7,161.7,37.8,94.2,5.8,Clinical,BRD,0.0
MAH-AHM-TAG-1294,AHM,Murrah Buffalo,4.7,117,38.16,-0.04,38.48,463.3,-3.0,245.6,5.5,88.2,11.8,Healthy,Healthy,-1.0
MAH-AHM-TAG-1294,AHM,Murrah Buffalo,4.7,188,38.62,0.24,38.64,410.1,8.9,225.5,13.3,88.3,11.7,Sub-clinical,LSD,1.5
MAH-AHM-TAG-1294,AHM,Murrah Buffalo,4.7,214,38.9,0.24,39.09,387.3,13.9,206.9,20.4,72.3,27.7,Sub-clinical,LSD,0.4
MAH-AHM-TAG-1294,AHM,Murrah Buffalo,4.7,259,39.83,0.1,39.82,305.9,32.0,175.5,32.5,65.5,34.5,Clinical,LSD,0.0
MAH-SOL-TAG-1295,SOL,Red Kandhari,2.4,129,39.01,0.22,38.67,423.8,5.8,289.9,-11.5,107.8,-7.8,Healthy,Healthy,-1.0
MAH-SOL-TAG-1295,SOL,Red Kandhari,2.4,200,38.83,0.0,38.66,421.8,6.3,287.8,-10.7,105.6,-5.6,Healthy,Healthy,-1.0
MAH-SOL-TAG-1295,SOL,Red Kandhari,2.4,226,38.93,0.03,38.65,416.0,7.6,294.4,-13.2,107.8,-7.8,Healthy,Healthy,-1.0
MAH-SOL-TAG-1295,SOL,Red Kandhari,2.4,271,38.78,-0.09,38.66,433.1,3.8,292.7,-12.6,103.8,-3.8,Healthy,Healthy,-1.0
MAH-SOL-TAG-1296,SOL,Murrah Buffalo,5.6,55,38.43,0.12,38.28,464.7,-3.3,275.8,-6.1,114.3,-14.3,Healthy,Healthy,-1.0
MAH-SOL-TAG-1296,SOL,Murrah Buffalo,5.6,123,38.37,0.38,38.41,424.5,5.7,224.3,13.7,89.6,10.4,Sub-clinical,LSD,1.3
MAH-SOL-TAG-1296,SOL,Murrah Buffalo,5.6,146,38.81,0.46,38.86,388.8,13.6,191.9,26.2,74.1,25.9,Sub-clinical,LSD,0.3
MAH-SOL-TAG-1296,SOL,Murrah Buffalo,5.6,189,39.43,0.2,39.6,278.0,38.2,164.3,36.8,63.4,36.6,Clinical,LSD,0.0
MAH-KOL-TAG-1297,KOL,Dangi,6.6,127,38.54,-0.2,38.48,460.3,-2.3,263.8,-1.5,100.6,-0.6,Healthy,Healthy,-1.0
MAH-KOL-TAG-1297,KOL,Dangi,6.6,192,37.99,-0.2,38.42,383.2,14.8,203.3,21.8,75.3,24.7,Sub-clinical,Ketosis,1.1
MAH-KOL-TAG-1297,KOL,Dangi,6.6,211,38.22,-0.11,38.34,302.8,32.7,193.0,25.8,87.1,12.9,Sub-clinical,Ketosis,0.3
MAH-KOL-TAG-1297,KOL,Dangi,6.6,254,38.44,-0.08,38.17,228.4,49.2,160.7,38.2,80.4,19.6,Clinical,Ketosis,0.0
MAH-SAT-TAG-1298,SAT,Gir Cross,6.8,108,38.94,-0.23,38.76,435.8,7.3,285.4,-9.8,118.4,-18.4,Healthy,Healthy,-1.0
MAH-SAT-TAG-1298,SAT,Gir Cross,6.8,182,39.28,0.2,39.0,392.3,16.5,258.5,0.6,113.9,-13.9,Sub-clinical,LSD,1.7
MAH-SAT-TAG-1298,SAT,Gir Cross,6.8,213,39.32,0.37,39.37,340.4,27.6,197.5,24.0,79.1,20.9,Sub-clinical,LSD,0.4
MAH-SAT-TAG-1298,SAT,Gir Cross,6.8,259,40.12,0.24,40.08,277.6,40.9,165.9,36.2,62.6,37.4,Clinical,LSD,0.0
MAH-KOL-TAG-1299,KOL,HF Cross,8.9,69,37.94,0.1,38.28,452.1,3.8,256.0,1.5,86.0,14.0,Healthy,Healthy,-1.0
MAH-KOL-TAG-1299,KOL,HF Cross,8.9,148,38.74,0.47,38.58,437.8,6.9,223.4,14.1,83.3,16.7,Sub-clinical,FMD,1.9
MAH-KOL-TAG-1299,KOL,HF Cross,8.9,182,39.72,0.43,39.16,327.4,30.3,192.5,26.0,76.8,23.2,Sub-clinical,FMD,0.5
MAH-KOL-TAG-1299,KOL,HF Cross,8.9,230,40.54,0.59,39.99,223.4,52.5,147.9,43.1,62.9,37.1,Clinical,FMD,0.0
MAH-PUN-TAG-1300,PUN,Gir Cross,3.5,148,38.2,0.11,38.29,490.7,-4.4,240.9,7.3,81.5,18.5,Healthy,Healthy,-1.0
MAH-PUN-TAG-1300,PUN,Gir Cross,3.5,223,38.35,-0.12,38.32,491.0,-4.5,246.4,5.2,99.0,1.0,Healthy,Healthy,-1.0
MAH-PUN-TAG-1300,PUN,Gir Cross,3.5,253,38.72,0.04,38.34,465.9,0.9,256.4,1.4,110.3,-10.3,Healthy,Healthy,-1.0
MAH-PUN-TAG-1300,PUN,Gir Cross,3.5,300,38.64,-0.06,38.32,467.7,0.5,269.6,-3.7,108.5,-8.5,Healthy,Healthy,-1.0
MAH-AHM-TAG-1301,AHM,Murrah Buffalo,6.6,64,38.47,-0.05,38.31,394.8,12.3,246.9,5.0,121.9,-21.9,Healthy,Healthy,-1.0
MAH-AHM-TAG-1301,AHM,Murrah Buffalo,6.6,138,38.68,0.31,38.46,395.7,12.1,228.4,12.2,106.9,-6.9,Sub-clinical,BRD,1.7
MAH-AHM-TAG-1301,AHM,Murrah Buffalo,6.6,167,38.59,0.23,38.84,366.3,18.6,177.1,31.9,77.2,22.8,Sub-clinical,BRD,0.4
MAH-AHM-TAG-1301,AHM,Murrah Buffalo,6.6,213,39.35,0.32,39.45,268.4,40.4,148.9,42.7,66.7,33.3,Clinical,BRD,0.0
MAH-SAT-TAG-1302,SAT,Murrah Buffalo,8.5,88,38.79,-0.06,38.67,438.5,2.6,268.7,-3.3,107.4,-7.4,Healthy,Healthy,-1.0
MAH-SAT-TAG-1302,SAT,Murrah Buffalo,8.5,155,39.6,0.72,38.86,420.2,6.6,249.2,4.2,109.8,-9.8,Sub-clinical,FMD,1.1
MAH-SAT-TAG-1302,SAT,Murrah Buffalo,8.5,175,39.81,0.61,39.4,367.6,18.3,187.6,27.8,80.3,19.7,Sub-clinical,FMD,0.3
MAH-SAT-TAG-1302,SAT,Murrah Buffalo,8.5,218,40.26,0.39,40.36,270.0,40.0,99.5,61.7,47.0,53.0,Clinical,FMD,0.0
MAH-SAN-TAG-1303,SAN,Red Kandhari,6.8,86,38.94,-0.01,38.64,422.1,6.2,268.3,-3.2,119.2,-19.2,Healthy,Healthy,-1.0
MAH-SAN-TAG-1303,SAN,Red Kandhari,6.8,161,38.61,-0.11,38.6,351.2,22.0,237.1,8.8,93.0,7.0,Sub-clinical,Ketosis,1.7
MAH-SAN-TAG-1303,SAN,Red Kandhari,6.8,191,38.11,-0.05,38.51,321.0,28.7,176.0,32.3,69.8,30.2,Sub-clinical,Ketosis,0.4
MAH-SAN-TAG-1303,SAN,Red Kandhari,6.8,237,38.06,-0.03,38.36,209.0,53.6,133.6,48.6,64.7,35.3,Clinical,Ketosis,0.0
MAH-SAT-TAG-1304,SAT,Red Kandhari,2.2,122,38.03,-0.18,38.37,468.3,-4.1,230.4,11.4,81.9,18.1,Healthy,Healthy,-1.0
MAH-SAT-TAG-1304,SAT,Red Kandhari,2.2,190,38.44,0.29,38.55,399.1,11.3,229.6,11.7,69.8,30.2,Sub-clinical,LSD,1.3
MAH-SAT-TAG-1304,SAT,Red Kandhari,2.2,213,38.88,0.29,38.97,350.7,22.1,201.2,22.6,69.7,30.3,Sub-clinical,LSD,0.3
MAH-SAT-TAG-1304,SAT,Red Kandhari,2.2,256,40.02,0.39,39.68,285.5,36.6,180.9,30.4,66.1,33.9,Clinical,LSD,0.0
MAH-SOL-TAG-1305,SOL,Khillari,3.6,62,38.67,-0.25,38.55,428.1,4.9,279.3,-7.4,110.0,-10.0,Healthy,Healthy,-1.0
MAH-SOL-TAG-1305,SOL,Khillari,3.6,134,38.97,0.05,38.57,427.6,5.0,273.1,-5.0,113.4,-13.4,Healthy,Healthy,-1.0
MAH-SOL-TAG-1305,SOL,Khillari,3.6,161,38.67,0.09,38.55,405.1,10.0,262.2,-0.8,103.7,-3.7,Healthy,Healthy,-1.0
MAH-SOL-TAG-1305,SOL,Khillari,3.6,206,38.95,0.04,38.58,407.7,9.4,276.0,-6.2,107.3,-7.3,Healthy,Healthy,-1.0
MAH-SAT-TAG-1306,SAT,Murrah Buffalo,5.2,98,38.27,-0.12,38.58,473.5,-5.2,236.7,9.0,102.3,-2.3,Healthy,Healthy,-1.0
MAH-SAT-TAG-1306,SAT,Murrah Buffalo,5.2,167,38.67,0.42,38.82,391.0,13.1,194.3,25.3,80.2,19.8,Sub-clinical,FMD,1.3
MAH-SAT-TAG-1306,SAT,Murrah Buffalo,5.2,191,39.3,0.63,39.39,323.1,28.2,147.5,43.3,76.1,23.9,Sub-clinical,FMD,0.3
MAH-SAT-TAG-1306,SAT,Murrah Buffalo,5.2,235,40.51,0.6,40.33,193.1,57.1,93.5,64.0,59.5,40.5,Clinical,FMD,0.0
MAH-SOL-TAG-1307,SOL,Dangi,3.5,48,38.31,0.06,38.65,429.8,4.5,212.7,18.2,82.9,17.1,Healthy,Healthy,-1.0
MAH-SOL-TAG-1307,SOL,Dangi,3.5,120,38.88,0.61,38.9,380.2,15.5,179.7,30.9,68.9,31.1,Sub-clinical,FMD,1.5
MAH-SOL-TAG-1307,SOL,Dangi,3.5,147,39.57,0.57,39.46,329.7,26.7,141.2,45.7,60.0,40.0,Sub-clinical,FMD,0.4
MAH-SOL-TAG-1307,SOL,Dangi,3.5,192,40.4,0.59,40.38,217.6,51.6,77.4,70.2,31.3,68.7,Clinical,FMD,0.0
MAH-SAT-TAG-1308,SAT,Murrah Buffalo,6.5,153,38.5,0.09,38.27,479.2,-6.5,285.4,-9.8,109.2,-9.2,Healthy,Healthy,-1.0
MAH-SAT-TAG-1308,SAT,Murrah Buffalo,6.5,218,37.87,0.0,38.27,468.2,-4.0,257.8,0.8,78.3,21.7,Healthy,Healthy,-1.0
MAH-SAT-TAG-1308,SAT,Murrah Buffalo,6.5,238,38.05,0.22,38.25,443.7,1.4,248.7,4.3,76.4,23.6,Healthy,Healthy,-1.0
MAH-SAT-TAG-1308,SAT,Murrah Buffalo,6.5,280,38.38,-0.15,38.29,442.8,1.6,276.5,-6.3,98.5,1.5,Healthy,Healthy,-1.0
MAH-NAS-TAG-1309,NAS,Murrah Buffalo,4.1,55,38.78,0.13,38.55,474.5,-5.4,255.1,1.9,100.9,-0.9,Healthy,Healthy,-1.0
MAH-NAS-TAG-1309,NAS,Murrah Buffalo,4.1,127,39.0,0.32,38.73,430.7,4.3,246.2,5.3,100.5,-0.5,Sub-clinical,Mastitis,1.5
MAH-NAS-TAG-1309,NAS,Murrah Buffalo,4.1,154,39.61,0.24,39.16,369.2,18.0,223.6,14.0,111.8,-11.8,Sub-clinical,Mastitis,0.4
MAH-NAS-TAG-1309,NAS,Murrah Buffalo,4.1,199,40.05,0.32,39.77,321.6,28.5,192.7,25.9,94.0,6.0,Clinical,Mastitis,0.0
MAH-SAT-TAG-1310,SAT,Gir Cross,4.1,72,38.18,0.14,38.52,496.1,-5.6,246.5,5.2,79.2,20.8,Healthy,Healthy,-1.0
MAH-SAT-TAG-1310,SAT,Gir Cross,4.1,142,38.45,0.15,38.66,435.9,7.3,218.1,16.1,70.3,29.7,Sub-clinical,LSD,1.4
MAH-SAT-TAG-1310,SAT,Gir Cross,4.1,166,39.02,0.57,39.08,386.7,17.7,198.5,23.7,70.2,29.8,Sub-clinical,LSD,0.4
MAH-SAT-TAG-1310,SAT,Gir Cross,4.1,211,39.99,0.37,39.81,319.0,32.1,182.8,29.7,62.3,37.7,Clinical,LSD,0.0
MAH-SOL-TAG-1311,SOL,HF Cross,7.6,117,37.79,0.11,38.01,435.0,7.4,244.4,6.0,84.3,15.7,Healthy,Healthy,-1.0
MAH-SOL-TAG-1311,SOL,HF Cross,7.6,193,37.47,-0.24,37.98,400.7,14.7,208.4,19.8,71.1,28.9,Sub-clinical,Ketosis,1.8
MAH-SOL-TAG-1311,SOL,HF Cross,7.6,224,38.09,0.03,37.89,369.3,21.4,199.4,23.3,87.0,13.0,Sub-clinical,Ketosis,0.5
MAH-SOL-TAG-1311,SOL,HF Cross,7.6,271,37.76,-0.1,37.77,253.0,46.2,147.1,43.4,77.9,22.1,Clinical,Ketosis,0.0
MAH-PUN-TAG-1312,PUN,Red Kandhari,8.2,144,37.75,-0.05,38.22,488.2,-8.5,213.5,17.9,87.6,12.4,Healthy,Healthy,-1.0
MAH-PUN-TAG-1312,PUN,Red Kandhari,8.2,214,37.97,0.01,38.22,451.9,-0.4,218.8,15.8,93.2,6.8,Healthy,Healthy,-1.0
MAH-PUN-TAG-1312,PUN,Red Kandhari,8.2,238,37.82,-0.15,38.23,454.4,-1.0,219.3,15.7,92.8,7.2,Healthy,Healthy,-1.0
MAH-PUN-TAG-1312,PUN,Red Kandhari,8.2,283,38.24,0.05,38.25,456.1,-1.4,228.7,12.0,91.8,8.2,Healthy,Healthy,-1.0
MAH-AHM-TAG-1313,AHM,Murrah Buffalo,2.4,153,38.53,-0.02,38.31,475.3,-5.6,253.1,2.7,111.8,-11.8,Healthy,Healthy,-1.0
MAH-AHM-TAG-1313,AHM,Murrah Buffalo,2.4,225,38.62,0.03,38.32,475.4,-5.6,245.0,5.8,100.5,-0.5,Healthy,Healthy,-1.0
MAH-AHM-TAG-1313,AHM,Murrah Buffalo,2.4,252,38.52,0.06,38.3,467.1,-3.8,258.6,0.5,113.4,-13.4,Healthy,Healthy,-1.0
MAH-AHM-TAG-1313,AHM,Murrah Buffalo,2.4,297,38.64,0.05,38.3,490.0,-8.9,245.6,5.5,101.6,-1.6,Healthy,Healthy,-1.0
MAH-PUN-TAG-1314,PUN,Murrah Buffalo,2.3,72,37.81,-0.03,38.23,496.5,-10.3,246.0,5.4,94.8,5.2,Healthy,Healthy,-1.0
MAH-PUN-TAG-1314,PUN,Murrah Buffalo,2.3,140,38.04,-0.05,38.21,405.0,10.0,223.3,14.1,93.6,6.4,Sub-clinical,Ketosis,1.3
MAH-PUN-TAG-1314,PUN,Murrah Buffalo,2.3,162,38.2,0.03,38.14,330.3,26.6,201.7,22.4,93.1,6.9,Sub-clinical,Ketosis,0.3
MAH-PUN-TAG-1314,PUN,Murrah Buffalo,2.3,206,38.16,-0.22,38.0,263.1,41.5,183.8,29.3,100.6,-0.6,Clinical,Ketosis,0.0
MAH-KOL-TAG-1315,KOL,Red Kandhari,8.4,146,38.16,0.12,38.45,457.3,-1.6,226.2,13.0,83.3,16.7,Healthy,Healthy,-1.0
MAH-KOL-TAG-1315,KOL,Red Kandhari,8.4,215,38.12,0.05,38.4,380.9,15.4,198.0,23.8,81.9,18.1,Sub-clinical,Ketosis,1.3
MAH-KOL-TAG-1315,KOL,Red Kandhari,8.4,239,37.82,-0.3,38.31,333.9,25.8,167.6,35.5,79.1,20.9,Sub-clinical,Ketosis,0.3
MAH-KOL-TAG-1315,KOL,Red Kandhari,8.4,283,38.07,-0.14,38.18,226.0,49.8,131.2,49.5,65.6,34.4,Clinical,Ketosis,0.0
MAH-AHM-TAG-1316,AHM,Red Kandhari,7.0,98,38.18,-0.02,38.54,421.5,6.3,287.7,-10.7,88.6,11.4,Healthy,Healthy,-1.0
MAH-AHM-TAG-1316,AHM,Red Kandhari,7.0,164,38.7,0.52,38.66,332.1,26.2,272.7,-4.9,82.9,17.1,Sub-clinical,Mastitis,1.2
MAH-AHM-TAG-1316,AHM,Red Kandhari,7.0,185,39.35,0.37,39.05,295.4,34.4,272.2,-4.7,93.8,6.2,Sub-clinical,Mastitis,0.3
MAH-AHM-TAG-1316,AHM,Red Kandhari,7.0,228,40.35,0.41,39.8,253.9,43.6,268.0,-3.1,92.8,7.2,Clinical,Mastitis,0.0
MAH-KOL-TAG-1317,KOL,Dangi,6.6,146,38.35,-0.03,38.62,446.6,0.8,250.4,3.7,89.5,10.5,Healthy,Healthy,-1.0
MAH-KOL-TAG-1317,KOL,Dangi,6.6,223,38.99,0.24,38.81,419.7,6.7,246.9,5.0,102.6,-2.6,Sub-clinical,BRD,1.8
MAH-KOL-TAG-1317,KOL,Dangi,6.6,255,39.65,0.41,39.22,338.6,24.8,224.9,13.5,93.8,6.2,Sub-clinical,BRD,0.5
MAH-KOL-TAG-1317,KOL,Dangi,6.6,302,40.24,0.27,39.81,276.8,38.5,199.9,23.1,91.2,8.8,Clinical,BRD,0.0
MAH-KOL-TAG-1318,KOL,Murrah Buffalo,5.6,98,37.8,-0.09,38.23,431.4,4.1,235.5,9.4,88.5,11.5,Healthy,Healthy,-1.0
MAH-KOL-TAG-1318,KOL,Murrah Buffalo,5.6,168,37.92,0.14,38.23,405.7,9.8,221.8,14.7,92.3,7.7,Healthy,Healthy,-1.0
MAH-KOL-TAG-1318,KOL,Murrah Buffalo,5.6,193,37.8,0.11,38.19,433.7,3.6,228.3,12.2,83.1,16.9,Healthy,Healthy,-1.0
MAH-KOL-TAG-1318,KOL,Murrah Buffalo,5.6,237,37.92,0.03,38.22,389.8,13.4,235.2,9.5,90.1,9.9,Healthy,Healthy,-1.0
MAH-AHM-TAG-1319,AHM,Murrah Buffalo,4.0,153,38.83,0.2,38.4,439.0,2.4,275.1,-5.8,108.9,-8.9,Healthy,Healthy,-1.0
MAH-AHM-TAG-1319,AHM,Murrah Buffalo,4.0,223,38.71,0.26,38.52,415.2,7.7,246.6,5.2,103.9,-3.9,Sub-clinical,Mastitis,1.4
MAH-AHM-TAG-1319,AHM,Murrah Buffalo,4.0,248,39.25,0.35,38.95,356.6,20.8,235.8,9.3,94.7,5.3,Sub-clinical,Mastitis,0.4
MAH-AHM-TAG-1319,AHM,Murrah Buffalo,4.0,292,39.47,0.23,39.62,282.2,37.3,195.6,24.8,66.3,33.7,Clinical,Mastitis,0.0
MAH-NAS-TAG-1320,NAS,Murrah Buffalo,4.4,165,38.22,-0.14,38.55,402.5,10.6,252.0,3.1,75.7,24.3,Healthy,Healthy,-1.0
MAH-NAS-TAG-1320,NAS,Murrah Buffalo,4.4,233,38.99,0.28,38.73,366.0,18.7,248.2,4.5,83.5,16.5,Sub-clinical,LSD,1.3
MAH-NAS-TAG-1320,NAS,Murrah Buffalo,4.4,256,39.47,0.48,39.14,346.9,22.9,236.7,9.0,78.1,21.9,Sub-clinical,LSD,0.3
MAH-NAS-TAG-1320,NAS,Murrah Buffalo,4.4,300,40.25,0.29,39.88,292.1,35.1,201.7,22.4,72.6,27.4,Clinical,LSD,0.0
MAH-NAS-TAG-1321,NAS,Dangi,6.9,81,38.62,-0.05,38.48,452.5,-0.6,267.1,-2.7,105.2,-5.2,Healthy,Healthy,-1.0
MAH-NAS-TAG-1321,NAS,Dangi,6.9,152,38.72,0.06,38.51,457.0,-1.6,264.4,-1.7,108.5,-8.5,Healthy,Healthy,-1.0
MAH-NAS-TAG-1321,NAS,Dangi,6.9,178,38.8,-0.02,38.51,457.3,-1.6,267.2,-2.8,105.8,-5.8,Healthy,Healthy,-1.0
MAH-NAS-TAG-1321,NAS,Dangi,6.9,223,38.5,-0.12,38.48,462.3,-2.7,244.3,6.0,98.9,1.1,Healthy,Healthy,-1.0
MAH-NAS-TAG-1322,NAS,Murrah Buffalo,5.4,165,38.54,-0.01,38.75,437.9,2.7,226.4,12.9,77.5,22.5,Healthy,Healthy,-1.0
MAH-NAS-TAG-1322,NAS,Murrah Buffalo,5.4,233,38.85,-0.18,38.75,381.6,15.2,216.1,16.9,87.6,12.4,Sub-clinical,Ketosis,1.3
MAH-NAS-TAG-1322,NAS,Murrah Buffalo,5.4,256,38.7,-0.17,38.66,328.2,27.1,180.9,30.4,78.0,22.0,Sub-clinical,Ketosis,0.3
MAH-NAS-TAG-1322,NAS,Murrah Buffalo,5.4,300,38.94,0.04,38.5,259.3,42.4,156.7,39.7,76.7,23.3,Clinical,Ketosis,0.0
MAH-SAT-TAG-1323,SAT,Gir Cross,8.3,50,38.28,0.07,38.5,479.0,-1.9,247.9,4.7,85.2,14.8,Healthy,Healthy,-1.0
MAH-SAT-TAG-1323,SAT,Gir Cross,8.3,121,38.47,0.17,38.66,412.7,12.2,230.3,11.4,67.2,32.8,Sub-clinical,BRD,1.5
MAH-SAT-TAG-1323,SAT,Gir Cross,8.3,147,38.93,0.15,39.04,400.9,14.7,217.5,16.3,64.7,35.3,Sub-clinical,BRD,0.4
MAH-SAT-TAG-1323,SAT,Gir Cross,8.3,192,39.43,0.22,39.68,312.4,33.5,171.8,33.9,47.6,52.4,Clinical,BRD,0.0
MAH-SOL-TAG-1324,SOL,Dangi,6.7,158,38.79,-0.06,38.51,481.6,-7.0,285.0,-9.6,113.3,-13.3,Healthy,Healthy,-1.0
MAH-SOL-TAG-1324,SOL,Dangi,6.7,234,39.11,0.69,38.76,392.7,12.7,229.7,11.7,95.7,4.3,Sub-clinical,FMD,1.8
MAH-SOL-TAG-1324,SOL,Dangi,6.7,265,39.14,0.37,39.3,353.4,21.5,161.0,38.1,58.2,41.8,Sub-clinical,FMD,0.5
MAH-SOL-TAG-1324,SOL,Dangi,6.7,312,40.03,0.41,40.21,267.7,40.5,108.4,58.3,32.7,67.3,Clinical,FMD,0.0
MAH-SOL-TAG-1325,SOL,Red Kandhari,4.6,122,38.24,-0.02,38.52,447.0,0.7,218.8,15.8,85.0,15.0,Healthy,Healthy,-1.0
MAH-SOL-TAG-1325,SOL,Red Kandhari,4.6,201,39.25,0.43,38.85,395.3,12.2,223.6,14.0,105.1,-5.1,Sub-clinical,FMD,1.9
MAH-SOL-TAG-1325,SOL,Red Kandhari,4.6,235,39.52,0.5,39.38,297.8,33.8,159.4,38.7,73.7,26.3,Sub-clinical,FMD,0.5
MAH-SOL-TAG-1325,SOL,Red Kandhari,4.6,283,40.28,0.3,40.27,197.3,56.2,87.9,66.2,47.7,52.3,Clinical,FMD,0.0
MAH-SAT-TAG-1326,SAT,Khillari,3.1,103,38.58,0.01,38.52,498.0,-10.7,266.4,-2.5,108.7,-8.7,Healthy,Healthy,-1.0
MAH-SAT-TAG-1326,SAT,Khillari,3.1,172,38.62,0.32,38.63,436.1,3.1,231.6,10.9,94.4,5.6,Sub-clinical,BRD,1.3
MAH-SAT-TAG-1326,SAT,Khillari,3.1,196,39.17,0.55,39.0,401.7,10.7,197.0,24.2,79.8,20.2,Sub-clinical,BRD,0.3
MAH-SAT-TAG-1326,SAT,Khillari,3.1,240,39.48,0.41,39.68,306.7,31.8,154.4,40.6,58.0,42.0,Clinical,BRD,0.0
MAH-SAN-TAG-1327,SAN,Khillari,5.9,57,38.83,-0.09,38.53,472.8,-5.1,242.9,6.6,110.9,-10.9,Healthy,Healthy,-1.0
MAH-SAN-TAG-1327,SAN,Khillari,5.9,128,38.66,0.0,38.49,475.1,-5.6,244.4,6.0,107.2,-7.2,Healthy,Healthy,-1.0
MAH-SAN-TAG-1327,SAN,Khillari,5.9,154,38.74,-0.15,38.53,458.6,-1.9,247.5,4.8,110.8,-10.8,Healthy,Healthy,-1.0
MAH-SAN-TAG-1327,SAN,Khillari,5.9,199,38.62,0.01,38.5,479.0,-6.4,247.6,4.8,104.4,-4.4,Healthy,Healthy,-1.0
MAH-PUN-TAG-1328,PUN,Dangi,7.9,91,38.57,-0.03,38.62,443.9,1.4,259.4,0.2,93.9,6.1,Healthy,Healthy,-1.0
MAH-PUN-TAG-1328,PUN,Dangi,7.9,163,38.59,0.07,38.63,455.0,-1.1,263.7,-1.4,93.5,6.5,Healthy,Healthy,-1.0
MAH-PUN-TAG-1328,PUN,Dangi,7.9,190,38.31,-0.02,38.59,463.0,-2.9,248.8,4.3,89.4,10.6,Healthy,Healthy,-1.0
MAH-PUN-TAG-1328,PUN,Dangi,7.9,235,38.44,-0.1,38.6,438.3,2.6,265.9,-2.3,96.4,3.6,Healthy,Healthy,-1.0
MAH-SAT-TAG-1329,SAT,Dangi,6.5,81,38.88,0.02,38.58,464.0,-3.1,276.4,-6.3,107.5,-7.5,Healthy,Healthy,-1.0
MAH-SAT-TAG-1329,SAT,Dangi,6.5,157,38.93,-0.03,38.58,420.3,6.6,276.2,-6.2,119.7,-19.7,Healthy,Healthy,-1.0
MAH-SAT-TAG-1329,SAT,Dangi,6.5,188,38.43,0.06,38.59,413.0,8.2,244.7,5.9,95.6,4.4,Healthy,Healthy,-1.0
MAH-SAT-TAG-1329,SAT,Dangi,6.5,235,38.53,0.05,38.56,416.0,7.6,251.7,3.2,101.8,-1.8,Healthy,Healthy,-1.0
MAH-AHM-TAG-1330,AHM,Gir Cross,6.8,103,38.53,-0.01,38.46,463.3,1.4,243.4,6.4,88.7,11.3,Healthy,Healthy,-1.0
MAH-AHM-TAG-1330,AHM,Gir Cross,6.8,170,38.51,0.37,38.55,406.3,13.6,191.7,26.3,71.3,28.7,Sub-clinical,Mastitis,1.2
MAH-AHM-TAG-1330,AHM,Gir Cross,6.8,192,38.83,0.54,38.93,342.9,27.0,192.9,25.8,55.9,44.1,Sub-clinical,Mastitis,0.3
MAH-AHM-TAG-1330,AHM,Gir Cross,6.8,235,39.64,0.27,39.66,232.7,50.5,165.1,36.5,60.6,39.4,Clinical,Mastitis,0.0
MAH-AHM-TAG-1331,AHM,Dangi,8.5,112,38.69,-0.01,38.51,448.7,0.3,275.6,-6.0,110.8,-10.8,Healthy,Healthy,-1.0
MAH-AHM-TAG-1331,AHM,Dangi,8.5,180,38.79,0.01,38.49,410.9,8.7,262.5,-1.0,109.9,-9.9,Sub-clinical,Ketosis,1.3
MAH-AHM-TAG-1331,AHM,Dangi,8.5,203,38.53,-0.11,38.36,342.2,24.0,232.8,10.5,100.1,-0.1,Sub-clinical,Ketosis,0.3
MAH-AHM-TAG-1331,AHM,Dangi,8.5,247,38.2,-0.16,38.24,277.5,38.3,178.6,31.3,73.8,26.2,Clinical,Ketosis,0.0
MAH-NAS-TAG-1332,NAS,Dangi,8.6,134,38.74,0.22,38.34,401.2,10.8,282.8,-8.8,112.8,-12.8,Healthy,Healthy,-1.0
MAH-NAS-TAG-1332,NAS,Dangi,8.6,209,38.83,0.4,38.61,336.8,25.2,236.7,9.0,100.8,-0.8,Sub-clinical,FMD,1.7
MAH-NAS-TAG-1332,NAS,Dangi,8.6,239,39.12,0.59,39.16,283.4,37.0,169.9,34.7,60.2,39.8,Sub-clinical,FMD,0.4
MAH-NAS-TAG-1332,NAS,Dangi,8.6,285,39.98,0.25,40.03,183.4,59.2,113.8,56.2,43.5,56.5,Clinical,FMD,0.0
MAH-SAN-TAG-1333,SAN,Dangi,5.5,103,38.74,-0.15,38.64,488.7,-8.6,249.2,4.2,100.0,0.0,Healthy,Healthy,-1.0
MAH-SAN-TAG-1333,SAN,Dangi,5.5,181,39.22,0.13,38.84,407.8,9.4,232.6,10.5,100.3,-0.3,Sub-clinical,BRD,2.0
MAH-SAN-TAG-1333,SAN,Dangi,5.5,216,38.9,0.17,39.18,368.6,18.1,180.3,30.7,71.0,29.0,Sub-clinical,BRD,0.5
MAH-SAN-TAG-1333,SAN,Dangi,5.5,264,39.51,0.29,39.76,298.6,33.6,145.9,43.9,57.1,42.9,Clinical,BRD,0.0
MAH-PUN-TAG-1334,PUN,Khillari,3.7,163,38.25,0.01,38.33,431.2,4.2,258.3,0.7,94.9,5.1,Healthy,Healthy,-1.0
MAH-PUN-TAG-1334,PUN,Khillari,3.7,229,38.63,-0.11,38.36,429.2,4.6,284.7,-9.5,108.9,-8.9,Healthy,Healthy,-1.0
MAH-PUN-TAG-1334,PUN,Khillari,3.7,249,38.55,0.03,38.34,468.6,-4.1,257.5,1.0,111.8,-11.8,Healthy,Healthy,-1.0
MAH-PUN-TAG-1334,PUN,Khillari,3.7,292,38.13,0.01,38.35,473.9,-5.3,247.3,4.9,86.8,13.2,Healthy,Healthy,-1.0
MAH-NAS-TAG-1335,NAS,Dangi,2.3,153,38.8,0.01,38.61,468.1,-4.0,289.0,-11.2,88.8,11.2,Healthy,Healthy,-1.0
MAH-NAS-TAG-1335,NAS,Dangi,2.3,224,39.15,0.41,38.77,423.0,6.0,280.0,-7.7,94.5,5.5,Sub-clinical,Mastitis,1.5
MAH-NAS-TAG-1335,NAS,Dangi,2.3,250,39.81,0.32,39.18,366.0,18.7,257.8,0.8,84.2,15.8,Sub-clinical,Mastitis,0.4
MAH-NAS-TAG-1335,NAS,Dangi,2.3,295,40.09,0.28,39.86,280.8,37.6,215.7,17.0,74.3,25.7,Clinical,Mastitis,0.0
MAH-SAN-TAG-1336,SAN,HF Cross,5.5,160,38.56,0.01,38.36,450.0,4.3,248.3,4.5,101.8,-1.8,Healthy,Healthy,-1.0
MAH-SAN-TAG-1336,SAN,HF Cross,5.5,236,38.63,0.38,38.63,386.9,17.7,187.3,28.0,79.4,20.6,Sub-clinical,FMD,1.8
MAH-SAN-TAG-1336,SAN,HF Cross,5.5,267,38.98,0.2,39.15,362.6,22.9,152.3,41.4,62.6,37.4,Sub-clinical,FMD,0.5
MAH-SAN-TAG-1336,SAN,HF Cross,5.5,314,40.06,0.41,40.06,242.4,48.4,99.6,61.7,25.9,74.1,Clinical,FMD,0.0
MAH-SAN-TAG-1337,SAN,Dangi,5.0,124,38.18,-0.02,38.39,467.9,-4.0,246.8,5.1,100.2,-0.2,Healthy,Healthy,-1.0
MAH-SAN-TAG-1337,SAN,Dangi,5.0,200,39.0,0.39,38.69,416.9,7.4,230.8,11.2,98.2,1.8,Sub-clinical,FMD,1.8
MAH-SAN-TAG-1337,SAN,Dangi,5.0,231,39.67,0.49,39.24,288.7,35.8,192.6,25.9,89.7,10.3,Sub-clinical,FMD,0.5
MAH-SAN-TAG-1337,SAN,Dangi,5.0,278,40.48,0.25,40.13,205.3,54.4,132.1,49.2,80.0,20.0,Clinical,FMD,0.0
MAH-NAS-TAG-1338,NAS,Khillari,3.3,50,38.17,-0.23,38.52,494.8,-10.0,246.0,5.4,87.1,12.9,Healthy,Healthy,-1.0
MAH-NAS-TAG-1338,NAS,Khillari,3.3,123,38.29,-0.18,38.56,502.3,-11.6,258.4,0.6,85.7,14.3,Healthy,Healthy,-1.0
MAH-NAS-TAG-1338,NAS,Khillari,3.3,151,38.47,-0.22,38.52,510.3,-13.4,266.3,-2.4,96.2,3.8,Healthy,Healthy,-1.0
MAH-NAS-TAG-1338,NAS,Khillari,3.3,196,38.28,-0.04,38.54,488.0,-8.4,256.7,1.3,91.9,8.1,Healthy,Healthy,-1.0
MAH-SAT-TAG-1339,SAT,Dangi,5.2,151,38.67,-0.12,38.61,485.3,-7.8,262.9,-1.1,103.8,-3.8,Healthy,Healthy,-1.0
MAH-SAT-TAG-1339,SAT,Dangi,5.2,225,39.12,0.2,38.83,442.4,1.7,253.1,2.7,98.5,1.5,Sub-clinical,LSD,1.6
MAH-SAT-TAG-1339,SAT,Dangi,5.2,254,39.68,0.44,39.22,347.2,22.8,230.3,11.4,88.0,12.0,Sub-clinical,LSD,0.4
MAH-SAT-TAG-1339,SAT,Dangi,5.2,300,40.36,0.23,39.92,316.1,29.8,193.4,25.6,75.5,24.5,Clinical,LSD,0.0
MAH-NAS-TAG-1340,NAS,Dangi,6.5,110,39.02,0.06,38.68,443.7,1.4,274.6,-5.6,116.6,-16.6,Healthy,Healthy,-1.0
MAH-NAS-TAG-1340,NAS,Dangi,6.5,181,39.09,0.06,38.69,437.7,2.7,276.2,-6.2,115.0,-15.0,Healthy,Healthy,-1.0
MAH-NAS-TAG-1340,NAS,Dangi,6.5,207,39.03,0.1,38.71,422.3,6.2,265.9,-2.3,113.3,-13.3,Healthy,Healthy,-1.0
MAH-NAS-TAG-1340,NAS,Dangi,6.5,252,39.02,-0.07,38.67,458.9,-2.0,264.8,-1.8,119.5,-19.5,Healthy,Healthy,-1.0
MAH-AHM-TAG-1341,AHM,Murrah Buffalo,2.2,69,38.44,0.05,38.59,411.0,8.7,261.3,-0.5,88.8,11.2,Healthy,Healthy,-1.0
MAH-AHM-TAG-1341,AHM,Murrah Buffalo,2.2,134,38.74,-0.08,38.54,357.0,20.7,274.5,-5.6,99.4,0.6,Sub-clinical,Ketosis,1.1
MAH-AHM-TAG-1341,AHM,Murrah Buffalo,2.2,154,38.86,-0.02,38.48,336.5,25.2,236.1,9.2,96.4,3.6,Sub-clinical,Ketosis,0.3
MAH-AHM-TAG-1341,AHM,Murrah Buffalo,2.2,196,38.2,-0.11,38.28,238.8,46.9,159.3,38.7,59.1,40.9,Clinical,Ketosis,0.0
MAH-SOL-TAG-1342,SOL,Murrah Buffalo,5.1,57,38.66,0.05,38.39,479.6,-6.6,275.5,-6.0,109.3,-9.3,Healthy,Healthy,-1.0
MAH-SOL-TAG-1342,SOL,Murrah Buffalo,5.1,131,38.56,-0.25,38.38,409.9,8.9,254.6,2.1,105.8,-5.8,Sub-clinical,Ketosis,1.6
MAH-SOL-TAG-1342,SOL,Murrah Buffalo,5.1,160,38.5,0.07,38.27,317.3,29.5,214.2,17.6,95.9,4.1,Sub-clinical,Ketosis,0.4
MAH-SOL-TAG-1342,SOL,Murrah Buffalo,5.1,206,38.44,0.02,38.14,236.5,47.4,174.3,33.0,83.2,16.8,Clinical,Ketosis,0.0
MAH-AHM-TAG-1343,AHM,Gir Cross,8.3,144,37.9,-0.09,38.25,504.4,-7.3,221.2,14.9,92.0,8.0,Healthy,Healthy,-1.0
MAH-AHM-TAG-1343,AHM,Gir Cross,8.3,210,38.52,0.24,38.37,436.0,7.2,219.8,15.5,98.4,1.6,Sub-clinical,BRD,1.2
MAH-AHM-TAG-1343,AHM,Gir Cross,8.3,230,39.4,0.48,38.75,397.2,15.5,213.9,17.7,96.5,3.5,Sub-clinical,BRD,0.3
MAH-AHM-TAG-1343,AHM,Gir Cross,8.3,273,39.76,0.22,39.45,376.6,19.9,167.4,35.6,91.2,8.8,Clinical,BRD,0.0
MAH-SAN-TAG-1344,SAN,Red Kandhari,3.3,160,38.5,0.09,38.36,393.6,12.5,291.3,-12.0,107.6,-7.6,Healthy,Healthy,-1.0
MAH-SAN-TAG-1344,SAN,Red Kandhari,3.3,234,38.79,0.4,38.5,335.9,25.4,270.7,-4.1,97.3,2.7,Sub-clinical,LSD,1.6
MAH-SAN-TAG-1344,SAN,Red Kandhari,3.3,263,38.71,0.37,38.91,323.2,28.2,219.0,15.8,70.7,29.3,Sub-clinical,LSD,0.4
MAH-SAN-TAG-1344,SAN,Red Kandhari,3.3,309,39.71,0.66,39.63,244.9,45.6,191.7,26.3,58.9,41.1,Clinical,LSD,0.0
MAH-AHM-TAG-1345,AHM,Khillari,3.5,151,38.69,-0.04,38.6,453.0,-0.7,263.2,-1.2,100.5,-0.5,Healthy,Healthy,-1.0
MAH-AHM-TAG-1345,AHM,Khillari,3.5,225,39.28,0.42,38.82,405.8,9.8,238.0,8.5,102.7,-2.7,Sub-clinical,Mastitis,1.6
MAH-AHM-TAG-1345,AHM,Khillari,3.5,254,39.67,0.3,39.23,324.7,27.8,224.5,13.7,94.8,5.2,Sub-clinical,Mastitis,0.4
MAH-AHM-TAG-1345,AHM,Khillari,3.5,300,40.26,0.22,39.91,253.0,43.8,206.1,20.7,91.1,8.9,Clinical,Mastitis,0.0
MAH-SAT-TAG-1346,SAT,Murrah Buffalo,6.5,153,38.63,-0.11,38.37,470.0,-4.4,258.7,0.5,113.5,-13.5,Healthy,Healthy,-1.0
MAH-SAT-TAG-1346,SAT,Murrah Buffalo,6.5,227,38.91,0.44,38.52,416.3,7.5,258.4,0.6,118.1,-18.1,Sub-clinical,BRD,1.6
MAH-SAT-TAG-1346,SAT,Murrah Buffalo,6.5,256,39.31,0.46,38.91,337.1,25.1,212.5,18.3,106.0,-6.0,Sub-clinical,BRD,0.4
MAH-SAT-TAG-1346,SAT,Murrah Buffalo,6.5,302,39.92,0.22,39.54,288.1,36.0,191.6,26.3,89.1,10.9,Clinical,BRD,0.0
MAH-AHM-TAG-1347,AHM,Gir Cross,5.6,52,38.11,-0.02,38.31,495.1,-5.3,241.3,7.2,91.2,8.8,Healthy,Healthy,-1.0
MAH-AHM-TAG-1347,AHM,Gir Cross,5.6,124,38.52,0.48,38.45,463.7,1.3,207.6,20.2,83.1,16.9,Sub-clinical,BRD,1.5
MAH-AHM-TAG-1347,AHM,Gir Cross,5.6,151,39.19,0.32,38.84,397.0,15.5,211.7,18.6,84.2,15.8,Sub-clinical,BRD,0.4
MAH-AHM-TAG-1347,AHM,Gir Cross,5.6,196,39.4,0.27,39.45,353.1,24.9,164.4,36.8,65.2,34.8,Clinical,BRD,0.0
MAH-SOL-TAG-1348,SOL,Red Kandhari,4.0,124,38.26,-0.2,38.51,468.6,-4.1,234.8,9.7,87.0,13.0,Healthy,Healthy,-1.0
MAH-SOL-TAG-1348,SOL,Red Kandhari,4.0,194,38.62,0.51,38.67,423.8,5.8,208.8,19.7,77.3,22.7,Sub-clinical,BRD,1.4
MAH-SOL-TAG-1348,SOL,Red Kandhari,4.0,219,39.03,0.35,39.04,370.8,17.6,202.8,22.0,60.6,39.4,Sub-clinical,BRD,0.4
MAH-SOL-TAG-1348,SOL,Red Kandhari,4.0,264,39.5,0.35,39.7,293.2,34.8,155.0,40.4,53.1,46.9,Clinical,BRD,0.0
MAH-SAT-TAG-1349,SAT,Red Kandhari,8.7,69,38.46,0.08,38.73,438.3,2.6,256.9,1.2,85.6,14.4,Healthy,Healthy,-1.0
MAH-SAT-TAG-1349,SAT,Red Kandhari,8.7,143,38.36,0.0,38.66,405.6,9.9,231.7,10.9,77.4,22.6,Sub-clinical,Ketosis,1.6
MAH-SAT-TAG-1349,SAT,Red Kandhari,8.7,172,38.44,-0.02,38.61,373.3,17.0,207.8,20.1,81.6,18.4,Sub-clinical,Ketosis,0.4
MAH-SAT-TAG-1349,SAT,Red Kandhari,8.7,218,38.2,-0.04,38.45,268.7,40.3,155.1,40.3,55.2,44.8,Clinical,Ketosis,0.0
MAH-AHM-TAG-1350,AHM,Gir Cross,3.1,160,38.53,-0.03,38.42,435.2,7.4,278.3,-7.0,127.3,-27.3,Healthy,Healthy,-1.0
MAH-AHM-TAG-1350,AHM,Gir Cross,3.1,237,38.16,-0.07,38.43,455.3,3.1,251.6,3.2,95.4,4.6,Healthy,Healthy,-1.0
MAH-AHM-TAG-1350,AHM,Gir Cross,3.1,270,38.42,0.01,38.44,494.9,-5.3,268.0,-3.1,109.6,-9.6,Healthy,Healthy,-1.0
MAH-AHM-TAG-1350,AHM,Gir Cross,3.1,316,38.3,0.04,38.39,492.9,-4.9,258.7,0.5,103.7,-3.7,Healthy,Healthy,-1.0
MAH-SAT-TAG-1351,SAT,Gir Cross,2.4,165,38.35,0.02,38.63,436.7,7.1,228.3,12.2,91.1,8.9,Healthy,Healthy,-1.0
MAH-SAT-TAG-1351,SAT,Gir Cross,2.4,232,38.73,-0.05,38.64,419.5,10.7,251.0,3.5,102.6,-2.6,Healthy,Healthy,-1.0
MAH-SAT-TAG-1351,SAT,Gir Cross,2.4,254,38.77,-0.04,38.63,415.8,11.5,258.5,0.6,115.0,-15.0,Healthy,Healthy,-1.0
MAH-SAT-TAG-1351,SAT,Gir Cross,2.4,297,38.8,-0.17,38.67,477.0,-1.5,247.4,4.8,117.9,-17.9,Healthy,Healthy,-1.0
MAH-AHM-TAG-1352,AHM,Murrah Buffalo,4.4,67,38.11,-0.24,38.3,434.3,3.5,249.5,4.0,94.1,5.9,Healthy,Healthy,-1.0
MAH-AHM-TAG-1352,AHM,Murrah Buffalo,4.4,142,38.35,0.32,38.5,402.4,10.6,219.7,15.5,83.9,16.1,Sub-clinical,LSD,1.7
MAH-AHM-TAG-1352,AHM,Murrah Buffalo,4.4,172,39.01,0.43,38.95,402.4,10.6,201.5,22.5,75.6,24.4,Sub-clinical,LSD,0.4
MAH-AHM-TAG-1352,AHM,Murrah Buffalo,4.4,218,39.38,0.14,39.62,335.4,25.5,160.3,38.3,58.0,42.0,Clinical,LSD,0.0
MAH-NAS-TAG-1353,NAS,HF Cross,7.8,153,38.86,0.14,38.62,530.3,-12.8,285.6,-9.8,117.9,-17.9,Healthy,Healthy,-1.0
MAH-NAS-TAG-1353,NAS,HF Cross,7.8,232,39.23,0.4,38.8,433.0,7.9,275.5,-6.0,105.5,-5.5,Sub-clinical,Mastitis,1.9
MAH-NAS-TAG-1353,NAS,HF Cross,7.8,266,38.98,0.08,39.21,436.3,7.2,224.2,13.8,86.9,13.1,Sub-clinical,Mastitis,0.5
MAH-NAS-TAG-1353,NAS,HF Cross,7.8,314,39.63,0.15,39.81,350.4,25.4,204.2,21.5,64.7,35.3,Clinical,Mastitis,0.0
MAH-AHM-TAG-1354,AHM,HF Cross,6.7,88,38.78,0.15,38.6,449.3,4.4,263.4,-1.3,103.2,-3.2,Healthy,Healthy,-1.0
MAH-AHM-TAG-1354,AHM,HF Cross,6.7,158,39.28,0.61,38.75,413.7,12.0,241.9,7.0,96.8,3.2,Sub-clinical,FMD,1.4
MAH-AHM-TAG-1354,AHM,HF Cross,6.7,183,39.79,0.49,39.31,332.0,29.4,190.5,26.7,84.8,15.2,Sub-clinical,FMD,0.4
MAH-AHM-TAG-1354,AHM,HF Cross,6.7,228,40.91,0.61,40.31,257.1,45.3,139.4,46.4,63.6,36.4,Clinical,FMD,0.0
MAH-PUN-TAG-1355,PUN,Murrah Buffalo,5.9,110,38.8,0.07,38.43,397.4,11.7,285.6,-9.8,120.8,-20.8,Healthy,Healthy,-1.0
MAH-PUN-TAG-1355,PUN,Murrah Buffalo,5.9,184,38.93,0.27,38.63,366.2,18.6,267.7,-3.0,109.9,-9.9,Sub-clinical,BRD,1.6
MAH-PUN-TAG-1355,PUN,Murrah Buffalo,5.9,213,38.93,0.25,38.98,313.1,30.4,219.9,15.4,76.5,23.5,Sub-clinical,BRD,0.4
MAH-PUN-TAG-1355,PUN,Murrah Buffalo,5.9,259,39.57,0.17,39.61,259.0,42.4,192.0,26.2,71.6,28.4,Clinical,BRD,0.0
MAH-AHM-TAG-1356,AHM,Gir Cross,5.1,76,38.05,0.0,38.2,518.1,-10.2,240.7,7.4,90.1,9.9,Healthy,Healthy,-1.0
MAH-AHM-TAG-1356,AHM,Gir Cross,5.1,154,38.76,0.15,38.45,469.8,0.0,240.9,7.3,104.6,-4.6,Sub-clinical,LSD,1.9
MAH-AHM-TAG-1356,AHM,Gir Cross,5.1,188,38.92,0.42,38.83,368.8,21.5,190.2,26.8,71.1,28.9,Sub-clinical,LSD,0.5
MAH-AHM-TAG-1356,AHM,Gir Cross,5.1,235,39.58,0.2,39.54,315.3,32.9,159.3,38.7,63.8,36.2,Clinical,LSD,0.0
MAH-SAN-TAG-1357,SAN,Dangi,8.7,148,38.17,0.07,38.34,468.6,-4.1,217.0,16.5,98.8,1.2,Healthy,Healthy,-1.0
MAH-SAN-TAG-1357,SAN,Dangi,8.7,226,38.66,0.01,38.38,466.4,-3.6,235.1,9.6,117.3,-17.3,Healthy,Healthy,-1.0
MAH-SAN-TAG-1357,SAN,Dangi,8.7,260,38.11,-0.01,38.34,423.9,5.8,226.0,13.1,103.0,-3.0,Healthy,Healthy,-1.0
MAH-SAN-TAG-1357,SAN,Dangi,8.7,307,38.21,0.06,38.36,415.2,7.7,222.9,14.3,98.2,1.8,Healthy,Healthy,-1.0
MAH-NAS-TAG-1358,NAS,Gir Cross,5.3,127,38.44,-0.03,38.37,478.2,-1.7,274.4,-5.5,90.5,9.5,Healthy,Healthy,-1.0
MAH-NAS-TAG-1358,NAS,Gir Cross,5.3,202,38.62,0.03,38.38,478.1,-1.7,287.2,-10.5,100.6,-0.6,Healthy,Healthy,-1.0
MAH-NAS-TAG-1358,NAS,Gir Cross,5.3,232,38.47,-0.03,38.38,421.5,10.3,275.2,-5.8,95.5,4.5,Healthy,Healthy,-1.0
MAH-NAS-TAG-1358,NAS,Gir Cross,5.3,278,38.63,-0.01,38.38,441.0,6.2,279.6,-7.5,110.8,-10.8,Healthy,Healthy,-1.0
MAH-SAT-TAG-1359,SAT,Khillari,3.9,93,38.22,0.17,38.41,456.1,-1.4,261.3,-0.5,79.0,21.0,Healthy,Healthy,-1.0
MAH-SAT-TAG-1359,SAT,Khillari,3.9,164,38.4,0.24,38.43,434.7,3.4,264.3,-1.7,91.6,8.4,Healthy,Healthy,-1.0
MAH-SAT-TAG-1359,SAT,Khillari,3.9,190,38.19,0.05,38.4,463.0,-2.9,247.9,4.7,77.6,22.4,Healthy,Healthy,-1.0
MAH-SAT-TAG-1359,SAT,Khillari,3.9,235,38.31,0.03,38.41,445.7,1.0,267.6,-2.9,82.8,17.2,Healthy,Healthy,-1.0
MAH-SOL-TAG-1360,SOL,Murrah Buffalo,7.7,48,38.23,0.12,38.4,432.5,3.9,226.5,12.9,78.6,21.4,Healthy,Healthy,-1.0
MAH-SOL-TAG-1360,SOL,Murrah Buffalo,7.7,115,38.32,-0.15,38.43,420.4,6.6,240.4,7.5,89.8,10.2,Healthy,Healthy,-1.0
MAH-SOL-TAG-1360,SOL,Murrah Buffalo,7.7,136,38.42,-0.21,38.41,432.0,4.0,260.9,-0.3,103.7,-3.7,Healthy,Healthy,-1.0
MAH-SOL-TAG-1360,SOL,Murrah Buffalo,7.7,180,38.84,0.13,38.41,452.4,-0.5,259.1,0.3,113.7,-13.7,Healthy,Healthy,-1.0
MAH-SAN-TAG-1361,SAN,Murrah Buffalo,5.0,64,38.54,0.04,38.35,390.7,13.2,256.9,1.2,122.8,-22.8,Healthy,Healthy,-1.0
MAH-SAN-TAG-1361,SAN,Murrah Buffalo,5.0,131,39.1,0.44,38.55,375.0,16.7,215.0,17.3,104.1,-4.1,Sub-clinical,FMD,1.1
MAH-SAN-TAG-1361,SAN,Murrah Buffalo,5.0,151,39.54,0.71,39.06,313.2,30.4,174.7,32.8,84.7,15.3,Sub-clinical,FMD,0.3
MAH-SAN-TAG-1361,SAN,Murrah Buffalo,5.0,194,39.96,0.43,40.05,215.4,52.1,96.5,62.9,45.3,54.7,Clinical,FMD,0.0
MAH-PUN-TAG-1362,PUN,Gir Cross,6.2,69,38.39,0.03,38.64,410.6,12.6,218.6,15.9,89.7,10.3,Healthy,Healthy,-1.0
MAH-PUN-TAG-1362,PUN,Gir Cross,6.2,142,38.8,0.41,38.82,383.4,18.4,195.0,25.0,71.7,28.3,Sub-clinical,LSD,1.6
MAH-PUN-TAG-1362,PUN,Gir Cross,6.2,170,39.19,0.31,39.26,364.6,22.4,169.7,34.7,74.5,25.5,Sub-clinical,LSD,0.4
MAH-PUN-TAG-1362,PUN,Gir Cross,6.2,216,39.82,0.21,39.97,294.5,37.3,129.0,50.4,50.4,49.6,Clinical,LSD,0.0
MAH-SOL-TAG-1363,SOL,HF Cross,8.9,146,38.33,0.0,38.56,478.5,-1.8,231.5,11.0,88.0,12.0,Healthy,Healthy,-1.0
MAH-SOL-TAG-1363,SOL,HF Cross,8.9,216,38.67,0.46,38.73,433.9,7.7,220.9,15.0,80.5,19.5,Sub-clinical,BRD,1.4
MAH-SOL-TAG-1363,SOL,HF Cross,8.9,241,39.04,0.31,39.1,385.3,18.0,186.7,28.2,67.6,32.4,Sub-clinical,BRD,0.4
MAH-SOL-TAG-1363,SOL,HF Cross,8.9,285,39.48,0.25,39.74,297.6,36.7,164.5,36.7,65.7,34.3,Clinical,BRD,0.0
MAH-AHM-TAG-1364,AHM,Murrah Buffalo,3.0,112,38.68,-0.02,38.56,423.3,5.9,256.8,1.2,104.5,-4.5,Healthy,Healthy,-1.0
MAH-AHM-TAG-1364,AHM,Murrah Buffalo,3.0,188,38.65,0.35,38.74,383.8,14.7,213.6,17.8,90.7,9.3,Sub-clinical,Mastitis,1.8
MAH-AHM-TAG-1364,AHM,Murrah Buffalo,3.0,219,39.08,0.3,39.15,373.5,17.0,185.1,28.8,76.1,23.9,Sub-clinical,Mastitis,0.5
MAH-AHM-TAG-1364,AHM,Murrah Buffalo,3.0,266,39.89,0.61,39.79,282.0,37.3,153.0,41.2,71.0,29.0,Clinical,Mastitis,0.0
MAH-SOL-TAG-1365,SOL,Red Kandhari,7.1,129,38.86,-0.1,38.57,447.3,0.6,296.5,-14.0,121.7,-21.7,Healthy,Healthy,-1.0
MAH-SOL-TAG-1365,SOL,Red Kandhari,7.1,199,38.96,0.42,38.68,411.9,8.5,271.8,-4.5,110.4,-10.4,Sub-clinical,Mastitis,1.4
MAH-SOL-TAG-1365,SOL,Red Kandhari,7.1,224,39.54,0.4,39.13,359.7,20.1,260.8,-0.3,110.6,-10.6,Sub-clinical,Mastitis,0.4
MAH-SOL-TAG-1365,SOL,Red Kandhari,7.1,268,39.58,0.02,39.8,287.4,36.1,213.4,17.9,79.9,20.1,Clinical,Mastitis,0.0
MAH-SOL-TAG-1366,SOL,Red Kandhari,7.8,52,38.22,0.16,38.28,466.3,-3.6,257.7,0.9,93.4,6.6,Healthy,Healthy,-1.0
MAH-SOL-TAG-1366,SOL,Red Kandhari,7.8,127,38.81,0.47,38.5,424.7,5.6,252.2,3.0,102.9,-2.9,Sub-clinical,LSD,1.7
MAH-SOL-TAG-1366,SOL,Red Kandhari,7.8,157,39.45,0.41,38.92,360.3,19.9,246.2,5.3,100.5,-0.5,Sub-clinical,LSD,0.5
MAH-SOL-TAG-1366,SOL,Red Kandhari,7.8,204,40.07,0.24,39.62,305.1,32.2,208.2,19.9,85.7,14.3,Clinical,LSD,0.0
MAH-KOL-TAG-1367,KOL,Khillari,8.1,129,38.99,0.14,38.62,504.1,-12.0,247.5,4.8,94.9,5.1,Healthy,Healthy,-1.0
MAH-KOL-TAG-1367,KOL,Khillari,8.1,206,38.77,-0.15,38.56,416.1,7.5,235.2,9.5,99.8,0.2,Sub-clinical,Ketosis,1.8
MAH-KOL-TAG-1367,KOL,Khillari,8.1,238,38.19,0.08,38.45,346.4,23.0,162.2,37.6,65.9,34.1,Sub-clinical,Ketosis,0.5
MAH-KOL-TAG-1367,KOL,Khillari,8.1,285,38.06,-0.02,38.3,250.9,44.2,106.5,59.0,50.6,49.4,Clinical,Ketosis,0.0
MAH-AHM-TAG-1368,AHM,HF Cross,8.3,115,38.48,-0.11,38.59,431.1,8.3,257.2,1.1,112.6,-12.6,Healthy,Healthy,-1.0
MAH-AHM-TAG-1368,AHM,HF Cross,8.3,189,38.59,0.25,38.78,395.1,15.9,227.4,12.5,89.4,10.6,Sub-clinical,BRD,1.6
MAH-AHM-TAG-1368,AHM,HF Cross,8.3,218,39.01,0.37,39.14,395.2,15.9,189.0,27.3,77.4,22.6,Sub-clinical,BRD,0.4
MAH-AHM-TAG-1368,AHM,HF Cross,8.3,264,39.54,0.11,39.75,325.9,30.7,159.8,38.5,63.3,36.7,Clinical,BRD,0.0
MAH-AHM-TAG-1369,AHM,Gir Cross,8.4,103,38.3,-0.07,38.24,483.6,-2.9,261.3,-0.5,105.8,-5.8,Healthy,Healthy,-1.0
MAH-AHM-TAG-1369,AHM,Gir Cross,8.4,181,38.98,0.34,38.44,399.4,15.0,243.0,6.5,106.2,-6.2,Sub-clinical,LSD,2.0
MAH-AHM-TAG-1369,AHM,Gir Cross,8.4,216,38.67,0.29,38.89,375.4,20.1,180.0,30.8,74.3,25.7,Sub-clinical,LSD,0.5
MAH-AHM-TAG-1369,AHM,Gir Cross,8.4,264,39.25,0.39,39.52,324.7,30.9,147.6,43.2,51.3,48.7,Clinical,LSD,0.0
MAH-AHM-TAG-1370,AHM,Red Kandhari,3.8,100,38.16,0.04,38.26,473.5,-5.2,256.3,1.4,101.2,-1.2,Healthy,Healthy,-1.0
MAH-AHM-TAG-1370,AHM,Red Kandhari,3.8,172,38.37,0.2,38.39,416.0,7.6,236.4,9.1,87.4,12.6,Sub-clinical,BRD,1.5
MAH-AHM-TAG-1370,AHM,Red Kandhari,3.8,199,39.02,0.4,38.81,396.4,11.9,236.0,9.2,92.1,7.9,Sub-clinical,BRD,0.4
MAH-AHM-TAG-1370,AHM,Red Kandhari,3.8,244,39.36,0.4,39.4,307.2,31.7,186.2,28.4,65.4,34.6,Clinical,BRD,0.0
MAH-NAS-TAG-1371,NAS,HF Cross,7.8,86,38.66,-0.07,38.53,429.5,8.6,279.2,-7.4,113.4,-13.4,Healthy,Healthy,-1.0
MAH-NAS-TAG-1371,NAS,HF Cross,7.8,158,38.64,-0.09,38.48,387.9,17.5,265.3,-2.0,102.1,-2.1,Sub-clinical,Ketosis,1.5
MAH-NAS-TAG-1371,NAS,HF Cross,7.8,185,38.28,-0.2,38.4,305.5,35.0,207.6,20.2,89.1,10.9,Sub-clinical,Ketosis,0.4
MAH-NAS-TAG-1371,NAS,HF Cross,7.8,230,38.45,-0.04,38.25,231.2,50.8,172.6,33.6,87.6,12.4,Clinical,Ketosis,0.0
MAH-PUN-TAG-1372,PUN,Murrah Buffalo,4.7,100,38.04,-0.05,38.14,460.0,-2.2,275.4,-5.9,104.9,-4.9,Healthy,Healthy,-1.0
MAH-PUN-TAG-1372,PUN,Murrah Buffalo,4.7,173,38.06,0.07,38.12,451.2,-0.3,287.5,-10.6,105.5,-5.5,Healthy,Healthy,-1.0
MAH-PUN-TAG-1372,PUN,Murrah Buffalo,4.7,201,38.39,-0.1,38.15,467.2,-3.8,316.5,-21.7,117.5,-17.5,Healthy,Healthy,-1.0
MAH-PUN-TAG-1372,PUN,Murrah Buffalo,4.7,247,38.2,-0.03,38.13,470.1,-4.5,284.3,-9.3,111.8,-11.8,Healthy,Healthy,-1.0
MAH-AHM-TAG-1373,AHM,HF Cross,8.9,112,38.54,0.1,38.35,475.2,-1.1,289.0,-11.2,110.3,-10.3,Healthy,Healthy,-1.0
MAH-AHM-TAG-1373,AHM,HF Cross,8.9,181,38.93,0.17,38.5,443.9,5.6,287.6,-10.6,120.1,-20.1,Sub-clinical,Mastitis,1.4
MAH-AHM-TAG-1373,AHM,HF Cross,8.9,205,39.58,0.65,38.96,395.9,15.8,266.3,-2.4,108.8,-8.8,Sub-clinical,Mastitis,0.4
MAH-AHM-TAG-1373,AHM,HF Cross,8.9,249,40.01,0.37,39.62,345.1,26.6,231.8,10.8,94.2,5.8,Clinical,Mastitis,0.0
MAH-SOL-TAG-1374,SOL,Dangi,7.6,103,38.49,0.1,38.39,457.7,-1.7,265.5,-2.1,92.0,8.0,Healthy,Healthy,-1.0
MAH-SOL-TAG-1374,SOL,Dangi,7.6,169,37.87,-0.23,38.33,395.7,12.1,213.9,17.7,67.6,32.4,Sub-clinical,Ketosis,1.2
MAH-SOL-TAG-1374,SOL,Dangi,7.6,189,37.96,-0.03,38.23,282.8,37.2,185.3,28.7,71.3,28.7,Sub-clinical,Ketosis,0.3
MAH-SOL-TAG-1374,SOL,Dangi,7.6,232,38.28,-0.03,38.09,215.5,52.1,172.1,33.8,68.5,31.5,Clinical,Ketosis,0.0
MAH-NAS-TAG-1375,NAS,Murrah Buffalo,7.9,132,38.95,0.06,38.63,462.4,-2.8,290.0,-11.5,111.0,-11.0,Healthy,Healthy,-1.0
MAH-NAS-TAG-1375,NAS,Murrah Buffalo,7.9,203,39.05,0.12,38.62,484.8,-7.7,271.9,-4.6,106.6,-6.6,Healthy,Healthy,-1.0
MAH-NAS-TAG-1375,NAS,Murrah Buffalo,7.9,228,38.91,-0.13,38.62,469.1,-4.2,289.1,-11.2,113.2,-13.2,Healthy,Healthy,-1.0
MAH-NAS-TAG-1375,NAS,Murrah Buffalo,7.9,273,38.89,0.2,38.62,486.4,-8.1,267.4,-2.8,99.1,0.9,Healthy,Healthy,-1.0
MAH-AHM-TAG-1376,AHM,Murrah Buffalo,6.4,79,38.4,0.04,38.24,459.9,-2.2,241.4,7.2,109.7,-9.7,Healthy,Healthy,-1.0
MAH-AHM-TAG-1376,AHM,Murrah Buffalo,6.4,156,38.44,-0.12,38.21,431.8,4.0,266.0,-2.3,127.9,-27.9,Healthy,Healthy,-1.0
MAH-AHM-TAG-1376,AHM,Murrah Buffalo,6.4,190,37.89,0.09,38.21,415.2,7.7,221.0,15.0,97.2,2.8,Healthy,Healthy,-1.0
MAH-AHM-TAG-1376,AHM,Murrah Buffalo,6.4,237,38.03,0.14,38.21,415.0,7.8,226.9,12.7,96.4,3.6,Healthy,Healthy,-1.0
MAH-SOL-TAG-1377,SOL,Murrah Buffalo,2.3,115,38.06,0.04,38.22,388.8,13.6,219.2,15.7,92.2,7.8,Healthy,Healthy,-1.0
MAH-SOL-TAG-1377,SOL,Murrah Buffalo,2.3,191,38.18,0.2,38.36,389.7,13.4,193.8,25.5,78.8,21.2,Sub-clinical,Mastitis,1.7
MAH-SOL-TAG-1377,SOL,Murrah Buffalo,2.3,222,39.0,0.47,38.8,352.4,21.7,189.9,27.0,86.8,13.2,Sub-clinical,Mastitis,0.4
MAH-SOL-TAG-1377,SOL,Murrah Buffalo,2.3,268,39.33,0.39,39.42,285.6,36.5,156.4,39.8,66.1,33.9,Clinical,Mastitis,0.0
MAH-NAS-TAG-1378,NAS,Red Kandhari,2.4,50,37.8,0.03,38.17,452.7,-0.6,219.5,15.6,80.4,19.6,Healthy,Healthy,-1.0
MAH-NAS-TAG-1378,NAS,Red Kandhari,2.4,117,37.82,-0.14,38.17,389.5,13.4,226.3,13.0,81.1,18.9,Healthy,Healthy,-1.0
MAH-NAS-TAG-1378,NAS,Red Kandhari,2.4,139,38.15,0.03,38.17,396.4,11.9,232.0,10.8,89.0,11.0,Healthy,Healthy,-1.0
MAH-NAS-TAG-1378,NAS,Red Kandhari,2.4,182,38.54,0.09,38.2,418.6,7.0,270.4,-4.0,106.8,-6.8,Healthy,Healthy,-1.0
MAH-SAT-TAG-1379,SAT,Murrah Buffalo,3.0,79,38.46,0.19,38.26,470.1,-4.5,269.0,-3.5,115.1,-15.1,Healthy,Healthy,-1.0
MAH-SAT-TAG-1379,SAT,Murrah Buffalo,3.0,151,38.63,0.26,38.42,444.5,1.2,254.6,2.1,103.9,-3.9,Sub-clinical,Mastitis,1.5
MAH-SAT-TAG-1379,SAT,Murrah Buffalo,3.0,178,39.27,0.28,38.82,371.6,17.4,243.3,6.4,110.4,-10.4,Sub-clinical,Mastitis,0.4
MAH-SAT-TAG-1379,SAT,Murrah Buffalo,3.0,223,39.71,0.34,39.48,305.8,32.0,189.0,27.3,94.0,6.0,Clinical,Mastitis,0.0
MAH-AHM-TAG-1380,AHM,Murrah Buffalo,3.2,151,38.55,-0.13,38.43,526.9,-17.1,305.0,-17.3,107.0,-7.0,Healthy,Healthy,-1.0
MAH-AHM-TAG-1380,AHM,Murrah Buffalo,3.2,222,38.62,-0.01,38.57,504.8,-12.2,278.0,-6.9,101.6,-1.6,Sub-clinical,BRD,1.5
MAH-AHM-TAG-1380,AHM,Murrah Buffalo,3.2,248,39.15,0.06,38.97,440.0,2.2,260.8,-0.3,94.2,5.8,Sub-clinical,BRD,0.4
MAH-AHM-TAG-1380,AHM,Murrah Buffalo,3.2,292,39.53,0.37,39.58,393.7,12.5,203.4,21.8,65.9,34.1,Clinical,BRD,0.0
MAH-NAS-TAG-1381,NAS,Khillari,8.7,115,38.39,0.09,38.43,421.7,6.3,245.4,5.6,88.1,11.9,Healthy,Healthy,-1.0
MAH-NAS-TAG-1381,NAS,Khillari,8.7,191,38.57,0.45,38.68,374.7,16.7,204.1,21.5,64.2,35.8,Sub-clinical,FMD,1.7
MAH-NAS-TAG-1381,NAS,Khillari,8.7,222,39.61,0.46,39.27,348.5,22.6,173.2,33.4,65.8,34.2,Sub-clinical,FMD,0.4
MAH-NAS-TAG-1381,NAS,Khillari,8.7,268,40.09,0.22,40.14,236.0,47.6,107.5,58.7,36.5,63.5,Clinical,FMD,0.0
MAH-SAT-TAG-1382,SAT,Red Kandhari,4.0,62,38.77,-0.13,38.57,397.7,11.6,287.1,-10.4,106.3,-6.3,Healthy,Healthy,-1.0
MAH-SAT-TAG-1382,SAT,Red Kandhari,4.0,137,39.21,0.38,38.86,306.5,31.9,232.2,10.7,83.2,16.8,Sub-clinical,FMD,1.7
MAH-SAT-TAG-1382,SAT,Red Kandhari,4.0,167,39.22,0.34,39.38,256.7,43.0,177.4,31.8,61.3,38.7,Sub-clinical,FMD,0.4
MAH-SAT-TAG-1382,SAT,Red Kandhari,4.0,213,40.3,0.45,40.29,135.5,69.9,111.1,57.3,37.5,62.5,Clinical,FMD,0.0
MAH-KOL-TAG-1383,KOL,Murrah Buffalo,6.9,79,38.56,0.06,38.43,459.8,-2.2,232.8,10.5,91.8,8.2,Healthy,Healthy,-1.0
MAH-KOL-TAG-1383,KOL,Murrah Buffalo,6.9,152,38.58,0.17,38.44,459.5,-2.1,247.8,4.7,98.7,1.3,Healthy,Healthy,-1.0
MAH-KOL-TAG-1383,KOL,Murrah Buffalo,6.9,180,38.9,0.11,38.47,436.5,3.0,254.3,2.2,106.2,-6.2,Healthy,Healthy,-1.0
MAH-KOL-TAG-1383,KOL,Murrah Buffalo,6.9,225,38.62,0.05,38.43,445.7,1.0,248.4,4.5,93.3,6.7,Healthy,Healthy,-1.0
MAH-NAS-TAG-1384,NAS,Gir Cross,3.0,165,38.27,0.01,38.55,443.3,5.7,255.7,1.7,102.0,-2.0,Healthy,Healthy,-1.0
MAH-NAS-TAG-1384,NAS,Gir Cross,3.0,243,38.63,0.18,38.76,456.1,3.0,236.8,8.9,81.6,18.4,Sub-clinical,BRD,1.9
MAH-NAS-TAG-1384,NAS,Gir Cross,3.0,276,39.54,0.2,39.14,379.1,19.3,243.2,6.5,107.3,-7.3,Sub-clinical,BRD,0.5
MAH-NAS-TAG-1384,NAS,Gir Cross,3.0,324,40.16,0.2,39.75,315.8,32.8,206.3,20.7,95.4,4.6,Clinical,BRD,0.0
MAH-SAT-TAG-1385,SAT,Khillari,8.2,146,38.13,-0.04,38.54,488.4,-8.5,235.5,9.4,84.6,15.4,Healthy,Healthy,-1.0
MAH-SAT-TAG-1385,SAT,Khillari,8.2,215,38.6,0.43,38.76,407.8,9.4,199.3,23.3,72.2,27.8,Sub-clinical,FMD,1.3
MAH-SAT-TAG-1385,SAT,Khillari,8.2,239,39.39,0.79,39.34,345.9,23.1,147.7,43.2,65.0,35.0,Sub-clinical,FMD,0.3
MAH-SAT-TAG-1385,SAT,Khillari,8.2,283,40.41,0.26,40.32,217.5,51.7,115.6,55.5,53.9,46.1,Clinical,FMD,0.0
MAH-SOL-TAG-1386,SOL,Khillari,5.8,151,38.45,-0.18,38.49,474.5,-5.4,251.0,3.5,95.0,5.0,Healthy,Healthy,-1.0
MAH-SOL-TAG-1386,SOL,Khillari,5.8,221,38.68,0.22,38.66,470.2,-4.5,230.3,11.4,76.8,23.2,Sub-clinical,BRD,1.4
MAH-SOL-TAG-1386,SOL,Khillari,5.8,246,39.08,0.22,39.03,422.9,6.0,208.7,19.7,78.8,21.2,Sub-clinical,BRD,0.4
MAH-SOL-TAG-1386,SOL,Khillari,5.8,290,39.42,0.18,39.65,345.9,23.1,158.2,39.2,48.2,51.8,Clinical,BRD,0.0
MAH-SAT-TAG-1387,SAT,HF Cross,5.0,96,38.03,0.01,38.33,456.0,3.0,206.7,20.5,84.4,15.6,Healthy,Healthy,-1.0
MAH-SAT-TAG-1387,SAT,HF Cross,5.0,172,38.0,-0.12,38.29,489.0,-4.0,219.3,15.7,90.5,9.5,Healthy,Healthy,-1.0
MAH-SAT-TAG-1387,SAT,HF Cross,5.0,205,38.8,0.15,38.34,447.7,4.7,246.7,5.1,115.3,-15.3,Healthy,Healthy,-1.0
MAH-SAT-TAG-1387,SAT,HF Cross,5.0,252,38.74,0.12,38.36,463.5,1.4,252.7,2.8,104.9,-4.9,Healthy,Healthy,-1.0
MAH-KOL-TAG-1388,KOL,Red Kandhari,6.9,165,37.99,0.12,38.24,447.6,0.5,232.7,10.5,91.4,8.6,Healthy,Healthy,-1.0
MAH-KOL-TAG-1388,KOL,Red Kandhari,6.9,234,38.68,0.41,38.4,394.8,12.3,217.4,16.4,96.7,3.3,Sub-clinical,Mastitis,1.4
MAH-KOL-TAG-1388,KOL,Red Kandhari,6.9,258,39.16,0.48,38.82,350.1,22.2,195.4,24.8,89.5,10.5,Sub-clinical,Mastitis,0.4
MAH-KOL-TAG-1388,KOL,Red Kandhari,6.9,302,40.0,0.37,39.5,267.9,40.5,194.2,25.3,88.9,11.1,Clinical,Mastitis,0.0
MAH-KOL-TAG-1389,KOL,Dangi,8.8,112,38.73,0.01,38.54,422.4,6.1,256.5,1.3,101.0,-1.0,Healthy,Healthy,-1.0
MAH-KOL-TAG-1389,KOL,Dangi,8.8,186,38.66,0.24,38.52,414.7,7.8,264.3,-1.7,104.6,-4.6,Healthy,Healthy,-1.0
MAH-KOL-TAG-1389,KOL,Dangi,8.8,215,38.26,0.06,38.56,434.6,3.4,244.8,5.8,86.9,13.1,Healthy,Healthy,-1.0
MAH-KOL-TAG-1389,KOL,Dangi,8.8,261,38.5,0.17,38.53,419.7,6.7,235.3,9.5,81.1,18.9,Healthy,Healthy,-1.0
MAH-SAT-TAG-1390,SAT,Gir Cross,8.3,146,38.34,0.11,38.62,477.5,-1.6,242.3,6.8,89.0,11.0,Healthy,Healthy,-1.0
MAH-SAT-TAG-1390,SAT,Gir Cross,8.3,211,38.96,0.51,38.75,404.2,14.0,250.5,3.7,89.5,10.5,Sub-clinical,Mastitis,1.1
MAH-SAT-TAG-1390,SAT,Gir Cross,8.3,231,39.75,0.59,39.17,351.3,25.3,232.2,10.7,104.8,-4.8,Sub-clinical,Mastitis,0.3
MAH-SAT-TAG-1390,SAT,Gir Cross,8.3,273,40.08,0.17,39.88,329.7,29.9,199.0,23.5,92.9,7.1,Clinical,Mastitis,0.0
MAH-NAS-TAG-1391,NAS,Red Kandhari,7.0,115,38.35,-0.15,38.55,400.8,10.9,259.2,0.3,82.2,17.8,Healthy,Healthy,-1.0
MAH-NAS-TAG-1391,NAS,Red Kandhari,7.0,183,38.79,0.02,38.52,416.4,7.5,271.2,-4.3,101.0,-1.0,Healthy,Healthy,-1.0
MAH-NAS-TAG-1391,NAS,Red Kandhari,7.0,206,38.84,-0.03,38.54,423.9,5.8,279.5,-7.5,108.2,-8.2,Healthy,Healthy,-1.0
MAH-NAS-TAG-1391,NAS,Red Kandhari,7.0,249,38.74,0.08,38.53,469.1,-4.2,275.4,-5.9,106.4,-6.4,Healthy,Healthy,-1.0
MAH-PUN-TAG-1392,PUN,HF Cross,5.5,98,38.09,-0.18,38.57,471.3,-0.3,258.4,0.6,86.5,13.5,Healthy,Healthy,-1.0
MAH-PUN-TAG-1392,PUN,HF Cross,5.5,168,38.26,0.15,38.55,461.0,1.9,252.1,3.0,86.2,13.8,Healthy,Healthy,-1.0
MAH-PUN-TAG-1392,PUN,HF Cross,5.5,193,38.34,0.06,38.56,452.1,3.8,251.4,3.3,87.7,12.3,Healthy,Healthy,-1.0
MAH-PUN-TAG-1392,PUN,HF Cross,5.5,237,38.3,-0.07,38.57,434.0,7.7,266.1,-2.3,91.9,8.1,Healthy,Healthy,-1.0
MAH-SOL-TAG-1393,SOL,Murrah Buffalo,4.3,122,37.89,0.01,38.21,513.9,-14.2,250.5,3.7,82.1,17.9,Healthy,Healthy,-1.0
MAH-SOL-TAG-1393,SOL,Murrah Buffalo,4.3,195,37.81,-0.09,38.15,490.1,-8.9,229.9,11.6,81.8,18.2,Sub-clinical,Ketosis,1.6
MAH-SOL-TAG-1393,SOL,Murrah Buffalo,4.3,223,38.02,0.0,38.07,425.5,5.4,203.4,21.8,85.8,14.2,Sub-clinical,Ketosis,0.4
MAH-SOL-TAG-1393,SOL,Murrah Buffalo,4.3,268,37.74,-0.16,37.95,340.9,24.2,147.6,43.2,56.4,43.6,Clinical,Ketosis,0.0
MAH-SAN-TAG-1394,SAN,Dangi,5.9,146,38.23,0.03,38.54,434.1,3.5,249.7,4.0,87.0,13.0,Healthy,Healthy,-1.0
MAH-SAN-TAG-1394,SAN,Dangi,5.9,218,38.21,-0.09,38.54,439.1,2.4,243.6,6.3,98.9,1.1,Healthy,Healthy,-1.0
MAH-SAN-TAG-1394,SAN,Dangi,5.9,245,38.51,0.19,38.57,459.8,-2.2,253.6,2.5,103.3,-3.3,Healthy,Healthy,-1.0
MAH-SAN-TAG-1394,SAN,Dangi,5.9,290,38.25,0.03,38.54,451.3,-0.3,242.4,6.8,86.9,13.1,Healthy,Healthy,-1.0
MAH-SAN-TAG-1395,SAN,HF Cross,8.3,72,38.38,0.09,38.59,475.3,-1.1,245.3,5.7,93.0,7.0,Healthy,Healthy,-1.0
MAH-SAN-TAG-1395,SAN,HF Cross,8.3,143,38.61,0.34,38.78,441.3,6.1,229.3,11.8,70.7,29.3,Sub-clinical,LSD,1.4
MAH-SAN-TAG-1395,SAN,HF Cross,8.3,168,39.13,0.41,39.19,403.4,14.2,204.5,21.3,71.7,28.3,Sub-clinical,LSD,0.4
MAH-SAN-TAG-1395,SAN,HF Cross,8.3,213,39.74,0.1,39.95,312.2,33.6,168.6,35.2,53.6,46.4,Clinical,LSD,0.0
MAH-SAN-TAG-1396,SAN,Gir Cross,6.6,110,38.36,-0.12,38.11,437.8,6.9,263.9,-1.5,102.0,-2.0,Healthy,Healthy,-1.0
MAH-SAN-TAG-1396,SAN,Gir Cross,6.6,181,38.51,0.11,38.14,450.3,4.2,271.6,-4.5,104.2,-4.2,Healthy,Healthy,-1.0
MAH-SAN-TAG-1396,SAN,Gir Cross,6.6,207,38.3,-0.09,38.11,444.0,5.5,257.6,0.9,100.8,-0.8,Healthy,Healthy,-1.0
MAH-SAN-TAG-1396,SAN,Gir Cross,6.6,252,38.49,0.11,38.1,460.5,2.0,277.5,-6.7,101.7,-1.7,Healthy,Healthy,-1.0
MAH-SOL-TAG-1397,SOL,Gir Cross,5.5,60,39.42,0.18,38.96,468.7,0.3,300.0,-15.4,121.7,-21.7,Healthy,Healthy,-1.0
MAH-SOL-TAG-1397,SOL,Gir Cross,5.5,137,39.22,0.15,39.12,411.7,12.4,265.3,-2.0,105.0,-5.0,Sub-clinical,BRD,1.9
MAH-SOL-TAG-1397,SOL,Gir Cross,5.5,171,39.34,0.08,39.53,413.3,12.1,222.7,14.3,75.9,24.1,Sub-clinical,BRD,0.5
MAH-SOL-TAG-1397,SOL,Gir Cross,5.5,218,39.88,0.13,40.11,346.5,26.3,180.5,30.6,56.5,43.5,Clinical,BRD,0.0
MAH-PUN-TAG-1398,PUN,Dangi,2.8,151,38.37,0.22,38.16,472.3,-5.0,230.2,11.5,106.1,-6.1,Healthy,Healthy,-1.0
MAH-PUN-TAG-1398,PUN,Dangi,2.8,221,38.38,0.32,38.33,423.0,6.0,210.6,19.0,73.5,26.5,Sub-clinical,LSD,1.4
MAH-PUN-TAG-1398,PUN,Dangi,2.8,246,38.84,0.27,38.79,383.5,14.8,182.0,30.0,71.3,28.7,Sub-clinical,LSD,0.4
MAH-PUN-TAG-1398,PUN,Dangi,2.8,290,39.43,0.34,39.48,311.6,30.8,124.0,52.3,39.2,60.8,Clinical,LSD,0.0
MAH-SOL-TAG-1399,SOL,Red Kandhari,4.7,88,38.83,0.21,38.5,426.8,5.2,282.0,-8.5,98.6,1.4,Healthy,Healthy,-1.0
MAH-SOL-TAG-1399,SOL,Red Kandhari,4.7,158,38.85,-0.03,38.5,385.1,14.4,254.9,2.0,93.5,6.5,Sub-clinical,Ketosis,1.4
MAH-SOL-TAG-1399,SOL,Red Kandhari,4.7,183,38.64,0.01,38.38,319.1,29.1,224.5,13.7,82.7,17.3,Sub-clinical,Ketosis,0.4
MAH-SOL-TAG-1399,SOL,Red Kandhari,4.7,228,38.56,-0.01,38.25,264.6,41.2,170.2,34.5,76.3,23.7,Clinical,Ketosis,0.0
MAH-PUN-TAG-1400,PUN,Dangi,6.7,74,38.28,-0.15,38.69,451.6,-0.4,242.9,6.6,86.6,13.4,Healthy,Healthy,-1.0
MAH-PUN-TAG-1400,PUN,Dangi,6.7,141,38.55,0.0,38.68,424.8,5.6,241.9,7.0,82.1,17.9,Healthy,Healthy,-1.0
MAH-PUN-TAG-1400,PUN,Dangi,6.7,163,38.64,0.16,38.71,398.4,11.5,248.9,4.3,97.4,2.6,Healthy,Healthy,-1.0
MAH-PUN-TAG-1400,PUN,Dangi,6.7,206,38.92,-0.12,38.69,418.6,7.0,262.8,-1.1,109.5,-9.5,Healthy,Healthy,-1.0
MAH-KOL-TAG-1401,KOL,Red Kandhari,4.8,76,38.17,-0.18,38.52,456.4,-1.4,260.2,-0.1,89.2,10.8,Healthy,Healthy,-1.0
MAH-KOL-TAG-1401,KOL,Red Kandhari,4.8,153,38.86,0.17,38.53,446.7,0.7,285.5,-9.8,116.9,-16.9,Healthy,Healthy,-1.0
MAH-KOL-TAG-1401,KOL,Red Kandhari,4.8,186,38.47,-0.1,38.55,397.3,11.7,271.5,-4.4,97.6,2.4,Healthy,Healthy,-1.0
MAH-KOL-TAG-1401,KOL,Red Kandhari,4.8,232,38.79,-0.13,38.55,392.5,12.8,280.3,-7.8,104.3,-4.3,Healthy,Healthy,-1.0
MAH-SAN-TAG-1402,SAN,Khillari,4.1,115,38.35,-0.09,38.52,407.0,9.6,239.3,8.0,110.2,-10.2,Healthy,Healthy,-1.0
MAH-SAN-TAG-1402,SAN,Khillari,4.1,187,38.49,-0.01,38.53,400.6,11.0,238.8,8.2,104.7,-4.7,Healthy,Healthy,-1.0
MAH-SAN-TAG-1402,SAN,Khillari,4.1,214,38.15,-0.12,38.52,414.6,7.9,234.9,9.7,87.6,12.4,Healthy,Healthy,-1.0
MAH-SAN-TAG-1402,SAN,Khillari,4.1,259,38.34,-0.21,38.52,411.0,8.7,229.6,11.7,101.6,-1.6,Healthy,Healthy,-1.0
MAH-SAT-TAG-1403,SAT,Gir Cross,7.9,108,38.61,0.0,38.31,496.1,-5.6,274.0,-5.4,119.7,-19.7,Healthy,Healthy,-1.0
MAH-SAT-TAG-1403,SAT,Gir Cross,7.9,180,38.59,-0.01,38.29,448.8,4.5,239.7,7.8,116.9,-16.9,Sub-clinical,Ketosis,1.6
MAH-SAT-TAG-1403,SAT,Gir Cross,7.9,209,38.09,-0.28,38.16,369.2,21.4,188.3,27.6,100.5,-0.5,Sub-clinical,Ketosis,0.4
MAH-SAT-TAG-1403,SAT,Gir Cross,7.9,254,38.31,-0.16,38.07,273.7,41.8,161.5,37.9,95.7,4.3,Clinical,Ketosis,0.0
MAH-AHM-TAG-1404,AHM,HF Cross,2.9,122,37.99,-0.07,38.34,467.3,0.6,249.3,4.1,86.0,14.0,Healthy,Healthy,-1.0
MAH-AHM-TAG-1404,AHM,HF Cross,2.9,195,38.08,-0.05,38.35,464.6,1.1,244.5,6.0,84.1,15.9,Healthy,Healthy,-1.0
MAH-AHM-TAG-1404,AHM,HF Cross,2.9,223,38.37,-0.11,38.36,479.4,-2.0,264.3,-1.7,105.9,-5.9,Healthy,Healthy,-1.0
MAH-AHM-TAG-1404,AHM,HF Cross,2.9,268,38.23,0.07,38.34,463.1,1.5,255.9,1.6,91.6,8.4,Healthy,Healthy,-1.0
MAH-NAS-TAG-1405,NAS,Dangi,4.9,122,38.26,0.05,38.44,502.5,-11.7,264.7,-1.8,91.0,9.0,Healthy,Healthy,-1.0
MAH-NAS-TAG-1405,NAS,Dangi,4.9,195,37.97,-0.22,38.35,460.5,-2.3,232.7,10.5,83.3,16.7,Sub-clinical,Ketosis,1.6
MAH-NAS-TAG-1405,NAS,Dangi,4.9,223,38.16,-0.23,38.27,385.4,14.4,224.7,13.6,85.6,14.4,Sub-clinical,Ketosis,0.4
MAH-NAS-TAG-1405,NAS,Dangi,4.9,268,37.94,-0.05,38.14,294.2,34.6,164.1,36.9,71.9,28.1,Clinical,Ketosis,0.0
MAH-AHM-TAG-1406,AHM,Red Kandhari,5.7,93,38.2,0.03,38.37,445.7,1.0,215.1,17.3,86.7,13.3,Healthy,Healthy,-1.0
MAH-AHM-TAG-1406,AHM,Red Kandhari,5.7,159,38.67,-0.04,38.38,459.9,-2.2,232.6,10.5,108.5,-8.5,Healthy,Healthy,-1.0
MAH-AHM-TAG-1406,AHM,Red Kandhari,5.7,180,38.81,0.13,38.38,474.1,-5.4,239.0,8.1,110.0,-10.0,Healthy,Healthy,-1.0
MAH-AHM-TAG-1406,AHM,Red Kandhari,5.7,223,38.58,0.07,38.38,493.7,-9.7,224.4,13.7,107.4,-7.4,Healthy,Healthy,-1.0
MAH-SAT-TAG-1407,SAT,Murrah Buffalo,3.6,98,38.24,-0.12,38.62,442.8,1.6,268.8,-3.4,86.5,13.5,Healthy,Healthy,-1.0
MAH-SAT-TAG-1407,SAT,Murrah Buffalo,3.6,168,38.81,0.53,38.82,369.5,17.9,217.8,16.2,67.0,33.0,Sub-clinical,FMD,1.4
MAH-SAT-TAG-1407,SAT,Murrah Buffalo,3.6,193,39.2,0.42,39.4,313.0,30.4,186.8,28.2,52.4,47.6,Sub-clinical,FMD,0.4
MAH-SAT-TAG-1407,SAT,Murrah Buffalo,3.6,237,40.22,0.31,40.34,178.9,60.2,118.8,54.3,39.6,60.4,Clinical,FMD,0.0
MAH-AHM-TAG-1408,AHM,Red Kandhari,8.0,136,38.59,-0.06,38.45,453.1,-0.7,286.2,-10.1,110.7,-10.7,Healthy,Healthy,-1.0
MAH-AHM-TAG-1408,AHM,Red Kandhari,8.0,204,39.32,0.53,38.6,441.9,1.8,269.0,-3.5,106.0,-6.0,Sub-clinical,BRD,1.3
MAH-AHM-TAG-1408,AHM,Red Kandhari,8.0,227,39.54,0.41,38.99,387.7,13.8,248.6,4.4,99.2,0.8,Sub-clinical,BRD,0.3
MAH-AHM-TAG-1408,AHM,Red Kandhari,8.0,271,39.93,0.37,39.67,367.8,18.3,202.2,22.2,67.0,33.0,Clinical,BRD,0.0
MAH-PUN-TAG-1409,PUN,Gir Cross,5.6,115,38.22,0.06,38.35,442.2,5.9,243.5,6.3,88.3,11.7,Healthy,Healthy,-1.0
MAH-PUN-TAG-1409,PUN,Gir Cross,5.6,185,38.65,0.1,38.38,426.9,9.2,246.1,5.3,104.6,-4.6,Healthy,Healthy,-1.0
MAH-PUN-TAG-1409,PUN,Gir Cross,5.6,210,38.32,0.0,38.36,433.5,7.8,238.9,8.1,96.1,3.9,Healthy,Healthy,-1.0
MAH-PUN-TAG-1409,PUN,Gir Cross,5.6,254,38.66,-0.12,38.37,452.8,3.7,261.5,-0.6,110.6,-10.6,Healthy,Healthy,-1.0
MAH-SAT-TAG-1410,SAT,Dangi,7.3,110,38.69,-0.06,38.47,413.5,8.1,252.8,2.8,100.9,-0.9,Healthy,Healthy,-1.0
MAH-SAT-TAG-1410,SAT,Dangi,7.3,179,39.13,0.19,38.67,399.9,11.1,237.4,8.7,106.5,-6.5,Sub-clinical,LSD,1.3
MAH-SAT-TAG-1410,SAT,Dangi,7.3,203,39.73,0.6,39.08,356.3,20.8,205.0,21.2,97.3,2.7,Sub-clinical,LSD,0.3
MAH-SAT-TAG-1410,SAT,Dangi,7.3,247,40.07,0.32,39.78,315.3,29.9,156.9,39.7,63.1,36.9,Clinical,LSD,0.0
MAH-KOL-TAG-1411,KOL,Khillari,2.8,62,38.32,-0.09,38.12,422.8,6.0,273.9,-5.3,108.3,-8.3,Healthy,Healthy,-1.0
MAH-KOL-TAG-1411,KOL,Khillari,2.8,134,38.65,0.31,38.27,381.9,15.1,255.5,1.7,108.5,-8.5,Sub-clinical,Mastitis,1.5
MAH-KOL-TAG-1411,KOL,Khillari,2.8,161,39.05,0.5,38.69,332.2,26.2,228.7,12.0,96.7,3.3,Sub-clinical,Mastitis,0.4
MAH-KOL-TAG-1411,KOL,Khillari,2.8,206,39.75,0.27,39.34,270.2,40.0,207.2,20.3,95.3,4.7,Clinical,Mastitis,0.0
MAH-KOL-TAG-1412,KOL,Gir Cross,5.4,52,38.0,0.07,38.19,509.7,-8.4,236.5,9.0,76.1,23.9,Healthy,Healthy,-1.0
MAH-KOL-TAG-1412,KOL,Gir Cross,5.4,120,38.25,0.41,38.35,439.3,6.5,216.2,16.8,59.5,40.5,Sub-clinical,LSD,1.3
MAH-KOL-TAG-1412,KOL,Gir Cross,5.4,143,38.53,0.3,38.78,406.3,13.6,194.8,25.1,59.3,40.7,Sub-clinical,LSD,0.3
MAH-KOL-TAG-1412,KOL,Gir Cross,5.4,187,39.61,0.37,39.51,320.5,31.8,166.0,36.2,47.9,52.1,Clinical,LSD,0.0
MAH-AHM-TAG-1413,AHM,Murrah Buffalo,3.7,64,38.43,-0.09,38.28,411.9,8.5,241.9,7.0,108.4,-8.4,Healthy,Healthy,-1.0
MAH-AHM-TAG-1413,AHM,Murrah Buffalo,3.7,132,38.62,-0.11,38.31,432.9,3.8,239.8,7.8,123.5,-23.5,Healthy,Healthy,-1.0
MAH-AHM-TAG-1413,AHM,Murrah Buffalo,3.7,153,38.46,-0.08,38.27,444.1,1.3,254.1,2.3,111.7,-11.7,Healthy,Healthy,-1.0
MAH-AHM-TAG-1413,AHM,Murrah Buffalo,3.7,196,38.08,0.03,38.29,447.0,0.7,226.1,13.0,96.7,3.3,Healthy,Healthy,-1.0
MAH-SAN-TAG-1414,SAN,Red Kandhari,8.6,103,38.52,0.03,38.43,467.7,-3.9,289.9,-11.5,106.4,-6.4,Healthy,Healthy,-1.0
MAH-SAN-TAG-1414,SAN,Red Kandhari,8.6,178,38.61,-0.07,38.41,464.6,-3.2,301.6,-16.0,111.8,-11.8,Healthy,Healthy,-1.0
MAH-SAN-TAG-1414,SAN,Red Kandhari,8.6,208,38.57,0.09,38.45,407.3,9.5,295.9,-13.8,114.0,-14.0,Healthy,Healthy,-1.0
MAH-SAN-TAG-1414,SAN,Red Kandhari,8.6,254,38.7,-0.01,38.41,421.6,6.3,289.6,-11.4,116.5,-16.5,Healthy,Healthy,-1.0
MAH-NAS-TAG-1415,NAS,Khillari,6.0,158,38.72,-0.02,38.42,444.0,1.3,292.6,-12.5,96.0,4.0,Healthy,Healthy,-1.0
MAH-NAS-TAG-1415,NAS,Khillari,6.0,237,38.57,0.32,38.62,408.7,9.2,237.5,8.7,62.1,37.9,Sub-clinical,BRD,1.9
MAH-NAS-TAG-1415,NAS,Khillari,6.0,271,39.2,0.37,39.02,412.8,8.3,237.2,8.8,79.8,20.2,Sub-clinical,BRD,0.5
MAH-NAS-TAG-1415,NAS,Khillari,6.0,319,39.79,0.27,39.58,336.1,25.3,204.8,21.2,60.8,39.2,Clinical,BRD,0.0
MAH-SAT-TAG-1416,SAT,Khillari,2.4,57,38.81,0.3,38.38,430.4,4.4,240.5,7.5,114.2,-14.2,Healthy,Healthy,-1.0
MAH-SAT-TAG-1416,SAT,Khillari,2.4,130,39.1,0.5,38.54,402.5,10.6,229.9,11.6,107.1,-7.1,Sub-clinical,BRD,1.6
MAH-SAT-TAG-1416,SAT,Khillari,2.4,158,39.37,0.33,38.96,320.5,28.8,207.0,20.4,97.1,2.9,Sub-clinical,BRD,0.4
MAH-SAT-TAG-1416,SAT,Khillari,2.4,204,40.09,0.26,39.57,267.7,40.5,166.0,36.2,93.6,6.4,Clinical,BRD,0.0
MAH-SAN-TAG-1417,SAN,Red Kandhari,3.3,62,38.57,-0.09,38.32,432.4,3.9,254.6,2.1,111.1,-11.1,Healthy,Healthy,-1.0
MAH-SAN-TAG-1417,SAN,Red Kandhari,3.3,133,38.7,0.11,38.31,436.4,3.0,270.2,-3.9,123.7,-23.7,Healthy,Healthy,-1.0
MAH-SAN-TAG-1417,SAN,Red Kandhari,3.3,159,38.56,0.06,38.3,415.6,7.6,255.7,1.7,119.9,-19.9,Healthy,Healthy,-1.0
MAH-SAN-TAG-1417,SAN,Red Kandhari,3.3,204,38.58,0.05,38.35,434.9,3.4,270.1,-3.9,122.0,-22.0,Healthy,Healthy,-1.0
MAH-SOL-TAG-1418,SOL,Khillari,5.7,112,38.82,0.04,38.49,460.3,-2.3,262.3,-0.9,118.2,-18.2,Healthy,Healthy,-1.0
MAH-SOL-TAG-1418,SOL,Khillari,5.7,185,38.78,0.23,38.66,408.0,9.3,230.9,11.2,102.3,-2.3,Sub-clinical,Mastitis,1.6
MAH-SOL-TAG-1418,SOL,Khillari,5.7,213,39.11,0.38,39.04,361.9,19.6,196.2,24.5,82.4,17.6,Sub-clinical,Mastitis,0.4
MAH-SOL-TAG-1418,SOL,Khillari,5.7,259,39.77,0.18,39.7,276.2,38.6,184.2,29.2,84.1,15.9,Clinical,Mastitis,0.0
MAH-PUN-TAG-1419,PUN,Gir Cross,4.3,129,38.5,0.13,38.19,501.6,-6.7,277.6,-6.8,104.6,-4.6,Healthy,Healthy,-1.0
MAH-PUN-TAG-1419,PUN,Gir Cross,4.3,196,38.26,0.26,38.32,472.1,-0.4,228.0,12.3,85.1,14.9,Sub-clinical,LSD,1.2
MAH-PUN-TAG-1419,PUN,Gir Cross,4.3,218,38.78,0.54,38.76,407.1,13.4,201.4,22.5,74.5,25.5,Sub-clinical,LSD,0.3
MAH-PUN-TAG-1419,PUN,Gir Cross,4.3,261,39.48,0.33,39.52,320.4,31.8,166.3,36.0,58.4,41.6,Clinical,LSD,0.0
MAH-SOL-TAG-1420,SOL,Dangi,2.9,91,38.56,0.21,38.61,444.8,1.2,244.8,5.8,95.0,5.0,Healthy,Healthy,-1.0
MAH-SOL-TAG-1420,SOL,Dangi,2.9,168,38.88,0.54,38.8,425.6,5.4,228.1,12.3,73.5,26.5,Sub-clinical,LSD,1.9
MAH-SOL-TAG-1420,SOL,Dangi,2.9,202,39.69,0.2,39.28,416.1,7.5,238.8,8.2,95.6,4.4,Sub-clinical,LSD,0.5
MAH-SOL-TAG-1420,SOL,Dangi,2.9,249,40.24,0.36,39.9,359.2,20.2,189.6,27.1,73.3,26.7,Clinical,LSD,0.0
MAH-KOL-TAG-1421,KOL,Gir Cross,7.2,57,38.69,0.05,38.44,469.8,0.0,271.6,-4.5,116.5,-16.5,Healthy,Healthy,-1.0
MAH-KOL-TAG-1421,KOL,Gir Cross,7.2,133,39.28,0.32,38.73,376.6,19.9,229.3,11.8,102.4,-2.4,Sub-clinical,FMD,1.8
MAH-KOL-TAG-1421,KOL,Gir Cross,7.2,164,39.37,0.52,39.24,299.6,36.3,171.2,34.2,71.1,28.9,Sub-clinical,FMD,0.5
MAH-KOL-TAG-1421,KOL,Gir Cross,7.2,211,40.24,0.41,40.14,190.6,59.4,112.5,56.7,48.5,51.5,Clinical,FMD,0.0
MAH-SOL-TAG-1422,SOL,Khillari,3.6,115,38.44,-0.12,38.52,377.7,16.1,240.0,7.7,100.9,-0.9,Healthy,Healthy,-1.0
MAH-SOL-TAG-1422,SOL,Khillari,3.6,187,38.78,0.37,38.75,340.4,24.4,221.5,14.8,83.8,16.2,Sub-clinical,LSD,1.5
MAH-SOL-TAG-1422,SOL,Khillari,3.6,214,39.13,0.47,39.19,326.9,27.4,197.0,24.2,63.6,36.4,Sub-clinical,LSD,0.4
MAH-SOL-TAG-1422,SOL,Khillari,3.6,259,39.95,0.29,39.87,249.0,44.7,154.0,40.8,68.4,31.6,Clinical,LSD,0.0
MAH-SOL-TAG-1423,SOL,Gir Cross,5.7,52,38.23,-0.09,38.36,514.1,-9.4,263.7,-1.4,92.3,7.7,Healthy,Healthy,-1.0
MAH-SOL-TAG-1423,SOL,Gir Cross,5.7,127,38.74,0.24,38.57,488.0,-3.8,257.5,1.0,92.7,7.3,Sub-clinical,Mastitis,1.7
MAH-SOL-TAG-1423,SOL,Gir Cross,5.7,157,39.39,0.29,38.98,381.5,18.8,260.0,0.0,102.8,-2.8,Sub-clinical,Mastitis,0.5
MAH-SOL-TAG-1423,SOL,Gir Cross,5.7,204,39.93,0.09,39.59,324.6,30.9,222.2,14.5,88.6,11.4,Clinical,Mastitis,0.0
MAH-PUN-TAG-1424,PUN,Gir Cross,4.5,144,37.97,0.08,38.3,449.8,4.3,228.8,12.0,83.8,16.2,Healthy,Healthy,-1.0
MAH-PUN-TAG-1424,PUN,Gir Cross,4.5,221,38.19,0.02,38.34,475.4,-1.1,253.6,2.5,103.4,-3.4,Healthy,Healthy,-1.0
MAH-PUN-TAG-1424,PUN,Gir Cross,4.5,255,38.38,-0.09,38.32,440.7,6.2,259.3,0.3,124.5,-24.5,Healthy,Healthy,-1.0
MAH-PUN-TAG-1424,PUN,Gir Cross,4.5,302,38.71,0.13,38.33,440.5,6.3,265.1,-2.0,121.0,-21.0,Healthy,Healthy,-1.0
MAH-SOL-TAG-1425,SOL,Khillari,4.4,84,38.82,-0.02,38.61,442.5,1.7,264.3,-1.7,124.3,-24.3,Healthy,Healthy,-1.0
MAH-SOL-TAG-1425,SOL,Khillari,4.4,150,38.68,0.06,38.6,468.0,-4.0,243.3,6.4,105.5,-5.5,Healthy,Healthy,-1.0
MAH-SOL-TAG-1425,SOL,Khillari,4.4,170,38.36,0.1,38.59,458.2,-1.8,221.7,14.7,97.8,2.2,Healthy,Healthy,-1.0
MAH-SOL-TAG-1425,SOL,Khillari,4.4,213,38.22,-0.02,38.58,420.3,6.6,219.3,15.7,98.9,1.1,Healthy,Healthy,-1.0
MAH-SAT-TAG-1426,SAT,HF Cross,8.6,100,38.4,-0.07,38.68,509.7,-8.4,277.2,-6.6,81.2,18.8,Healthy,Healthy,-1.0
MAH-SAT-TAG-1426,SAT,HF Cross,8.6,167,38.38,-0.06,38.69,461.9,1.7,263.7,-1.4,71.6,28.4,Healthy,Healthy,-1.0
MAH-SAT-TAG-1426,SAT,HF Cross,8.6,187,38.52,0.0,38.66,453.1,3.6,283.0,-8.8,82.9,17.1,Healthy,Healthy,-1.0
MAH-SAT-TAG-1426,SAT,HF Cross,8.6,230,39.06,0.08,38.73,462.1,1.7,310.4,-19.4,95.3,4.7,Healthy,Healthy,-1.0
MAH-NAS-TAG-1427,NAS,HF Cross,3.6,108,39.02,0.02,38.61,440.6,6.3,259.8,0.1,107.8,-7.8,Healthy,Healthy,-1.0
MAH-NAS-TAG-1427,NAS,HF Cross,3.6,182,38.83,-0.07,38.61,405.7,13.7,256.9,1.2,105.2,-5.2,Healthy,Healthy,-1.0
MAH-NAS-TAG-1427,NAS,HF Cross,3.6,213,38.42,0.16,38.57,403.0,14.3,234.6,9.8,80.2,19.8,Healthy,Healthy,-1.0
MAH-NAS-TAG-1427,NAS,HF Cross,3.6,259,38.61,0.0,38.57,414.2,11.9,237.1,8.8,88.0,12.0,Healthy,Healthy,-1.0
MAH-SAT-TAG-1428,SAT,Red Kandhari,2.1,52,38.28,0.02,38.4,501.8,-11.5,236.8,8.9,97.3,2.7,Healthy,Healthy,-1.0
MAH-SAT-TAG-1428,SAT,Red Kandhari,2.1,120,38.52,0.6,38.56,431.0,4.2,215.6,17.1,85.5,14.5,Sub-clinical,LSD,1.2
MAH-SAT-TAG-1428,SAT,Red Kandhari,2.1,141,39.02,0.66,38.99,362.7,19.4,187.1,28.0,68.2,31.8,Sub-clinical,LSD,0.3
MAH-SAT-TAG-1428,SAT,Red Kandhari,2.1,184,40.06,0.32,39.75,303.0,32.7,166.3,36.0,68.6,31.4,Clinical,LSD,0.0
MAH-PUN-TAG-1429,PUN,Gir Cross,5.2,60,38.81,-0.04,38.56,450.2,4.2,301.3,-15.9,123.0,-23.0,Healthy,Healthy,-1.0
MAH-PUN-TAG-1429,PUN,Gir Cross,5.2,130,39.34,0.52,38.73,437.4,6.9,273.5,-5.2,106.3,-6.3,Sub-clinical,LSD,1.4
MAH-PUN-TAG-1429,PUN,Gir Cross,5.2,154,39.55,0.21,39.15,390.9,16.8,237.5,8.7,92.4,7.6,Sub-clinical,LSD,0.4
MAH-PUN-TAG-1429,PUN,Gir Cross,5.2,199,39.95,0.18,39.86,346.3,26.3,189.1,27.3,67.4,32.6,Clinical,LSD,0.0
MAH-SAN-TAG-1430,SAN,Dangi,5.5,110,38.69,-0.11,38.4,444.3,1.3,253.9,2.3,119.0,-19.0,Healthy,Healthy,-1.0
MAH-SAN-TAG-1430,SAN,Dangi,5.5,186,38.71,0.18,38.62,374.1,16.9,214.1,17.7,83.4,16.6,Sub-clinical,BRD,1.8
MAH-SAN-TAG-1430,SAN,Dangi,5.5,217,38.89,0.42,38.98,376.2,16.4,171.1,34.2,71.9,28.1,Sub-clinical,BRD,0.5
MAH-SAN-TAG-1430,SAN,Dangi,5.5,264,39.34,0.11,39.6,324.5,27.9,138.8,46.6,59.9,40.1,Clinical,BRD,0.0
MAH-SAN-TAG-1431,SAN,HF Cross,4.1,160,38.94,0.09,38.66,453.8,3.4,264.2,-1.6,111.4,-11.4,Healthy,Healthy,-1.0
MAH-SAN-TAG-1431,SAN,HF Cross,4.1,233,39.16,0.37,38.83,399.1,15.1,237.7,8.6,96.9,3.1,Sub-clinical,BRD,1.6
MAH-SAN-TAG-1431,SAN,HF Cross,4.1,261,39.06,0.27,39.17,377.3,19.7,201.6,22.5,78.2,21.8,Sub-clinical,BRD,0.4
MAH-SAN-TAG-1431,SAN,HF Cross,4.1,307,39.82,0.1,39.83,306.0,34.9,181.5,30.2,72.0,28.0,Clinical,BRD,0.0
MAH-SAN-TAG-1432,SAN,Gir Cross,3.6,100,38.48,0.04,38.61,505.0,-7.4,245.6,5.5,93.7,6.3,Healthy,Healthy,-1.0
MAH-SAN-TAG-1432,SAN,Gir Cross,3.6,172,38.91,0.44,38.84,464.5,1.2,248.0,4.6,89.3,10.7,Sub-clinical,Mastitis,1.5
MAH-SAN-TAG-1432,SAN,Gir Cross,3.6,199,39.53,0.42,39.23,415.3,11.6,236.4,9.1,98.1,1.9,Sub-clinical,Mastitis,0.4
MAH-SAN-TAG-1432,SAN,Gir Cross,3.6,244,39.86,0.18,39.88,326.7,30.5,191.5,26.3,67.5,32.5,Clinical,Mastitis,0.0
MAH-SOL-TAG-1433,SOL,Khillari,4.2,122,38.23,0.2,38.44,452.7,-0.6,236.2,9.2,88.6,11.4,Healthy,Healthy,-1.0
MAH-SOL-TAG-1433,SOL,Khillari,4.2,196,38.28,-0.02,38.46,461.5,-2.6,249.4,4.1,99.2,0.8,Healthy,Healthy,-1.0
MAH-SOL-TAG-1433,SOL,Khillari,4.2,225,38.57,-0.27,38.48,457.4,-1.6,286.0,-10.0,111.5,-11.5,Healthy,Healthy,-1.0
MAH-SOL-TAG-1433,SOL,Khillari,4.2,271,38.55,0.02,38.45,487.3,-8.3,283.0,-8.8,113.4,-13.4,Healthy,Healthy,-1.0
MAH-SAN-TAG-1434,SAN,Red Kandhari,5.1,60,38.73,-0.09,38.44,474.1,-5.4,271.7,-4.5,114.2,-14.2,Healthy,Healthy,-1.0
MAH-SAN-TAG-1434,SAN,Red Kandhari,5.1,127,38.27,-0.22,38.4,441.2,2.0,241.6,7.1,85.7,14.3,Sub-clinical,Ketosis,1.2
MAH-SAN-TAG-1434,SAN,Red Kandhari,5.1,148,38.13,-0.11,38.34,368.7,18.1,190.3,26.8,72.0,28.0,Sub-clinical,Ketosis,0.3
MAH-SAN-TAG-1434,SAN,Red Kandhari,5.1,192,37.82,0.02,38.16,248.7,44.7,128.5,50.6,55.3,44.7,Clinical,Ketosis,0.0
MAH-SAN-TAG-1435,SAN,Red Kandhari,3.8,103,38.59,0.12,38.49,479.5,-6.6,272.1,-4.7,103.3,-3.3,Healthy,Healthy,-1.0
MAH-SAN-TAG-1435,SAN,Red Kandhari,3.8,178,39.16,0.32,38.74,392.1,12.9,258.0,0.8,102.2,-2.2,Sub-clinical,Mastitis,1.7
MAH-SAN-TAG-1435,SAN,Red Kandhari,3.8,208,39.5,0.51,39.1,313.0,30.4,236.0,9.2,97.1,2.9,Sub-clinical,Mastitis,0.4
MAH-SAN-TAG-1435,SAN,Red Kandhari,3.8,254,40.17,0.22,39.77,253.4,43.7,204.5,21.3,85.2,14.8,Clinical,Mastitis,0.0
MAH-KOL-TAG-1436,KOL,HF Cross,2.5,141,38.33,0.02,38.45,453.0,3.6,246.8,5.1,89.1,10.9,Healthy,Healthy,-1.0
MAH-KOL-TAG-1436,KOL,HF Cross,2.5,219,38.38,0.15,38.44,494.3,-5.2,242.0,6.9,90.6,9.4,Healthy,Healthy,-1.0
MAH-KOL-TAG-1436,KOL,HF Cross,2.5,252,38.79,0.14,38.45,483.4,-2.9,272.9,-5.0,116.1,-16.1,Healthy,Healthy,-1.0
MAH-KOL-TAG-1436,KOL,HF Cross,2.5,300,38.76,-0.13,38.49,478.8,-1.9,280.0,-7.7,111.9,-11.9,Healthy,Healthy,-1.0
MAH-SAT-TAG-1437,SAT,Gir Cross,2.6,67,38.35,-0.01,38.45,464.2,1.2,264.5,-1.7,87.7,12.3,Healthy,Healthy,-1.0
MAH-SAT-TAG-1437,SAT,Gir Cross,2.6,139,38.59,0.25,38.63,414.0,11.9,244.1,6.1,93.3,6.7,Sub-clinical,LSD,1.5
MAH-SAT-TAG-1437,SAT,Gir Cross,2.6,166,38.95,0.42,39.06,380.4,19.1,216.5,16.7,63.8,36.2,Sub-clinical,LSD,0.4
MAH-SAT-TAG-1437,SAT,Gir Cross,2.6,211,39.87,0.32,39.75,307.4,34.6,180.4,30.6,62.0,38.0,Clinical,LSD,0.0
MAH-SAN-TAG-1438,SAN,Murrah Buffalo,8.3,69,38.34,-0.03,38.51,414.8,7.8,215.9,17.0,84.6,15.4,Healthy,Healthy,-1.0
MAH-SAN-TAG-1438,SAN,Murrah Buffalo,8.3,137,38.59,-0.07,38.52,406.5,9.7,247.3,4.9,93.9,6.1,Healthy,Healthy,-1.0
MAH-SAN-TAG-1438,SAN,Murrah Buffalo,8.3,160,38.62,-0.13,38.55,416.6,7.4,246.7,5.1,99.8,0.2,Healthy,Healthy,-1.0
MAH-SAN-TAG-1438,SAN,Murrah Buffalo,8.3,204,38.97,0.02,38.58,432.3,3.9,274.4,-5.5,105.4,-5.4,Healthy,Healthy,-1.0
MAH-NAS-TAG-1439,NAS,HF Cross,2.3,151,38.76,-0.11,38.78,502.2,-6.9,280.9,-8.0,101.3,-1.3,Healthy,Healthy,-1.0
MAH-NAS-TAG-1439,NAS,HF Cross,2.3,217,38.9,0.56,38.91,442.8,5.8,221.1,15.0,72.4,27.6,Sub-clinical,LSD,1.2
MAH-NAS-TAG-1439,NAS,HF Cross,2.3,237,39.2,0.24,39.32,384.9,18.1,203.4,21.8,63.5,36.5,Sub-clinical,LSD,0.3
MAH-NAS-TAG-1439,NAS,HF Cross,2.3,280,40.5,0.21,40.09,308.3,34.4,181.0,30.4,69.7,30.3,Clinical,LSD,0.0
MAH-SAT-TAG-1440,SAT,Red Kandhari,7.6,153,38.9,0.04,38.64,444.9,1.1,288.3,-10.9,98.4,1.6,Healthy,Healthy,-1.0
MAH-SAT-TAG-1440,SAT,Red Kandhari,7.6,225,38.85,0.06,38.61,412.0,8.4,281.7,-8.3,103.0,-3.0,Healthy,Healthy,-1.0
MAH-SAT-TAG-1440,SAT,Red Kandhari,7.6,252,38.89,0.14,38.61,431.3,4.2,279.9,-7.7,106.1,-6.1,Healthy,Healthy,-1.0
MAH-SAT-TAG-1440,SAT,Red Kandhari,7.6,297,38.82,-0.04,38.62,450.2,-0.0,273.9,-5.3,100.9,-0.9,Healthy,Healthy,-1.0
MAH-AHM-TAG-1441,AHM,Gir Cross,2.9,124,38.41,0.01,38.6,459.7,2.2,220.6,15.2,83.0,17.0,Healthy,Healthy,-1.0
MAH-AHM-TAG-1441,AHM,Gir Cross,2.9,199,38.68,-0.06,38.58,476.4,-1.4,248.4,4.5,98.2,1.8,Healthy,Healthy,-1.0
MAH-AHM-TAG-1441,AHM,Gir Cross,2.9,229,38.86,-0.09,38.59,435.2,7.4,266.0,-2.3,110.0,-10.0,Healthy,Healthy,-1.0
MAH-AHM-TAG-1441,AHM,Gir Cross,2.9,276,38.84,0.01,38.62,442.9,5.8,262.3,-0.9,114.9,-14.9,Healthy,Healthy,-1.0
MAH-NAS-TAG-1442,NAS,Dangi,8.8,141,38.17,0.01,38.37,427.3,5.0,277.7,-6.8,102.6,-2.6,Healthy,Healthy,-1.0
MAH-NAS-TAG-1442,NAS,Dangi,8.8,208,38.43,-0.1,38.37,416.9,7.4,301.9,-16.1,123.6,-23.6,Healthy,Healthy,-1.0
MAH-NAS-TAG-1442,NAS,Dangi,8.8,230,38.61,-0.08,38.39,436.4,3.0,308.0,-18.5,123.1,-23.1,Healthy,Healthy,-1.0
MAH-NAS-TAG-1442,NAS,Dangi,8.8,273,38.56,-0.08,38.43,477.6,-6.1,301.4,-15.9,125.5,-25.5,Healthy,Healthy,-1.0
MAH-SOL-TAG-1443,SOL,Dangi,8.7,96,38.08,0.11,38.36,447.9,0.5,229.9,11.6,75.5,24.5,Healthy,Healthy,-1.0
MAH-SOL-TAG-1443,SOL,Dangi,8.7,168,37.93,-0.05,38.32,421.3,6.4,210.3,19.1,73.4,26.6,Sub-clinical,Ketosis,1.6
MAH-SOL-TAG-1443,SOL,Dangi,8.7,197,38.07,-0.14,38.26,372.5,17.2,173.2,33.4,73.9,26.1,Sub-clinical,Ketosis,0.4
MAH-SOL-TAG-1443,SOL,Dangi,8.7,242,37.7,0.02,38.08,274.9,38.9,125.5,51.7,50.2,49.8,Clinical,Ketosis,0.0
MAH-PUN-TAG-1444,PUN,Khillari,6.3,55,38.47,0.04,38.34,484.1,-7.6,269.6,-3.7,100.1,-0.1,Healthy,Healthy,-1.0
MAH-PUN-TAG-1444,PUN,Khillari,6.3,124,38.02,-0.19,38.33,497.1,-10.5,250.8,3.5,97.9,2.1,Healthy,Healthy,-1.0
MAH-PUN-TAG-1444,PUN,Khillari,6.3,148,38.21,0.19,38.33,496.3,-10.3,242.1,6.9,92.1,7.9,Healthy,Healthy,-1.0
MAH-PUN-TAG-1444,PUN,Khillari,6.3,192,37.94,-0.11,38.35,474.3,-5.4,238.9,8.1,83.1,16.9,Healthy,Healthy,-1.0
MAH-AHM-TAG-1445,AHM,HF Cross,6.8,139,38.28,0.09,38.27,437.2,7.0,258.9,0.4,99.2,0.8,Healthy,Healthy,-1.0
MAH-AHM-TAG-1445,AHM,HF Cross,6.8,217,38.22,0.07,38.5,427.6,9.0,215.4,17.2,86.3,13.7,Sub-clinical,Mastitis,2.0
MAH-AHM-TAG-1445,AHM,HF Cross,6.8,252,39.39,0.23,38.97,391.8,16.6,241.7,7.0,101.3,-1.3,Sub-clinical,Mastitis,0.5
MAH-AHM-TAG-1445,AHM,HF Cross,6.8,300,39.92,0.25,39.55,311.6,33.7,213.1,18.0,97.1,2.9,Clinical,Mastitis,0.0
MAH-SAN-TAG-1446,SAN,Red Kandhari,6.0,93,38.11,0.15,38.3,421.8,6.3,242.7,6.7,87.3,12.7,Healthy,Healthy,-1.0
MAH-SAN-TAG-1446,SAN,Red Kandhari,6.0,158,38.85,0.17,38.42,398.9,11.4,244.4,6.0,112.7,-12.7,Sub-clinical,Mastitis,1.1
MAH-SAN-TAG-1446,SAN,Red Kandhari,6.0,178,39.4,0.63,38.81,364.3,19.0,232.8,10.5,100.7,-0.7,Sub-clinical,Mastitis,0.3
MAH-SAN-TAG-1446,SAN,Red Kandhari,6.0,220,39.4,0.16,39.5,304.3,32.4,169.8,34.7,81.1,18.9,Clinical,Mastitis,0.0
MAH-SOL-TAG-1447,SOL,Red Kandhari,5.6,144,37.96,-0.17,38.39,478.7,-6.4,242.7,6.7,83.6,16.4,Healthy,Healthy,-1.0
MAH-SOL-TAG-1447,SOL,Red Kandhari,5.6,217,38.05,-0.03,38.39,493.5,-9.7,223.3,14.1,87.8,12.2,Healthy,Healthy,-1.0
MAH-SOL-TAG-1447,SOL,Red Kandhari,5.6,247,38.47,-0.08,38.39,517.2,-14.9,256.9,1.2,105.9,-5.9,Healthy,Healthy,-1.0
MAH-SOL-TAG-1447,SOL,Red Kandhari,5.6,292,38.26,0.0,38.43,496.2,-10.3,253.1,2.7,94.9,5.1,Healthy,Healthy,-1.0
MAH-PUN-TAG-1448,PUN,Dangi,5.9,156,39.09,0.02,38.78,411.9,8.5,279.8,-7.6,113.0,-13.0,Healthy,Healthy,-1.0
MAH-PUN-TAG-1448,PUN,Dangi,5.9,225,39.02,0.13,38.78,425.7,5.4,280.1,-7.7,102.6,-2.6,Healthy,Healthy,-1.0
MAH-PUN-TAG-1448,PUN,Dangi,5.9,248,39.06,0.14,38.79,440.2,2.2,274.4,-5.5,102.8,-2.8,Healthy,Healthy,-1.0
MAH-PUN-TAG-1448,PUN,Dangi,5.9,292,38.62,0.06,38.79,429.9,4.5,252.3,3.0,95.7,4.3,Healthy,Healthy,-1.0
MAH-NAS-TAG-1449,NAS,Gir Cross,3.3,163,38.1,-0.05,38.18,468.7,0.3,262.0,-0.8,105.7,-5.7,Healthy,Healthy,-1.0
MAH-NAS-TAG-1449,NAS,Gir Cross,3.3,239,37.87,0.13,38.14,437.9,6.8,219.6,15.5,93.0,7.0,Sub-clinical,Ketosis,1.7
MAH-NAS-TAG-1449,NAS,Gir Cross,3.3,270,37.91,-0.24,38.07,425.3,9.5,205.1,21.1,95.5,4.5,Sub-clinical,Ketosis,0.5
MAH-NAS-TAG-1449,NAS,Gir Cross,3.3,316,37.76,0.1,37.91,309.7,34.1,143.9,44.7,74.9,25.1,Clinical,Ketosis,0.0
MAH-SAT-TAG-1450,SAT,Khillari,6.3,120,38.15,-0.09,38.52,440.9,2.0,238.1,8.4,76.4,23.6,Healthy,Healthy,-1.0
MAH-SAT-TAG-1450,SAT,Khillari,6.3,186,38.89,0.44,38.64,358.1,20.4,246.4,5.2,97.3,2.7,Sub-clinical,Mastitis,1.2
MAH-SAT-TAG-1450,SAT,Khillari,6.3,206,39.57,0.52,39.04,327.4,27.2,255.4,1.8,99.5,0.5,Sub-clinical,Mastitis,0.3
MAH-SAT-TAG-1450,SAT,Khillari,6.3,249,40.01,0.24,39.78,299.2,33.5,213.5,17.9,90.8,9.2,Clinical,Mastitis,0.0
MAH-SAN-TAG-1451,SAN,Khillari,2.3,88,38.56,-0.04,38.43,424.0,5.8,272.2,-4.7,113.3,-13.3,Healthy,Healthy,-1.0
MAH-SAN-TAG-1451,SAN,Khillari,2.3,166,38.11,0.07,38.38,430.7,4.3,268.1,-3.1,94.6,5.4,Healthy,Healthy,-1.0
MAH-SAN-TAG-1451,SAN,Khillari,2.3,200,38.63,0.02,38.39,466.5,-3.7,272.4,-4.8,103.2,-3.2,Healthy,Healthy,-1.0
MAH-SAN-TAG-1451,SAN,Khillari,2.3,247,38.44,-0.14,38.4,481.9,-7.1,276.9,-6.5,103.5,-3.5,Healthy,Healthy,-1.0
MAH-KOL-TAG-1452,KOL,HF Cross,2.9,60,39.03,-0.02,38.64,443.7,5.6,321.6,-23.7,104.8,-4.8,Healthy,Healthy,-1.0
MAH-KOL-TAG-1452,KOL,HF Cross,2.9,132,39.36,0.47,38.8,406.1,13.6,296.6,-14.1,102.7,-2.7,Sub-clinical,LSD,1.6
MAH-KOL-TAG-1452,KOL,HF Cross,2.9,161,39.56,0.39,39.23,324.0,31.1,266.6,-2.5,80.1,19.9,Sub-clinical,LSD,0.4
MAH-KOL-TAG-1452,KOL,HF Cross,2.9,206,40.38,0.21,39.95,293.5,37.6,241.3,7.2,72.8,27.2,Clinical,LSD,0.0
MAH-KOL-TAG-1453,KOL,Red Kandhari,7.2,52,38.34,0.23,38.3,498.2,-10.7,231.1,11.1,94.9,5.1,Healthy,Healthy,-1.0
MAH-KOL-TAG-1453,KOL,Red Kandhari,7.2,121,37.89,-0.12,38.3,464.0,-3.1,226.8,12.8,92.9,7.1,Healthy,Healthy,-1.0
MAH-KOL-TAG-1453,KOL,Red Kandhari,7.2,145,37.91,0.02,38.27,471.2,-4.7,217.3,16.4,83.6,16.4,Healthy,Healthy,-1.0
MAH-KOL-TAG-1453,KOL,Red Kandhari,7.2,189,38.1,-0.11,38.29,447.1,0.6,226.7,12.8,82.5,17.5,Healthy,Healthy,-1.0
MAH-KOL-TAG-1454,KOL,Gir Cross,2.4,67,38.61,0.09,38.71,436.2,7.2,265.4,-2.1,93.6,6.4,Healthy,Healthy,-1.0
MAH-KOL-TAG-1454,KOL,Gir Cross,2.4,134,39.03,0.04,38.69,454.5,3.3,287.5,-10.6,115.9,-15.9,Healthy,Healthy,-1.0
MAH-KOL-TAG-1454,KOL,Gir Cross,2.4,156,39.06,0.14,38.72,448.1,4.7,275.8,-6.1,111.5,-11.5,Healthy,Healthy,-1.0
MAH-KOL-TAG-1454,KOL,Gir Cross,2.4,199,38.89,0.01,38.71,492.0,-4.7,277.9,-6.9,95.8,4.2,Healthy,Healthy,-1.0
MAH-AHM-TAG-1455,AHM,HF Cross,2.0,64,38.37,-0.09,38.29,475.2,-1.1,248.7,4.3,113.8,-13.8,Healthy,Healthy,-1.0
MAH-AHM-TAG-1455,AHM,HF Cross,2.0,132,38.77,0.16,38.35,480.2,-2.2,257.5,1.0,117.0,-17.0,Healthy,Healthy,-1.0
MAH-AHM-TAG-1455,AHM,HF Cross,2.0,155,38.68,0.09,38.34,493.6,-5.0,254.4,2.2,110.3,-10.3,Healthy,Healthy,-1.0
MAH-AHM-TAG-1455,AHM,HF Cross,2.0,199,38.41,-0.16,38.33,519.1,-10.4,249.5,4.0,108.1,-8.1,Healthy,Healthy,-1.0
MAH-AHM-TAG-1456,AHM,Khillari,5.5,148,38.3,0.02,38.45,476.7,-5.9,268.1,-3.1,89.3,10.7,Healthy,Healthy,-1.0
MAH-AHM-TAG-1456,AHM,Khillari,5.5,215,38.01,-0.13,38.42,434.9,3.4,255.4,1.8,77.5,22.5,Healthy,Healthy,-1.0
MAH-AHM-TAG-1456,AHM,Khillari,5.5,235,38.46,0.18,38.43,418.6,7.0,271.7,-4.5,95.2,4.8,Healthy,Healthy,-1.0
MAH-AHM-TAG-1456,AHM,Khillari,5.5,278,38.8,0.09,38.45,423.8,5.8,284.4,-9.4,110.3,-10.3,Healthy,Healthy,-1.0
MAH-KOL-TAG-1457,KOL,Dangi,2.6,98,38.13,0.0,38.5,449.9,0.0,240.7,7.4,75.9,24.1,Healthy,Healthy,-1.0
MAH-KOL-TAG-1457,KOL,Dangi,2.6,168,38.2,0.1,38.49,422.3,6.2,229.4,11.8,83.4,16.6,Healthy,Healthy,-1.0
MAH-KOL-TAG-1457,KOL,Dangi,2.6,193,38.22,0.08,38.48,449.4,0.1,228.6,12.1,69.8,30.2,Healthy,Healthy,-1.0
MAH-KOL-TAG-1457,KOL,Dangi,2.6,237,38.28,0.03,38.49,400.5,11.0,235.3,9.5,84.3,15.7,Healthy,Healthy,-1.0
MAH-SAT-TAG-1458,SAT,HF Cross,5.5,122,37.97,0.15,38.26,484.1,-3.0,242.0,6.9,90.1,9.9,Healthy,Healthy,-1.0
MAH-SAT-TAG-1458,SAT,HF Cross,5.5,200,38.95,0.43,38.51,461.9,1.7,259.6,0.2,108.1,-8.1,Sub-clinical,Mastitis,1.9
MAH-SAT-TAG-1458,SAT,HF Cross,5.5,233,39.08,0.15,38.93,339.4,27.8,236.3,9.1,99.6,0.4,Sub-clinical,Mastitis,0.5
MAH-SAT-TAG-1458,SAT,HF Cross,5.5,280,39.85,0.23,39.57,264.9,43.6,208.3,19.9,88.3,11.7,Clinical,Mastitis,0.0
MAH-AHM-TAG-1459,AHM,Gir Cross,6.3,57,39.02,0.06,38.76,487.7,-3.8,295.5,-13.7,102.8,-2.8,Healthy,Healthy,-1.0
MAH-AHM-TAG-1459,AHM,Gir Cross,6.3,134,38.92,0.02,38.77,450.2,4.2,300.2,-15.5,114.6,-14.6,Healthy,Healthy,-1.0
MAH-AHM-TAG-1459,AHM,Gir Cross,6.3,166,38.36,-0.23,38.74,452.6,3.7,267.5,-2.9,80.4,19.6,Healthy,Healthy,-1.0
MAH-AHM-TAG-1459,AHM,Gir Cross,6.3,213,38.53,0.01,38.76,423.0,10.0,273.2,-5.1,88.1,11.9,Healthy,Healthy,-1.0
MAH-SAT-TAG-1460,SAT,Murrah Buffalo,3.2,120,38.12,-0.09,38.48,440.8,2.0,243.5,6.3,80.8,19.2,Healthy,Healthy,-1.0
MAH-SAT-TAG-1460,SAT,Murrah Buffalo,3.2,194,38.56,0.36,38.66,435.4,3.2,233.5,10.2,85.0,15.0,Sub-clinical,LSD,1.7
MAH-SAT-TAG-1460,SAT,Murrah Buffalo,3.2,225,39.56,0.35,39.13,408.3,9.3,228.3,12.2,90.4,9.6,Sub-clinical,LSD,0.4
MAH-SAT-TAG-1460,SAT,Murrah Buffalo,3.2,271,39.93,0.24,39.79,322.4,28.4,192.3,26.0,73.8,26.2,Clinical,LSD,0.0
MAH-SAT-TAG-1461,SAT,Dangi,2.9,105,38.68,0.05,38.49,450.0,0.0,282.3,-8.6,108.3,-8.3,Healthy,Healthy,-1.0
MAH-SAT-TAG-1461,SAT,Dangi,2.9,181,39.26,0.27,38.7,401.2,10.8,270.4,-4.0,104.7,-4.7,Sub-clinical,Mastitis,1.8
MAH-SAT-TAG-1461,SAT,Dangi,2.9,212,39.06,0.37,39.07,341.1,24.2,216.6,16.7,96.1,3.9,Sub-clinical,Mastitis,0.5
MAH-SAT-TAG-1461,SAT,Dangi,2.9,259,39.78,0.31,39.73,252.6,43.9,186.4,28.3,81.6,18.4,Clinical,Mastitis,0.0
MAH-SAN-TAG-1462,SAN,Red Kandhari,2.8,156,38.88,-0.09,38.57,425.1,5.5,300.1,-15.4,110.6,-10.6,Healthy,Healthy,-1.0
MAH-SAN-TAG-1462,SAN,Red Kandhari,2.8,227,38.79,-0.21,38.56,432.6,3.9,305.3,-17.4,105.5,-5.5,Healthy,Healthy,-1.0
MAH-SAN-TAG-1462,SAN,Red Kandhari,2.8,252,38.94,0.07,38.55,425.5,5.4,308.8,-18.8,109.5,-9.5,Healthy,Healthy,-1.0
MAH-SAN-TAG-1462,SAN,Red Kandhari,2.8,297,38.89,0.05,38.57,433.4,3.7,305.1,-17.3,108.3,-8.3,Healthy,Healthy,-1.0
MAH-SOL-TAG-1463,SOL,Gir Cross,8.9,146,38.24,0.03,38.5,486.4,-3.5,240.3,7.6,88.5,11.5,Healthy,Healthy,-1.0
MAH-SOL-TAG-1463,SOL,Gir Cross,8.9,213,38.74,0.68,38.68,388.6,17.3,203.6,21.7,80.6,19.4,Sub-clinical,FMD,1.2
MAH-SOL-TAG-1463,SOL,Gir Cross,8.9,235,39.43,0.58,39.22,317.1,32.5,164.5,36.7,72.8,27.2,Sub-clinical,FMD,0.3
MAH-SOL-TAG-1463,SOL,Gir Cross,8.9,278,40.76,0.32,40.23,223.7,52.4,136.8,47.4,64.9,35.1,Clinical,FMD,0.0
MAH-KOL-TAG-1464,KOL,Khillari,5.4,96,38.28,0.12,38.55,462.5,-2.8,225.1,13.4,88.1,11.9,Healthy,Healthy,-1.0
MAH-KOL-TAG-1464,KOL,Khillari,5.4,173,38.67,0.18,38.56,494.1,-9.8,234.4,9.8,97.8,2.2,Healthy,Healthy,-1.0
MAH-KOL-TAG-1464,KOL,Khillari,5.4,207,38.96,0.1,38.58,440.2,2.2,257.7,0.9,114.4,-14.4,Healthy,Healthy,-1.0
MAH-KOL-TAG-1464,KOL,Khillari,5.4,254,38.92,0.01,38.58,444.2,1.3,274.0,-5.4,114.4,-14.4,Healthy,Healthy,-1.0
MAH-NAS-TAG-1465,NAS,Khillari,7.9,74,38.33,-0.01,38.63,459.3,-2.1,255.7,1.7,92.9,7.1,Healthy,Healthy,-1.0
MAH-NAS-TAG-1465,NAS,Khillari,7.9,151,39.07,0.25,38.89,435.3,3.3,275.6,-6.0,109.9,-9.9,Sub-clinical,Mastitis,1.8
MAH-NAS-TAG-1465,NAS,Khillari,7.9,183,39.69,0.46,39.26,327.7,27.2,255.0,1.9,105.3,-5.3,Sub-clinical,Mastitis,0.5
MAH-NAS-TAG-1465,NAS,Khillari,7.9,230,40.36,0.35,39.91,265.2,41.1,225.6,13.2,99.7,0.3,Clinical,Mastitis,0.0
MAH-SOL-TAG-1466,SOL,Khillari,3.6,105,38.99,-0.07,38.78,502.1,-11.6,289.0,-11.2,124.6,-24.6,Healthy,Healthy,-1.0
MAH-SOL-TAG-1466,SOL,Khillari,3.6,176,38.91,0.0,38.72,454.1,-0.9,255.6,1.7,110.5,-10.5,Sub-clinical,Ketosis,1.5
MAH-SOL-TAG-1466,SOL,Khillari,3.6,202,38.97,-0.05,38.64,369.0,18.0,231.6,10.9,112.3,-12.3,Sub-clinical,Ketosis,0.4
MAH-SOL-TAG-1466,SOL,Khillari,3.6,247,38.45,-0.04,38.45,304.4,32.4,176.5,32.1,92.7,7.3,Clinical,Ketosis,0.0
MAH-SAN-TAG-1467,SAN,Khillari,2.7,165,38.38,0.03,38.54,437.8,2.7,237.3,8.7,90.2,9.8,Healthy,Healthy,-1.0
MAH-SAN-TAG-1467,SAN,Khillari,2.7,241,38.65,0.32,38.77,424.4,5.7,220.5,15.2,83.5,16.5,Sub-clinical,LSD,1.8
MAH-SAN-TAG-1467,SAN,Khillari,2.7,272,39.45,0.39,39.17,409.4,9.0,230.2,11.5,92.9,7.1,Sub-clinical,LSD,0.5
MAH-SAN-TAG-1467,SAN,Khillari,2.7,319,40.01,0.2,39.85,369.4,17.9,175.8,32.4,77.9,22.1,Clinical,LSD,0.0
MAH-PUN-TAG-1468,PUN,Murrah Buffalo,2.4,86,39.02,-0.01,38.8,385.5,14.3,238.7,8.2,116.8,-16.8,Healthy,Healthy,-1.0
MAH-PUN-TAG-1468,PUN,Murrah Buffalo,2.4,155,39.52,0.48,38.92,384.4,14.6,224.1,13.8,105.0,-5.0,Sub-clinical,LSD,1.3
MAH-PUN-TAG-1468,PUN,Murrah Buffalo,2.4,179,39.91,0.39,39.39,356.9,20.7,208.5,19.8,96.5,3.5,Sub-clinical,LSD,0.3
MAH-PUN-TAG-1468,PUN,Murrah Buffalo,2.4,223,40.21,0.29,40.1,313.5,30.3,147.5,43.3,69.6,30.4,Clinical,LSD,0.0
MAH-SAT-TAG-1469,SAT,Khillari,8.6,64,38.99,0.16,38.62,410.6,8.8,246.0,5.4,119.1,-19.1,Healthy,Healthy,-1.0
MAH-SAT-TAG-1469,SAT,Khillari,8.6,132,39.42,0.5,38.84,364.9,18.9,232.2,10.7,116.4,-16.4,Sub-clinical,FMD,1.3
MAH-SAT-TAG-1469,SAT,Khillari,8.6,155,39.92,0.51,39.38,306.8,31.8,171.7,34.0,98.5,1.5,Sub-clinical,FMD,0.3
MAH-SAT-TAG-1469,SAT,Khillari,8.6,199,40.54,0.42,40.34,234.4,47.9,94.8,63.5,67.0,33.0,Clinical,FMD,0.0
MAH-KOL-TAG-1470,KOL,Red Kandhari,6.2,55,38.52,-0.02,38.41,499.3,-11.0,276.8,-6.5,106.7,-6.7,Healthy,Healthy,-1.0
MAH-KOL-TAG-1470,KOL,Red Kandhari,6.2,133,39.15,0.11,38.66,431.6,4.1,268.6,-3.3,101.9,-1.9,Sub-clinical,LSD,2.0
MAH-KOL-TAG-1470,KOL,Red Kandhari,6.2,168,38.82,0.31,39.06,399.7,11.2,205.5,21.0,69.7,30.3,Sub-clinical,LSD,0.5
MAH-KOL-TAG-1470,KOL,Red Kandhari,6.2,216,39.51,0.33,39.72,344.3,23.5,174.7,32.8,51.7,48.3,Clinical,LSD,0.0
MAH-PUN-TAG-1471,PUN,Red Kandhari,2.9,67,38.48,0.13,38.49,439.6,2.3,252.7,2.8,98.3,1.7,Healthy,Healthy,-1.0
MAH-PUN-TAG-1471,PUN,Red Kandhari,2.9,139,38.93,0.46,38.73,366.7,18.5,226.4,12.9,85.8,14.2,Sub-clinical,FMD,1.5
MAH-PUN-TAG-1471,PUN,Red Kandhari,2.9,166,39.19,0.35,39.29,314.2,30.2,181.4,30.2,66.5,33.5,Sub-clinical,FMD,0.4
MAH-PUN-TAG-1471,PUN,Red Kandhari,2.9,211,40.34,0.56,40.22,202.3,55.0,110.1,57.7,46.3,53.7,Clinical,FMD,0.0
MAH-PUN-TAG-1472,PUN,Dangi,5.4,105,39.01,0.02,38.71,457.6,-1.7,267.7,-3.0,111.1,-11.1,Healthy,Healthy,-1.0
MAH-PUN-TAG-1472,PUN,Dangi,5.4,172,38.53,0.12,38.68,401.4,10.8,209.3,19.5,91.0,9.0,Sub-clinical,Ketosis,1.2
MAH-PUN-TAG-1472,PUN,Dangi,5.4,194,38.28,0.04,38.57,322.1,28.4,169.0,35.0,75.1,24.9,Sub-clinical,Ketosis,0.3
MAH-PUN-TAG-1472,PUN,Dangi,5.4,237,38.05,-0.12,38.39,186.7,58.5,119.0,54.2,62.2,37.8,Clinical,Ketosis,0.0
MAH-AHM-TAG-1473,AHM,Gir Cross,4.2,60,38.68,0.1,38.32,493.3,-5.0,271.5,-4.4,118.1,-18.1,Healthy,Healthy,-1.0
MAH-AHM-TAG-1473,AHM,Gir Cross,4.2,132,38.97,0.32,38.55,458.8,2.4,251.7,3.2,113.1,-13.1,Sub-clinical,LSD,1.6
MAH-AHM-TAG-1473,AHM,Gir Cross,4.2,161,39.32,0.62,38.94,383.8,18.3,200.0,23.1,87.3,12.7,Sub-clinical,LSD,0.4
MAH-AHM-TAG-1473,AHM,Gir Cross,4.2,206,40.11,0.28,39.69,338.3,28.0,176.8,32.0,73.5,26.5,Clinical,LSD,0.0
MAH-NAS-TAG-1474,NAS,Red Kandhari,5.7,52,38.44,-0.03,38.62,483.9,-7.5,246.2,5.3,81.6,18.4,Healthy,Healthy,-1.0
MAH-NAS-TAG-1474,NAS,Red Kandhari,5.7,120,38.25,-0.08,38.6,477.0,-6.0,234.9,9.7,83.8,16.2,Healthy,Healthy,-1.0
MAH-NAS-TAG-1474,NAS,Red Kandhari,5.7,143,38.35,0.05,38.6,434.9,3.4,231.6,10.9,83.1,16.9,Healthy,Healthy,-1.0
MAH-NAS-TAG-1474,NAS,Red Kandhari,5.7,187,38.59,0.07,38.65,425.0,5.6,244.3,6.0,97.5,2.5,Healthy,Healthy,-1.0
MAH-SOL-TAG-1475,SOL,Khillari,7.2,132,38.74,-0.05,38.47,430.0,4.4,280.0,-7.7,107.3,-7.3,Healthy,Healthy,-1.0
MAH-SOL-TAG-1475,SOL,Khillari,7.2,199,38.49,0.02,38.45,413.4,8.1,231.6,10.9,96.0,4.0,Sub-clinical,Ketosis,1.2
MAH-SOL-TAG-1475,SOL,Khillari,7.2,220,38.15,-0.19,38.35,348.7,22.5,196.0,24.6,77.7,22.3,Sub-clinical,Ketosis,0.3
MAH-SOL-TAG-1475,SOL,Khillari,7.2,264,37.85,-0.11,38.2,238.9,46.9,121.1,53.4,61.4,38.6,Clinical,Ketosis,0.0
MAH-AHM-TAG-1476,AHM,Gir Cross,6.7,112,38.59,-0.04,38.39,465.7,0.9,270.8,-4.2,111.5,-11.5,Healthy,Healthy,-1.0
MAH-AHM-TAG-1476,AHM,Gir Cross,6.7,180,38.86,0.25,38.4,487.5,-3.7,262.7,-1.0,111.8,-11.8,Healthy,Healthy,-1.0
MAH-AHM-TAG-1476,AHM,Gir Cross,6.7,201,38.6,-0.13,38.41,517.8,-10.2,268.7,-3.3,115.2,-15.2,Healthy,Healthy,-1.0
MAH-AHM-TAG-1476,AHM,Gir Cross,6.7,244,38.07,-0.09,38.37,508.7,-8.2,254.5,2.1,91.9,8.1,Healthy,Healthy,-1.0
MAH-SAN-TAG-1477,SAN,Gir Cross,6.6,76,38.2,0.01,38.38,464.9,1.1,244.1,6.1,91.4,8.6,Healthy,Healthy,-1.0
MAH-SAN-TAG-1477,SAN,Gir Cross,6.6,153,38.58,-0.03,38.38,424.3,9.7,233.3,10.3,98.3,1.7,Sub-clinical,Ketosis,1.8
MAH-SAN-TAG-1477,SAN,Gir Cross,6.6,186,38.2,0.01,38.27,301.9,35.8,190.1,26.9,84.8,15.2,Sub-clinical,Ketosis,0.4
MAH-SAN-TAG-1477,SAN,Gir Cross,6.6,232,38.19,-0.13,38.16,194.6,58.6,151.6,41.7,79.3,20.7,Clinical,Ketosis,0.0
MAH-PUN-TAG-1478,PUN,Khillari,5.5,64,38.64,-0.01,38.44,431.0,4.2,266.6,-2.5,105.2,-5.2,Healthy,Healthy,-1.0
MAH-PUN-TAG-1478,PUN,Khillari,5.5,134,39.11,0.36,38.65,406.9,9.6,241.3,7.2,100.5,-0.5,Sub-clinical,FMD,1.4
MAH-PUN-TAG-1478,PUN,Khillari,5.5,159,39.72,0.65,39.19,319.1,29.1,199.8,23.2,83.8,16.2,Sub-clinical,FMD,0.4
MAH-PUN-TAG-1478,PUN,Khillari,5.5,204,40.81,0.45,40.17,226.5,49.7,143.2,44.9,61.3,38.7,Clinical,FMD,0.0
MAH-NAS-TAG-1479,NAS,Red Kandhari,6.1,62,38.68,-0.15,38.52,421.2,6.4,294.3,-13.2,119.0,-19.0,Healthy,Healthy,-1.0
MAH-NAS-TAG-1479,NAS,Red Kandhari,6.1,134,38.78,-0.02,38.53,431.7,4.1,297.9,-14.6,117.1,-17.1,Healthy,Healthy,-1.0
MAH-NAS-TAG-1479,NAS,Red Kandhari,6.1,161,38.54,-0.06,38.53,401.7,10.7,284.3,-9.3,107.7,-7.7,Healthy,Healthy,-1.0
MAH-NAS-TAG-1479,NAS,Red Kandhari,6.1,206,38.73,-0.05,38.51,426.4,5.2,300.7,-15.7,110.8,-10.8,Healthy,Healthy,-1.0
MAH-AHM-TAG-1480,AHM,HF Cross,4.7,103,38.65,0.09,38.51,528.4,-12.4,274.6,-5.6,101.4,-1.4,Healthy,Healthy,-1.0
MAH-AHM-TAG-1480,AHM,HF Cross,4.7,179,39.28,0.23,38.81,459.8,2.2,247.5,4.8,102.4,-2.4,Sub-clinical,FMD,1.7
MAH-AHM-TAG-1480,AHM,HF Cross,4.7,210,39.47,0.36,39.32,348.7,25.8,184.1,29.2,63.5,36.5,Sub-clinical,FMD,0.4
MAH-AHM-TAG-1480,AHM,HF Cross,4.7,256,40.69,0.58,40.23,251.4,46.5,142.6,45.2,48.6,51.4,Clinical,FMD,0.0
MAH-SAN-TAG-1481,SAN,Gir Cross,7.0,55,38.68,-0.13,38.65,493.7,-5.0,259.8,0.1,103.1,-3.1,Healthy,Healthy,-1.0
MAH-SAN-TAG-1481,SAN,Gir Cross,7.0,125,39.04,0.49,38.87,437.3,7.0,201.3,22.6,91.7,8.3,Sub-clinical,FMD,1.4
MAH-SAN-TAG-1481,SAN,Gir Cross,7.0,150,39.69,0.36,39.46,384.9,18.1,162.7,37.4,76.9,23.1,Sub-clinical,FMD,0.3
MAH-SAN-TAG-1481,SAN,Gir Cross,7.0,194,40.07,0.32,40.36,280.2,40.4,100.3,61.4,33.8,66.2,Clinical,FMD,0.0
MAH-SAN-TAG-1482,SAN,Khillari,4.6,98,37.93,-0.09,38.28,467.5,-3.9,244.8,5.8,86.1,13.9,Healthy,Healthy,-1.0
MAH-SAN-TAG-1482,SAN,Khillari,4.6,170,37.91,-0.08,38.3,448.5,0.3,239.9,7.7,87.7,12.3,Healthy,Healthy,-1.0
MAH-SAN-TAG-1482,SAN,Khillari,4.6,197,38.43,0.11,38.32,466.7,-3.7,254.0,2.3,97.1,2.9,Healthy,Healthy,-1.0
MAH-SAN-TAG-1482,SAN,Khillari,4.6,242,38.06,0.0,38.28,455.5,-1.2,234.0,10.0,87.9,12.1,Healthy,Healthy,-1.0
MAH-PUN-TAG-1483,PUN,Murrah Buffalo,4.0,117,38.14,-0.21,38.41,444.0,1.3,235.4,9.5,90.9,9.1,Healthy,Healthy,-1.0
MAH-PUN-TAG-1483,PUN,Murrah Buffalo,4.0,193,38.52,0.34,38.63,429.3,4.6,218.4,16.0,82.5,17.5,Sub-clinical,BRD,1.8
MAH-PUN-TAG-1483,PUN,Murrah Buffalo,4.0,224,39.4,0.52,39.01,410.0,8.9,211.4,18.7,97.4,2.6,Sub-clinical,BRD,0.5
MAH-PUN-TAG-1483,PUN,Murrah Buffalo,4.0,271,39.71,0.21,39.61,334.7,25.6,186.8,28.2,76.7,23.3,Clinical,BRD,0.0
MAH-SAT-TAG-1484,SAT,Khillari,6.1,120,38.05,-0.05,38.36,473.9,-5.3,256.0,1.5,81.2,18.8,Healthy,Healthy,-1.0
MAH-SAT-TAG-1484,SAT,Khillari,6.1,188,38.01,-0.2,38.39,426.0,5.3,273.5,-5.2,87.4,12.6,Healthy,Healthy,-1.0
MAH-SAT-TAG-1484,SAT,Khillari,6.1,210,38.44,-0.07,38.39,449.1,0.2,273.3,-5.1,98.5,1.5,Healthy,Healthy,-1.0
MAH-SAT-TAG-1484,SAT,Khillari,6.1,254,38.54,-0.19,38.42,438.3,2.6,306.0,-17.7,100.5,-0.5,Healthy,Healthy,-1.0
MAH-SAN-TAG-1485,SAN,Dangi,6.7,57,38.86,0.14,38.51,479.9,-6.6,268.4,-3.2,110.1,-10.1,Healthy,Healthy,-1.0
MAH-SAN-TAG-1485,SAN,Dangi,6.7,130,38.83,0.08,38.48,455.9,-1.3,278.7,-7.2,111.5,-11.5,Healthy,Healthy,-1.0
MAH-SAN-TAG-1485,SAN,Dangi,6.7,158,38.83,0.04,38.51,458.1,-1.8,277.5,-6.7,102.6,-2.6,Healthy,Healthy,-1.0
MAH-SAN-TAG-1485,SAN,Dangi,6.7,204,38.86,0.0,38.51,452.9,-0.6,274.9,-5.7,107.2,-7.2,Healthy,Healthy,-1.0
MAH-PUN-TAG-1486,PUN,Dangi,5.6,86,38.93,0.11,38.65,466.0,-3.6,292.6,-12.5,114.4,-14.4,Healthy,Healthy,-1.0
MAH-PUN-TAG-1486,PUN,Dangi,5.6,161,38.74,-0.02,38.64,436.9,2.9,290.2,-11.6,104.5,-4.5,Healthy,Healthy,-1.0
MAH-PUN-TAG-1486,PUN,Dangi,5.6,191,38.3,-0.11,38.61,466.7,-3.7,255.5,1.7,92.1,7.9,Healthy,Healthy,-1.0
MAH-PUN-TAG-1486,PUN,Dangi,5.6,237,38.43,-0.05,38.61,445.0,1.1,273.7,-5.3,87.8,12.2,Healthy,Healthy,-1.0
MAH-KOL-TAG-1487,KOL,HF Cross,4.8,52,38.49,-0.07,38.65,469.4,0.1,271.4,-4.4,87.5,12.5,Healthy,Healthy,-1.0
MAH-KOL-TAG-1487,KOL,HF Cross,4.8,123,38.83,0.35,38.83,419.5,10.7,247.1,5.0,76.4,23.6,Sub-clinical,BRD,1.5
MAH-KOL-TAG-1487,KOL,HF Cross,4.8,149,39.11,0.17,39.19,398.6,15.2,239.8,7.8,82.6,17.4,Sub-clinical,BRD,0.4
MAH-KOL-TAG-1487,KOL,HF Cross,4.8,194,39.68,0.33,39.86,316.5,32.7,196.0,24.6,49.2,50.8,Clinical,BRD,0.0
MAH-AHM-TAG-1488,AHM,Gir Cross,7.1,146,38.05,-0.05,38.25,489.0,-4.0,256.7,1.3,79.0,21.0,Healthy,Healthy,-1.0
MAH-AHM-TAG-1488,AHM,Gir Cross,7.1,211,38.5,0.27,38.38,412.5,12.2,239.9,7.7,79.2,20.8,Sub-clinical,BRD,1.1
MAH-AHM-TAG-1488,AHM,Gir Cross,7.1,231,39.2,0.57,38.77,363.9,22.6,240.1,7.7,91.7,8.3,Sub-clinical,BRD,0.3
MAH-AHM-TAG-1488,AHM,Gir Cross,7.1,273,39.84,0.37,39.44,347.6,26.0,217.4,16.4,74.3,25.7,Clinical,BRD,0.0
MAH-NAS-TAG-1489,NAS,HF Cross,4.3,122,38.21,0.12,38.54,474.2,-0.9,260.3,-0.1,93.9,6.1,Healthy,Healthy,-1.0
MAH-NAS-TAG-1489,NAS,HF Cross,4.3,187,38.58,0.11,38.57,429.1,8.7,257.6,0.9,100.6,-0.6,Healthy,Healthy,-1.0
MAH-NAS-TAG-1489,NAS,HF Cross,4.3,207,38.8,-0.02,38.57,438.4,6.7,275.9,-6.1,110.9,-10.9,Healthy,Healthy,-1.0
MAH-NAS-TAG-1489,NAS,HF Cross,4.3,249,38.77,-0.07,38.56,476.1,-1.3,275.9,-6.1,116.4,-16.4,Healthy,Healthy,-1.0
MAH-KOL-TAG-1490,KOL,Murrah Buffalo,4.9,148,38.28,0.04,38.46,469.9,-4.4,286.2,-10.1,92.1,7.9,Healthy,Healthy,-1.0
MAH-KOL-TAG-1490,KOL,Murrah Buffalo,4.9,222,38.92,0.46,38.71,404.9,10.0,234.3,9.9,92.2,7.8,Sub-clinical,FMD,1.6
MAH-KOL-TAG-1490,KOL,Murrah Buffalo,4.9,251,39.73,0.37,39.33,306.7,31.8,246.3,5.3,92.3,7.7,Sub-clinical,FMD,0.4
MAH-KOL-TAG-1490,KOL,Murrah Buffalo,4.9,297,40.48,0.33,40.21,224.1,50.2,169.6,34.8,65.2,34.8,Clinical,FMD,0.0
MAH-KOL-TAG-1491,KOL,HF Cross,4.2,144,37.8,-0.3,38.3,468.4,0.3,265.8,-2.2,78.3,21.7,Healthy,Healthy,-1.0
MAH-KOL-TAG-1491,KOL,HF Cross,4.2,220,38.14,-0.06,38.34,491.2,-4.5,284.9,-9.6,94.3,5.7,Healthy,Healthy,-1.0
MAH-KOL-TAG-1491,KOL,HF Cross,4.2,253,38.4,-0.39,38.37,453.8,3.4,313.4,-20.5,117.6,-17.6,Healthy,Healthy,-1.0
MAH-KOL-TAG-1491,KOL,HF Cross,4.2,300,38.67,-0.04,38.36,465.6,0.9,304.7,-17.2,108.1,-8.1,Healthy,Healthy,-1.0
MAH-SAT-TAG-1492,SAT,HF Cross,5.6,105,38.97,0.11,38.7,483.2,-2.8,265.7,-2.2,116.4,-16.4,Healthy,Healthy,-1.0
MAH-SAT-TAG-1492,SAT,HF Cross,5.6,184,39.1,0.23,38.89,395.7,15.8,234.9,9.7,100.6,-0.6,Sub-clinical,BRD,1.9
MAH-SAT-TAG-1492,SAT,HF Cross,5.6,218,39.11,0.26,39.25,399.9,14.9,184.0,29.2,74.1,25.9,Sub-clinical,BRD,0.5
MAH-SAT-TAG-1492,SAT,HF Cross,5.6,266,39.71,0.26,39.83,344.1,26.8,147.7,43.2,64.9,35.1,Clinical,BRD,0.0
MAH-PUN-TAG-1493,PUN,Khillari,5.2,57,38.47,0.04,38.25,497.0,-10.4,267.0,-2.7,118.1,-18.1,Healthy,Healthy,-1.0
MAH-PUN-TAG-1493,PUN,Khillari,5.2,128,38.47,0.07,38.24,493.4,-9.6,265.7,-2.2,114.2,-14.2,Healthy,Healthy,-1.0
MAH-PUN-TAG-1493,PUN,Khillari,5.2,154,38.55,-0.04,38.22,476.2,-5.8,277.2,-6.6,121.8,-21.8,Healthy,Healthy,-1.0
MAH-PUN-TAG-1493,PUN,Khillari,5.2,199,38.32,-0.2,38.25,501.5,-11.4,261.9,-0.7,112.1,-12.1,Healthy,Healthy,-1.0
MAH-SAN-TAG-1494,SAN,Red Kandhari,3.0,86,38.77,-0.03,38.49,467.5,-3.9,270.5,-4.0,112.3,-12.3,Healthy,Healthy,-1.0
MAH-SAN-TAG-1494,SAN,Red Kandhari,3.0,154,38.71,-0.05,38.5,511.2,-13.6,265.1,-2.0,110.0,-10.0,Healthy,Healthy,-1.0
MAH-SAN-TAG-1494,SAN,Red Kandhari,3.0,177,38.65,-0.09,38.47,508.8,-13.1,264.2,-1.6,111.6,-11.6,Healthy,Healthy,-1.0
MAH-SAN-TAG-1494,SAN,Red Kandhari,3.0,220,38.31,0.09,38.49,491.2,-9.2,250.4,3.7,98.3,1.7,Healthy,Healthy,-1.0
MAH-KOL-TAG-1495,KOL,Murrah Buffalo,7.4,153,38.79,-0.15,38.58,486.5,-8.1,254.6,2.1,108.0,-8.0,Healthy,Healthy,-1.0
MAH-KOL-TAG-1495,KOL,Murrah Buffalo,7.4,222,39.0,0.32,38.75,445.8,0.9,235.5,9.4,92.1,7.9,Sub-clinical,Mastitis,1.4
MAH-KOL-TAG-1495,KOL,Murrah Buffalo,7.4,246,39.27,0.27,39.15,398.7,11.4,190.7,26.7,89.8,10.2,Sub-clinical,Mastitis,0.4
MAH-KOL-TAG-1495,KOL,Murrah Buffalo,7.4,290,39.53,0.22,39.82,327.5,27.2,148.3,43.0,68.1,31.9,Clinical,Mastitis,0.0
MAH-SOL-TAG-1496,SOL,Dangi,6.3,129,38.66,0.1,38.37,442.5,1.7,271.7,-4.5,118.7,-18.7,Healthy,Healthy,-1.0
MAH-SOL-TAG-1496,SOL,Dangi,6.3,199,38.85,0.47,38.54,409.9,8.9,237.6,8.6,90.1,9.9,Sub-clinical,BRD,1.4
MAH-SOL-TAG-1496,SOL,Dangi,6.3,224,39.23,0.43,38.91,386.6,14.1,225.2,13.4,88.1,11.9,Sub-clinical,BRD,0.4
MAH-SOL-TAG-1496,SOL,Dangi,6.3,268,39.52,0.24,39.53,294.3,34.6,174.2,33.0,62.5,37.5,Clinical,BRD,0.0
MAH-KOL-TAG-1497,KOL,Red Kandhari,7.6,60,38.98,0.21,38.53,468.0,-4.0,277.8,-6.8,117.1,-17.1,Healthy,Healthy,-1.0
MAH-KOL-TAG-1497,KOL,Red Kandhari,7.6,132,39.17,0.36,38.74,437.3,2.8,263.0,-1.2,112.3,-12.3,Sub-clinical,LSD,1.6
MAH-KOL-TAG-1497,KOL,Red Kandhari,7.6,161,39.34,0.3,39.13,344.4,23.5,216.0,16.9,93.4,6.6,Sub-clinical,LSD,0.4
MAH-KOL-TAG-1497,KOL,Red Kandhari,7.6,206,40.31,0.3,39.83,314.6,30.1,184.6,29.0,84.7,15.3,Clinical,LSD,0.0
MAH-NAS-TAG-1498,NAS,HF Cross,3.7,153,38.82,0.06,38.5,482.1,-2.6,252.5,2.9,107.5,-7.5,Healthy,Healthy,-1.0
MAH-NAS-TAG-1498,NAS,HF Cross,3.7,226,38.7,-0.11,38.49,504.1,-7.3,258.7,0.5,117.1,-17.1,Healthy,Healthy,-1.0
MAH-NAS-TAG-1498,NAS,HF Cross,3.7,254,38.88,0.14,38.52,458.5,2.4,273.2,-5.1,103.5,-3.5,Healthy,Healthy,-1.0
MAH-NAS-TAG-1498,NAS,HF Cross,3.7,300,38.75,-0.16,38.5,476.5,-1.4,261.3,-0.5,115.2,-15.2,Healthy,Healthy,-1.0
MAH-SAN-TAG-1499,SAN,Red Kandhari,4.5,91,38.53,0.2,38.48,439.7,2.3,240.2,7.6,102.3,-2.3,Healthy,Healthy,-1.0
MAH-SAN-TAG-1499,SAN,Red Kandhari,4.5,168,38.51,0.19,38.71,432.1,4.0,224.2,13.8,70.9,29.1,Sub-clinical,BRD,1.8
MAH-SAN-TAG-1499,SAN,Red Kandhari,4.5,200,39.56,0.33,39.11,417.7,7.2,227.8,12.4,93.0,7.0,Sub-clinical,BRD,0.5
MAH-SAN-TAG-1499,SAN,Red Kandhari,4.5,247,39.89,0.37,39.67,343.9,23.6,176.2,32.2,70.1,29.9,Clinical,BRD,0.0
MAH-SOL-TAG-1500,SOL,Gir Cross,4.1,52,38.23,-0.08,38.37,504.2,-7.3,256.0,1.5,101.7,-1.7,Healthy,Healthy,-1.0
MAH-SOL-TAG-1500,SOL,Gir Cross,4.1,118,38.53,0.5,38.52,416.0,11.5,217.5,16.3,76.3,23.7,Sub-clinical,FMD,1.1
MAH-SOL-TAG-1500,SOL,Gir Cross,4.1,137,39.51,0.77,39.07,333.1,29.1,200.9,22.7,84.9,15.1,Sub-clinical,FMD,0.3
MAH-SOL-TAG-1500,SOL,Gir Cross,4.1,180,40.66,0.45,40.11,258.8,44.9,151.2,41.8,70.3,29.7,Clinical,FMD,0.0
MAH-AHM-TAG-1501,AHM,HF Cross,2.2,158,38.79,0.0,38.44,480.9,-2.3,281.1,-8.1,110.8,-10.8,Healthy,Healthy,-1.0
MAH-AHM-TAG-1501,AHM,HF Cross,2.2,235,38.22,-0.04,38.37,414.3,11.9,244.2,6.1,84.9,15.1,Sub-clinical,Ketosis,1.8
MAH-AHM-TAG-1501,AHM,HF Cross,2.2,267,37.98,0.03,38.25,412.2,12.3,193.6,25.5,67.9,32.1,Sub-clinical,Ketosis,0.5
MAH-AHM-TAG-1501,AHM,HF Cross,2.2,314,37.79,-0.02,38.15,307.8,34.5,149.1,42.7,52.3,47.7,Clinical,Ketosis,0.0
MAH-KOL-TAG-1502,KOL,Red Kandhari,3.6,64,38.68,0.14,38.44,420.5,6.6,252.4,2.9,115.1,-15.1,Healthy,Healthy,-1.0
MAH-KOL-TAG-1502,KOL,Red Kandhari,3.6,131,38.83,-0.01,38.47,464.3,-3.2,259.3,0.3,121.0,-21.0,Healthy,Healthy,-1.0
MAH-KOL-TAG-1502,KOL,Red Kandhari,3.6,151,38.64,0.14,38.42,477.4,-6.1,250.6,3.6,103.6,-3.6,Healthy,Healthy,-1.0
MAH-KOL-TAG-1502,KOL,Red Kandhari,3.6,194,38.15,0.13,38.44,456.5,-1.4,222.3,14.5,90.3,9.7,Healthy,Healthy,-1.0
MAH-SAT-TAG-1503,SAT,Gir Cross,5.4,108,38.91,0.04,38.56,427.0,9.1,288.5,-11.0,118.4,-18.4,Healthy,Healthy,-1.0
MAH-SAT-TAG-1503,SAT,Gir Cross,5.4,183,39.12,0.39,38.75,359.9,23.4,264.2,-1.6,107.5,-7.5,Sub-clinical,Mastitis,1.8
MAH-SAT-TAG-1503,SAT,Gir Cross,5.4,215,38.98,0.38,39.15,344.4,26.7,215.1,17.3,78.4,21.6,Sub-clinical,Mastitis,0.4
MAH-SAT-TAG-1503,SAT,Gir Cross,5.4,261,39.65,0.21,39.77,236.2,49.7,192.2,26.1,73.0,27.0,Clinical,Mastitis,0.0
MAH-AHM-TAG-1504,AHM,Red Kandhari,5.0,146,38.3,0.27,38.44,485.2,-7.8,218.7,15.9,79.1,20.9,Healthy,Healthy,-1.0
MAH-AHM-TAG-1504,AHM,Red Kandhari,5.0,224,38.95,0.25,38.46,484.0,-7.6,248.6,4.4,105.0,-5.0,Healthy,Healthy,-1.0
MAH-AHM-TAG-1504,AHM,Red Kandhari,5.0,257,38.47,-0.1,38.45,433.2,3.7,239.2,8.0,103.6,-3.6,Healthy,Healthy,-1.0
MAH-AHM-TAG-1504,AHM,Red Kandhari,5.0,304,38.78,0.09,38.44,438.2,2.6,247.6,4.8,103.9,-3.9,Healthy,Healthy,-1.0
MAH-SAN-TAG-1505,SAN,Gir Cross,2.4,52,38.15,-0.1,38.38,550.5,-17.1,245.6,5.5,85.2,14.8,Healthy,Healthy,-1.0
MAH-SAN-TAG-1505,SAN,Gir Cross,2.4,130,38.91,0.2,38.58,495.0,-5.3,240.3,7.6,97.2,2.8,Sub-clinical,BRD,1.9
MAH-SAN-TAG-1505,SAN,Gir Cross,2.4,164,38.83,0.15,38.94,398.9,15.1,203.7,21.7,69.5,30.5,Sub-clinical,BRD,0.5
MAH-SAN-TAG-1505,SAN,Gir Cross,2.4,211,39.47,0.19,39.53,324.1,31.0,171.5,34.0,55.6,44.4,Clinical,BRD,0.0
MAH-SOL-TAG-1506,SOL,Red Kandhari,7.7,158,38.7,0.01,38.38,467.8,-4.0,297.3,-14.3,130.5,-30.5,Healthy,Healthy,-1.0
MAH-SOL-TAG-1506,SOL,Red Kandhari,7.7,224,38.58,0.12,38.36,494.3,-9.8,273.7,-5.3,113.3,-13.3,Healthy,Healthy,-1.0
MAH-SOL-TAG-1506,SOL,Red Kandhari,7.7,245,38.33,0.19,38.38,477.7,-6.2,266.6,-2.5,96.9,3.1,Healthy,Healthy,-1.0
MAH-SOL-TAG-1506,SOL,Red Kandhari,7.7,288,38.09,0.07,38.37,475.0,-5.6,250.5,3.7,91.9,8.1,Healthy,Healthy,-1.0
MAH-KOL-TAG-1507,KOL,Khillari,3.5,151,38.94,0.12,38.76,467.3,-3.8,234.6,9.8,99.2,0.8,Healthy,Healthy,-1.0
MAH-KOL-TAG-1507,KOL,Khillari,3.5,228,38.99,-0.12,38.69,392.4,12.8,213.8,17.8,113.6,-13.6,Sub-clinical,Ketosis,1.9
MAH-KOL-TAG-1507,KOL,Khillari,3.5,262,38.1,-0.07,38.56,325.9,27.6,163.0,37.3,77.6,22.4,Sub-clinical,Ketosis,0.5
MAH-KOL-TAG-1507,KOL,Khillari,3.5,309,38.19,-0.1,38.42,225.7,49.8,107.4,58.7,52.7,47.3,Clinical,Ketosis,0.0
MAH-SOL-TAG-1508,SOL,Dangi,5.4,64,38.78,-0.08,38.58,441.3,1.9,254.1,2.3,120.0,-20.0,Healthy,Healthy,-1.0
MAH-SOL-TAG-1508,SOL,Dangi,5.4,142,38.18,-0.14,38.56,436.7,3.0,231.0,11.2,95.7,4.3,Healthy,Healthy,-1.0
MAH-SOL-TAG-1508,SOL,Dangi,5.4,176,38.72,-0.06,38.59,481.4,-7.0,256.2,1.5,113.4,-13.4,Healthy,Healthy,-1.0
MAH-SOL-TAG-1508,SOL,Dangi,5.4,223,38.55,0.04,38.56,479.0,-6.4,245.9,5.4,104.0,-4.0,Healthy,Healthy,-1.0
MAH-NAS-TAG-1509,NAS,Khillari,6.4,103,38.48,0.1,38.34,507.1,-12.7,270.1,-3.9,104.0,-4.0,Healthy,Healthy,-1.0
MAH-NAS-TAG-1509,NAS,Khillari,6.4,172,38.32,0.08,38.34,516.3,-14.7,259.3,0.3,96.7,3.3,Healthy,Healthy,-1.0
MAH-NAS-TAG-1509,NAS,Khillari,6.4,196,38.25,-0.07,38.39,502.7,-11.7,263.0,-1.2,97.7,2.3,Healthy,Healthy,-1.0
MAH-NAS-TAG-1509,NAS,Khillari,6.4,240,37.95,-0.04,38.31,466.0,-3.6,242.4,6.8,86.9,13.1,Healthy,Healthy,-1.0
MAH-AHM-TAG-1510,AHM,Gir Cross,8.2,93,38.58,-0.05,38.86,452.4,3.7,257.6,0.9,81.8,18.2,Healthy,Healthy,-1.0
MAH-AHM-TAG-1510,AHM,Gir Cross,8.2,163,38.89,0.19,38.83,445.8,5.1,260.4,-0.2,92.9,7.1,Healthy,Healthy,-1.0
MAH-AHM-TAG-1510,AHM,Gir Cross,8.2,188,38.69,0.15,38.79,453.3,3.6,254.8,2.0,91.8,8.2,Healthy,Healthy,-1.0
MAH-AHM-TAG-1510,AHM,Gir Cross,8.2,232,39.1,-0.02,38.85,440.8,6.2,273.3,-5.1,105.4,-5.4,Healthy,Healthy,-1.0
MAH-AHM-TAG-1511,AHM,Gir Cross,6.8,60,38.75,0.18,38.42,441.0,6.2,264.3,-1.7,124.8,-24.8,Healthy,Healthy,-1.0
MAH-AHM-TAG-1511,AHM,Gir Cross,6.8,138,38.43,-0.04,38.43,418.8,10.9,245.3,5.7,103.0,-3.0,Healthy,Healthy,-1.0
MAH-AHM-TAG-1511,AHM,Gir Cross,6.8,173,38.32,-0.1,38.42,482.1,-2.6,250.3,3.7,103.7,-3.7,Healthy,Healthy,-1.0
MAH-AHM-TAG-1511,AHM,Gir Cross,6.8,220,38.18,-0.13,38.43,473.8,-0.8,249.6,4.0,100.2,-0.2,Healthy,Healthy,-1.0
MAH-SAN-TAG-1512,SAN,Gir Cross,3.9,52,38.03,-0.19,38.36,482.6,-2.7,257.3,1.0,101.9,-1.9,Healthy,Healthy,-1.0
MAH-SAN-TAG-1512,SAN,Gir Cross,3.9,120,38.41,0.45,38.49,436.6,7.1,225.8,13.2,94.4,5.6,Sub-clinical,LSD,1.2
MAH-SAN-TAG-1512,SAN,Gir Cross,3.9,141,39.18,0.75,38.94,378.2,19.5,211.2,18.8,66.8,33.2,Sub-clinical,LSD,0.3
MAH-SAN-TAG-1512,SAN,Gir Cross,3.9,184,39.96,0.34,39.68,315.3,32.9,201.2,22.6,89.1,10.9,Clinical,LSD,0.0
MAH-SAN-TAG-1513,SAN,HF Cross,5.4,86,38.82,-0.03,38.53,447.5,4.8,291.8,-12.2,122.9,-22.9,Healthy,Healthy,-1.0
MAH-SAN-TAG-1513,SAN,HF Cross,5.4,161,38.48,-0.14,38.51,437.9,6.8,274.6,-5.6,111.8,-11.8,Healthy,Healthy,-1.0
MAH-SAN-TAG-1513,SAN,HF Cross,5.4,191,38.18,-0.12,38.49,455.1,3.2,255.5,1.7,97.5,2.5,Healthy,Healthy,-1.0
MAH-SAN-TAG-1513,SAN,HF Cross,5.4,237,38.22,-0.07,38.52,431.8,8.1,261.0,-0.4,95.5,4.5,Healthy,Healthy,-1.0
MAH-SAT-TAG-1514,SAT,HF Cross,4.9,127,38.61,-0.1,38.49,492.5,-4.8,272.5,-4.8,105.1,-5.1,Healthy,Healthy,-1.0
MAH-SAT-TAG-1514,SAT,HF Cross,4.9,199,38.54,-0.11,38.51,498.8,-6.1,271.0,-4.2,111.1,-11.1,Healthy,Healthy,-1.0
MAH-SAT-TAG-1514,SAT,HF Cross,4.9,226,38.76,-0.07,38.53,478.0,-1.7,295.5,-13.7,114.2,-14.2,Healthy,Healthy,-1.0
MAH-SAT-TAG-1514,SAT,HF Cross,4.9,271,38.51,0.0,38.47,489.1,-4.1,269.7,-3.7,110.7,-10.7,Healthy,Healthy,-1.0
MAH-PUN-TAG-1515,PUN,Dangi,3.7,84,39.15,0.14,38.76,423.2,6.0,274.3,-5.5,118.8,-18.8,Healthy,Healthy,-1.0
MAH-PUN-TAG-1515,PUN,Dangi,3.7,156,39.64,0.55,39.0,380.6,15.4,236.8,8.9,103.5,-3.5,Sub-clinical,FMD,1.6
MAH-PUN-TAG-1515,PUN,Dangi,3.7,185,39.81,0.38,39.55,268.4,40.4,185.3,28.7,73.6,26.4,Sub-clinical,FMD,0.4
MAH-PUN-TAG-1515,PUN,Dangi,3.7,230,40.96,0.51,40.48,181.4,59.7,146.4,43.7,64.9,35.1,Clinical,FMD,0.0
MAH-PUN-TAG-1516,PUN,Dangi,3.6,112,38.61,-0.15,38.5,422.9,6.0,271.8,-4.5,100.4,-0.4,Healthy,Healthy,-1.0
MAH-PUN-TAG-1516,PUN,Dangi,3.6,182,39.12,0.24,38.67,375.2,16.6,259.2,0.3,103.4,-3.4,Sub-clinical,Mastitis,1.4
MAH-PUN-TAG-1516,PUN,Dangi,3.6,207,39.43,0.29,39.06,315.6,29.9,245.0,5.8,91.0,9.0,Sub-clinical,Mastitis,0.4
MAH-PUN-TAG-1516,PUN,Dangi,3.6,252,40.34,0.51,39.75,272.0,39.6,208.6,19.8,83.1,16.9,Clinical,Mastitis,0.0
MAH-KOL-TAG-1517,KOL,Murrah Buffalo,5.4,52,38.44,0.04,38.52,477.7,-6.2,271.6,-4.5,84.3,15.7,Healthy,Healthy,-1.0
MAH-KOL-TAG-1517,KOL,Murrah Buffalo,5.4,123,38.18,-0.12,38.5,469.0,-4.2,262.8,-1.1,86.6,13.4,Healthy,Healthy,-1.0
MAH-KOL-TAG-1517,KOL,Murrah Buffalo,5.4,149,38.36,-0.09,38.53,478.4,-6.3,278.5,-7.1,99.0,1.0,Healthy,Healthy,-1.0
MAH-KOL-TAG-1517,KOL,Murrah Buffalo,5.4,194,38.28,0.14,38.5,454.1,-0.9,268.6,-3.3,87.0,13.0,Healthy,Healthy,-1.0
MAH-AHM-TAG-1518,AHM,HF Cross,6.2,64,38.8,0.3,38.5,470.2,-0.0,263.4,-1.3,116.3,-16.3,Healthy,Healthy,-1.0
MAH-AHM-TAG-1518,AHM,HF Cross,6.2,131,39.32,0.41,38.74,441.9,6.0,232.4,10.6,103.0,-3.0,Sub-clinical,FMD,1.1
MAH-AHM-TAG-1518,AHM,HF Cross,6.2,151,39.88,0.97,39.26,411.7,12.4,182.2,29.9,79.6,20.4,Sub-clinical,FMD,0.3
MAH-AHM-TAG-1518,AHM,HF Cross,6.2,194,40.04,0.26,40.25,294.4,37.4,95.6,63.2,38.0,62.0,Clinical,FMD,0.0
MAH-AHM-TAG-1519,AHM,Gir Cross,4.0,151,38.44,-0.04,38.39,460.1,2.1,279.6,-7.5,105.8,-5.8,Healthy,Healthy,-1.0
MAH-AHM-TAG-1519,AHM,Gir Cross,4.0,225,38.75,0.12,38.42,437.3,7.0,297.7,-14.5,119.3,-19.3,Healthy,Healthy,-1.0
MAH-AHM-TAG-1519,AHM,Gir Cross,4.0,254,38.66,-0.03,38.41,406.9,13.4,294.5,-13.3,112.3,-12.3,Healthy,Healthy,-1.0
MAH-AHM-TAG-1519,AHM,Gir Cross,4.0,300,38.8,0.08,38.44,421.7,10.3,297.8,-14.5,115.9,-15.9,Healthy,Healthy,-1.0
MAH-AHM-TAG-1520,AHM,Gir Cross,6.7,127,38.5,0.05,38.45,486.2,-3.4,285.9,-10.0,113.5,-13.5,Healthy,Healthy,-1.0
MAH-AHM-TAG-1520,AHM,Gir Cross,6.7,204,39.09,0.17,38.67,406.5,13.5,278.8,-7.2,104.1,-4.1,Sub-clinical,BRD,1.8
MAH-AHM-TAG-1520,AHM,Gir Cross,6.7,236,38.94,0.06,39.02,334.3,28.9,223.0,14.2,87.2,12.8,Sub-clinical,BRD,0.5
MAH-AHM-TAG-1520,AHM,Gir Cross,6.7,283,39.6,0.18,39.62,267.3,43.1,186.9,28.1,68.8,31.2,Clinical,BRD,0.0
MAH-NAS-TAG-1521,NAS,HF Cross,4.0,79,38.2,0.04,38.14,476.6,-1.4,236.6,9.0,100.6,-0.6,Healthy,Healthy,-1.0
MAH-NAS-TAG-1521,NAS,HF Cross,4.0,157,38.44,-0.12,38.18,478.7,-1.9,254.8,2.0,114.8,-14.8,Healthy,Healthy,-1.0
MAH-NAS-TAG-1521,NAS,HF Cross,4.0,192,37.71,-0.14,38.12,451.1,4.0,213.5,17.9,83.0,17.0,Healthy,Healthy,-1.0
MAH-NAS-TAG-1521,NAS,HF Cross,4.0,240,37.89,0.07,38.16,467.8,0.5,216.6,16.7,80.8,19.2,Healthy,Healthy,-1.0
MAH-SAT-TAG-1522,SAT,Dangi,7.9,57,38.89,0.1,38.56,482.7,-7.3,300.4,-15.5,116.7,-16.7,Healthy,Healthy,-1.0
MAH-SAT-TAG-1522,SAT,Dangi,7.9,131,39.31,0.61,38.74,436.2,3.1,273.5,-5.2,111.7,-11.7,Sub-clinical,BRD,1.6
MAH-SAT-TAG-1522,SAT,Dangi,7.9,160,39.29,0.34,39.09,345.7,23.2,257.5,1.0,94.4,5.6,Sub-clinical,BRD,0.4
MAH-SAT-TAG-1522,SAT,Dangi,7.9,206,40.16,0.28,39.75,289.2,35.7,234.9,9.7,84.9,15.1,Clinical,BRD,0.0
MAH-SOL-TAG-1523,SOL,Gir Cross,3.6,134,38.68,0.03,38.41,455.7,3.0,269.3,-3.6,110.9,-10.9,Healthy,Healthy,-1.0
MAH-SOL-TAG-1523,SOL,Gir Cross,3.6,203,38.75,0.02,38.39,469.7,0.1,267.5,-2.9,109.7,-9.7,Healthy,Healthy,-1.0
MAH-SOL-TAG-1523,SOL,Gir Cross,3.6,227,38.8,0.05,38.43,492.5,-4.8,274.8,-5.7,116.9,-16.9,Healthy,Healthy,-1.0
MAH-SOL-TAG-1523,SOL,Gir Cross,3.6,271,38.53,0.04,38.43,488.8,-4.0,257.3,1.0,105.0,-5.0,Healthy,Healthy,-1.0
MAH-PUN-TAG-1524,PUN,Gir Cross,5.6,60,38.66,0.03,38.39,461.8,1.7,260.5,-0.2,112.8,-12.8,Healthy,Healthy,-1.0
MAH-PUN-TAG-1524,PUN,Gir Cross,5.6,137,38.49,-0.12,38.41,442.8,5.8,257.8,0.8,107.6,-7.6,Healthy,Healthy,-1.0
MAH-PUN-TAG-1524,PUN,Gir Cross,5.6,171,38.1,0.05,38.39,481.7,-2.5,215.2,17.2,92.7,7.3,Healthy,Healthy,-1.0
MAH-PUN-TAG-1524,PUN,Gir Cross,5.6,218,38.11,0.03,38.35,483.4,-2.9,213.2,18.0,82.1,17.9,Healthy,Healthy,-1.0
MAH-SAT-TAG-1525,SAT,Khillari,3.5,88,38.73,-0.16,38.57,413.9,8.0,234.5,9.8,108.3,-8.3,Healthy,Healthy,-1.0
MAH-SAT-TAG-1525,SAT,Khillari,3.5,155,38.75,-0.15,38.51,366.7,18.5,208.7,19.7,106.6,-6.6,Sub-clinical,Ketosis,1.1
MAH-SAT-TAG-1525,SAT,Khillari,3.5,175,38.55,-0.08,38.45,340.4,24.4,166.1,36.1,88.8,11.2,Sub-clinical,Ketosis,0.3
MAH-SAT-TAG-1525,SAT,Khillari,3.5,218,38.12,0.1,38.29,241.5,46.3,109.2,58.0,62.2,37.8,Clinical,Ketosis,0.0
MAH-SAT-TAG-1526,SAT,Dangi,4.5,79,38.84,0.18,38.72,512.7,-13.9,265.0,-1.9,104.4,-4.4,Healthy,Healthy,-1.0
MAH-SAT-TAG-1526,SAT,Dangi,4.5,156,39.04,-0.02,38.73,492.6,-9.5,283.6,-9.1,118.5,-18.5,Healthy,Healthy,-1.0
MAH-SAT-TAG-1526,SAT,Dangi,4.5,190,38.45,-0.01,38.7,464.0,-3.1,255.3,1.8,81.8,18.2,Healthy,Healthy,-1.0
MAH-SAT-TAG-1526,SAT,Dangi,4.5,237,38.63,0.13,38.74,459.4,-2.1,261.6,-0.6,93.5,6.5,Healthy,Healthy,-1.0
MAH-SOL-TAG-1527,SOL,Dangi,6.3,74,38.05,-0.16,38.43,431.2,4.2,228.6,12.1,83.2,16.8,Healthy,Healthy,-1.0
MAH-SOL-TAG-1527,SOL,Dangi,6.3,145,38.47,0.24,38.58,391.6,13.0,226.5,12.9,80.8,19.2,Sub-clinical,Mastitis,1.5
MAH-SOL-TAG-1527,SOL,Dangi,6.3,171,38.98,0.47,39.01,349.0,22.4,204.8,21.2,78.8,21.2,Sub-clinical,Mastitis,0.4
MAH-SOL-TAG-1527,SOL,Dangi,6.3,216,39.43,0.24,39.7,259.0,42.4,178.7,31.3,69.9,30.1,Clinical,Mastitis,0.0
MAH-KOL-TAG-1528,KOL,Murrah Buffalo,6.5,160,38.73,-0.23,38.61,421.8,6.3,285.0,-9.6,105.2,-5.2,Healthy,Healthy,-1.0
MAH-KOL-TAG-1528,KOL,Murrah Buffalo,6.5,226,39.0,0.1,38.6,432.2,4.0,301.7,-16.0,115.7,-15.7,Healthy,Healthy,-1.0
MAH-KOL-TAG-1528,KOL,Murrah Buffalo,6.5,245,38.6,0.07,38.57,462.4,-2.8,276.9,-6.5,96.5,3.5,Healthy,Healthy,-1.0
MAH-KOL-TAG-1528,KOL,Murrah Buffalo,6.5,288,38.14,-0.04,38.56,420.7,6.5,261.6,-0.6,89.5,10.5,Healthy,Healthy,-1.0
MAH-PUN-TAG-1529,PUN,HF Cross,7.0,122,38.34,0.16,38.51,473.4,-0.7,236.5,9.0,82.1,17.9,Healthy,Healthy,-1.0
MAH-PUN-TAG-1529,PUN,HF Cross,7.0,194,38.25,-0.1,38.52,468.5,0.3,244.4,6.0,84.6,15.4,Healthy,Healthy,-1.0
MAH-PUN-TAG-1529,PUN,HF Cross,7.0,221,38.33,0.04,38.52,495.9,-5.5,260.1,-0.0,94.0,6.0,Healthy,Healthy,-1.0
MAH-PUN-TAG-1529,PUN,HF Cross,7.0,266,38.18,0.02,38.48,461.9,1.7,240.1,7.7,85.8,14.2,Healthy,Healthy,-1.0
MAH-PUN-TAG-1530,PUN,Khillari,6.7,67,38.5,0.11,38.43,431.0,4.2,254.2,2.2,89.3,10.7,Healthy,Healthy,-1.0
MAH-PUN-TAG-1530,PUN,Khillari,6.7,140,38.85,0.64,38.68,378.1,16.0,207.3,20.3,75.1,24.9,Sub-clinical,FMD,1.6
MAH-PUN-TAG-1530,PUN,Khillari,6.7,168,39.21,0.58,39.24,336.4,25.2,157.2,39.5,50.0,50.0,Sub-clinical,FMD,0.4
MAH-PUN-TAG-1530,PUN,Khillari,6.7,213,40.01,0.26,40.18,194.6,56.8,100.3,61.4,37.7,62.3,Clinical,FMD,0.0
MAH-PUN-TAG-1531,PUN,Khillari,7.2,55,38.22,-0.05,38.2,496.9,-10.4,248.9,4.3,87.5,12.5,Healthy,Healthy,-1.0
MAH-PUN-TAG-1531,PUN,Khillari,7.2,126,38.74,0.54,38.46,419.8,6.7,221.9,14.7,70.4,29.6,Sub-clinical,FMD,1.4
MAH-PUN-TAG-1531,PUN,Khillari,7.2,152,39.42,0.55,39.01,353.2,21.5,189.0,27.3,66.0,34.0,Sub-clinical,FMD,0.4
MAH-PUN-TAG-1531,PUN,Khillari,7.2,196,39.91,0.37,39.92,259.3,42.4,97.6,62.5,32.4,67.6,Clinical,FMD,0.0
MAH-PUN-TAG-1532,PUN,Khillari,2.5,148,38.35,-0.02,38.53,450.4,-0.1,267.1,-2.7,92.3,7.7,Healthy,Healthy,-1.0
MAH-PUN-TAG-1532,PUN,Khillari,2.5,221,38.95,0.47,38.79,407.9,9.4,225.7,13.2,86.5,13.5,Sub-clinical,FMD,1.6
MAH-PUN-TAG-1532,PUN,Khillari,2.5,249,39.95,0.52,39.39,331.4,26.4,210.9,18.9,83.8,16.2,Sub-clinical,FMD,0.4
MAH-PUN-TAG-1532,PUN,Khillari,2.5,295,40.48,0.39,40.26,236.9,47.4,135.8,47.8,59.9,40.1,Clinical,FMD,0.0
MAH-PUN-TAG-1533,PUN,Gir Cross,7.6,69,38.12,0.08,38.42,415.6,11.6,257.4,1.0,85.4,14.6,Healthy,Healthy,-1.0
MAH-PUN-TAG-1533,PUN,Gir Cross,7.6,146,38.06,-0.1,38.44,437.1,7.0,240.8,7.4,85.1,14.9,Healthy,Healthy,-1.0
MAH-PUN-TAG-1533,PUN,Gir Cross,7.6,178,38.74,0.02,38.48,457.2,2.7,284.7,-9.5,110.9,-10.9,Healthy,Healthy,-1.0
MAH-PUN-TAG-1533,PUN,Gir Cross,7.6,225,38.81,0.15,38.45,459.5,2.2,276.6,-6.4,105.1,-5.1,Healthy,Healthy,-1.0
MAH-PUN-TAG-1534,PUN,Red Kandhari,8.6,136,38.49,-0.11,38.45,423.3,5.9,294.7,-13.3,115.0,-15.0,Healthy,Healthy,-1.0
MAH-PUN-TAG-1534,PUN,Red Kandhari,8.6,210,38.72,0.27,38.6,407.3,9.5,245.8,5.5,107.0,-7.0,Sub-clinical,BRD,1.7
MAH-PUN-TAG-1534,PUN,Red Kandhari,8.6,239,38.82,0.33,39.01,362.9,19.4,211.2,18.8,82.1,17.9,Sub-clinical,BRD,0.4
MAH-PUN-TAG-1534,PUN,Red Kandhari,8.6,285,39.46,0.15,39.63,287.6,36.1,184.3,29.1,70.1,29.9,Clinical,BRD,0.0
MAH-AHM-TAG-1535,AHM,HF Cross,4.8,60,38.81,-0.13,38.6,459.9,2.1,301.2,-15.8,121.3,-21.3,Healthy,Healthy,-1.0
MAH-AHM-TAG-1535,AHM,HF Cross,4.8,126,38.57,0.01,38.55,493.9,-5.1,273.9,-5.3,108.9,-8.9,Healthy,Healthy,-1.0
MAH-AHM-TAG-1535,AHM,HF Cross,4.8,146,38.24,-0.07,38.56,485.5,-3.3,256.0,1.5,95.2,4.8,Healthy,Healthy,-1.0
MAH-AHM-TAG-1535,AHM,HF Cross,4.8,189,38.23,-0.1,38.57,458.1,2.5,265.9,-2.3,96.5,3.5,Healthy,Healthy,-1.0
MAH-PUN-TAG-1536,PUN,Murrah Buffalo,2.0,84,38.89,0.08,38.6,493.9,-9.8,274.3,-5.5,112.8,-12.8,Healthy,Healthy,-1.0
MAH-PUN-TAG-1536,PUN,Murrah Buffalo,2.0,151,39.08,0.4,38.72,473.7,-5.3,243.2,6.5,100.9,-0.9,Sub-clinical,Mastitis,1.2
MAH-PUN-TAG-1536,PUN,Murrah Buffalo,2.0,172,39.1,0.43,39.13,426.6,5.2,205.6,20.9,79.8,20.2,Sub-clinical,Mastitis,0.3
MAH-PUN-TAG-1536,PUN,Murrah Buffalo,2.0,216,39.65,0.32,39.84,336.6,25.2,175.9,32.3,73.3,26.7,Clinical,Mastitis,0.0
MAH-AHM-TAG-1537,AHM,Gir Cross,6.3,76,38.18,-0.05,38.42,499.8,-6.3,248.4,4.5,86.8,13.2,Healthy,Healthy,-1.0
MAH-AHM-TAG-1537,AHM,Gir Cross,6.3,144,38.54,0.54,38.59,407.6,13.3,212.1,18.4,68.7,31.3,Sub-clinical,FMD,1.3
MAH-AHM-TAG-1537,AHM,Gir Cross,6.3,167,39.16,0.68,39.15,337.7,28.1,163.1,37.3,55.2,44.8,Sub-clinical,FMD,0.3
MAH-AHM-TAG-1537,AHM,Gir Cross,6.3,211,40.28,0.4,40.16,204.0,56.6,114.4,56.0,44.2,55.8,Clinical,FMD,0.0
MAH-PUN-TAG-1538,PUN,Red Kandhari,2.0,112,38.48,-0.18,38.36,418.6,7.0,275.8,-6.1,102.2,-2.2,Healthy,Healthy,-1.0
MAH-PUN-TAG-1538,PUN,Red Kandhari,2.0,187,38.66,0.41,38.55,374.5,16.8,241.6,7.1,85.2,14.8,Sub-clinical,LSD,1.7
MAH-PUN-TAG-1538,PUN,Red Kandhari,2.0,217,38.66,0.25,38.94,380.6,15.4,199.5,23.3,72.4,27.6,Sub-clinical,LSD,0.5
MAH-PUN-TAG-1538,PUN,Red Kandhari,2.0,264,39.45,0.23,39.68,291.2,35.3,156.1,40.0,49.3,50.7,Clinical,LSD,0.0
MAH-AHM-TAG-1539,AHM,Khillari,6.1,132,38.96,-0.01,38.64,427.2,5.1,250.6,3.6,125.4,-25.4,Healthy,Healthy,-1.0
MAH-AHM-TAG-1539,AHM,Khillari,6.1,210,38.6,-0.14,38.66,410.9,8.7,239.6,7.8,107.4,-7.4,Healthy,Healthy,-1.0
MAH-AHM-TAG-1539,AHM,Khillari,6.1,245,38.51,-0.15,38.66,457.3,-1.6,239.2,8.0,105.9,-5.9,Healthy,Healthy,-1.0
MAH-AHM-TAG-1539,AHM,Khillari,6.1,292,38.58,0.13,38.64,464.0,-3.1,214.8,17.4,98.4,1.6,Healthy,Healthy,-1.0
MAH-NAS-TAG-1540,NAS,Red Kandhari,6.5,88,38.5,-0.08,38.34,448.7,0.3,257.7,0.9,111.5,-11.5,Healthy,Healthy,-1.0
MAH-NAS-TAG-1540,NAS,Red Kandhari,6.5,155,38.69,0.06,38.33,410.7,8.7,250.0,3.8,105.6,-5.6,Sub-clinical,Ketosis,1.1
MAH-NAS-TAG-1540,NAS,Red Kandhari,6.5,175,38.33,0.0,38.26,385.3,14.4,199.4,23.3,81.9,18.1,Sub-clinical,Ketosis,0.3
MAH-NAS-TAG-1540,NAS,Red Kandhari,6.5,218,37.59,-0.29,38.05,285.5,36.6,130.8,49.7,57.5,42.5,Clinical,Ketosis,0.0
MAH-NAS-TAG-1541,NAS,Murrah Buffalo,3.5,105,38.78,0.02,38.54,481.7,-7.0,267.7,-3.0,110.0,-10.0,Healthy,Healthy,-1.0
MAH-NAS-TAG-1541,NAS,Murrah Buffalo,3.5,180,39.28,0.36,38.72,397.2,11.7,246.5,5.2,118.0,-18.0,Sub-clinical,Mastitis,1.7
MAH-NAS-TAG-1541,NAS,Murrah Buffalo,3.5,210,39.32,0.41,39.13,322.7,28.3,225.9,13.1,87.5,12.5,Sub-clinical,Mastitis,0.4
MAH-NAS-TAG-1541,NAS,Murrah Buffalo,3.5,256,39.94,0.15,39.74,246.8,45.2,201.8,22.4,95.4,4.6,Clinical,Mastitis,0.0
MAH-SOL-TAG-1542,SOL,Gir Cross,3.3,98,38.34,0.11,38.6,463.9,1.3,261.5,-0.6,87.1,12.9,Healthy,Healthy,-1.0
MAH-SOL-TAG-1542,SOL,Gir Cross,3.3,166,38.46,0.2,38.62,416.0,11.5,263.1,-1.2,77.3,22.7,Healthy,Healthy,-1.0
MAH-SOL-TAG-1542,SOL,Gir Cross,3.3,189,38.3,-0.14,38.59,408.7,13.0,247.3,4.9,84.8,15.2,Healthy,Healthy,-1.0
MAH-SOL-TAG-1542,SOL,Gir Cross,3.3,232,38.81,-0.02,38.62,399.3,15.0,287.1,-10.4,106.4,-6.4,Healthy,Healthy,-1.0
MAH-SAN-TAG-1543,SAN,Red Kandhari,3.8,93,38.22,0.03,38.46,428.5,4.8,245.8,5.5,89.8,10.2,Healthy,Healthy,-1.0
MAH-SAN-TAG-1543,SAN,Red Kandhari,3.8,172,38.29,0.09,38.42,468.2,-4.0,246.6,5.2,94.1,5.9,Healthy,Healthy,-1.0
MAH-SAN-TAG-1543,SAN,Red Kandhari,3.8,206,38.74,-0.02,38.45,427.1,5.1,282.4,-8.6,116.1,-16.1,Healthy,Healthy,-1.0
MAH-SAN-TAG-1543,SAN,Red Kandhari,3.8,254,38.78,0.06,38.49,421.5,6.3,279.2,-7.4,114.6,-14.6,Healthy,Healthy,-1.0
MAH-NAS-TAG-1544,NAS,Murrah Buffalo,6.9,57,38.7,-0.03,38.44,492.6,-9.5,267.6,-2.9,111.1,-11.1,Healthy,Healthy,-1.0
MAH-NAS-TAG-1544,NAS,Murrah Buffalo,6.9,127,38.55,0.18,38.4,490.6,-9.0,262.4,-0.9,104.3,-4.3,Healthy,Healthy,-1.0
MAH-NAS-TAG-1544,NAS,Murrah Buffalo,6.9,152,38.54,0.02,38.42,501.1,-11.4,268.0,-3.1,106.3,-6.3,Healthy,Healthy,-1.0
MAH-NAS-TAG-1544,NAS,Murrah Buffalo,6.9,196,38.14,-0.18,38.41,499.9,-11.1,240.5,7.5,92.8,7.2,Healthy,Healthy,-1.0
MAH-KOL-TAG-1545,KOL,Red Kandhari,6.4,112,38.69,-0.01,38.61,426.8,5.2,251.3,3.3,112.1,-12.1,Healthy,Healthy,-1.0
MAH-KOL-TAG-1545,KOL,Red Kandhari,6.4,180,39.24,0.38,38.72,402.8,10.5,238.3,8.3,113.4,-13.4,Sub-clinical,Mastitis,1.2
MAH-KOL-TAG-1545,KOL,Red Kandhari,6.4,201,39.68,0.67,39.12,362.3,19.5,224.2,13.8,101.7,-1.7,Sub-clinical,Mastitis,0.3
MAH-KOL-TAG-1545,KOL,Red Kandhari,6.4,244,39.68,0.37,39.79,320.2,28.8,154.0,40.8,76.6,23.4,Clinical,Mastitis,0.0
MAH-NAS-TAG-1546,NAS,HF Cross,7.0,84,38.59,0.07,38.27,438.2,6.8,266.3,-2.4,123.2,-23.2,Healthy,Healthy,-1.0
MAH-NAS-TAG-1546,NAS,HF Cross,7.0,149,38.59,0.37,38.37,425.9,9.4,215.8,17.0,95.4,4.6,Sub-clinical,LSD,1.1
MAH-NAS-TAG-1546,NAS,HF Cross,7.0,168,38.66,0.49,38.75,357.7,23.9,175.1,32.7,77.9,22.1,Sub-clinical,LSD,0.3
MAH-NAS-TAG-1546,NAS,HF Cross,7.0,211,39.52,0.15,39.54,253.4,46.1,152.7,41.3,64.3,35.7,Clinical,LSD,0.0
MAH-PUN-TAG-1547,PUN,Dangi,5.6,88,38.65,0.08,38.49,462.2,-2.7,255.9,1.6,102.8,-2.8,Healthy,Healthy,-1.0
MAH-PUN-TAG-1547,PUN,Dangi,5.6,157,38.65,-0.19,38.42,412.3,8.4,227.3,12.6,112.2,-12.2,Sub-clinical,Ketosis,1.4
MAH-PUN-TAG-1547,PUN,Dangi,5.6,181,38.74,0.09,38.38,347.4,22.8,207.7,20.1,97.1,2.9,Sub-clinical,Ketosis,0.4
MAH-PUN-TAG-1547,PUN,Dangi,5.6,225,38.34,-0.17,38.17,272.6,39.4,151.7,41.7,81.4,18.6,Clinical,Ketosis,0.0
MAH-AHM-TAG-1548,AHM,Dangi,2.4,86,38.87,0.15,38.54,424.2,5.7,277.0,-6.5,114.8,-14.8,Healthy,Healthy,-1.0
MAH-AHM-TAG-1548,AHM,Dangi,2.4,164,38.38,0.06,38.51,413.5,8.1,261.1,-0.4,113.0,-13.0,Healthy,Healthy,-1.0
MAH-AHM-TAG-1548,AHM,Dangi,2.4,197,38.43,-0.02,38.52,480.9,-6.9,269.8,-3.8,107.4,-7.4,Healthy,Healthy,-1.0
MAH-AHM-TAG-1548,AHM,Dangi,2.4,244,38.41,0.03,38.54,465.8,-3.5,255.4,1.8,91.6,8.4,Healthy,Healthy,-1.0
MAH-KOL-TAG-1549,KOL,HF Cross,7.1,57,38.8,-0.11,38.55,526.1,-11.9,243.1,6.5,104.0,-4.0,Healthy,Healthy,-1.0
MAH-KOL-TAG-1549,KOL,HF Cross,7.1,124,38.86,0.54,38.7,446.5,5.0,167.3,35.7,77.3,22.7,Sub-clinical,FMD,1.2
MAH-KOL-TAG-1549,KOL,HF Cross,7.1,146,39.11,0.27,39.23,385.1,18.1,139.0,46.5,65.3,34.7,Sub-clinical,FMD,0.3
MAH-KOL-TAG-1549,KOL,HF Cross,7.1,189,40.13,0.37,40.23,253.9,46.0,73.8,71.6,38.4,61.6,Clinical,FMD,0.0
MAH-SAT-TAG-1550,SAT,HF Cross,3.3,72,37.85,0.08,38.22,455.4,3.1,242.1,6.9,82.4,17.6,Healthy,Healthy,-1.0
MAH-SAT-TAG-1550,SAT,HF Cross,3.3,143,37.9,0.09,38.21,448.0,4.7,252.1,3.0,93.4,6.6,Healthy,Healthy,-1.0
MAH-SAT-TAG-1550,SAT,HF Cross,3.3,168,37.8,-0.05,38.22,446.4,5.0,250.2,3.8,90.5,9.5,Healthy,Healthy,-1.0
MAH-SAT-TAG-1550,SAT,HF Cross,3.3,213,37.83,-0.17,38.2,442.5,5.9,255.3,1.8,93.3,6.7,Healthy,Healthy,-1.0
MAH-SOL-TAG-1551,SOL,HF Cross,2.9,52,38.42,0.09,38.56,502.8,-7.0,257.5,1.0,91.7,8.3,Healthy,Healthy,-1.0
MAH-SOL-TAG-1551,SOL,HF Cross,2.9,121,38.29,-0.07,38.53,485.6,-3.3,241.4,7.2,70.9,29.1,Healthy,Healthy,-1.0
MAH-SOL-TAG-1551,SOL,HF Cross,2.9,145,38.32,0.03,38.54,483.4,-2.9,238.7,8.2,82.1,17.9,Healthy,Healthy,-1.0
MAH-SOL-TAG-1551,SOL,HF Cross,2.9,189,38.28,-0.01,38.53,460.3,2.1,245.0,5.8,88.7,11.3,Healthy,Healthy,-1.0
MAH-SOL-TAG-1552,SOL,Dangi,4.1,148,38.28,-0.24,38.48,460.6,-2.4,282.4,-8.6,78.0,22.0,Healthy,Healthy,-1.0
MAH-SOL-TAG-1552,SOL,Dangi,4.1,218,38.54,0.37,38.6,403.4,10.4,243.0,6.5,62.9,37.1,Sub-clinical,LSD,1.4
MAH-SOL-TAG-1552,SOL,Dangi,4.1,243,39.03,0.59,39.06,379.8,15.6,232.8,10.5,58.3,41.7,Sub-clinical,LSD,0.4
MAH-SOL-TAG-1552,SOL,Dangi,4.1,288,39.52,0.23,39.77,291.5,35.2,184.8,28.9,34.8,65.2,Clinical,LSD,0.0
MAH-NAS-TAG-1553,NAS,Gir Cross,5.3,134,38.99,0.03,38.58,445.3,5.3,261.6,-0.6,109.4,-9.4,Healthy,Healthy,-1.0
MAH-NAS-TAG-1553,NAS,Gir Cross,5.3,212,38.66,0.1,38.77,384.6,18.2,208.9,19.7,78.3,21.7,Sub-clinical,Mastitis,1.9
MAH-NAS-TAG-1553,NAS,Gir Cross,5.3,245,39.17,0.16,39.17,406.6,13.5,207.2,20.3,83.9,16.1,Sub-clinical,Mastitis,0.5
MAH-NAS-TAG-1553,NAS,Gir Cross,5.3,292,39.77,0.26,39.79,315.5,32.9,170.2,34.5,69.5,30.5,Clinical,Mastitis,0.0
MAH-SAN-TAG-1554,SAN,Red Kandhari,6.6,129,38.24,-0.07,38.23,482.4,-7.2,274.8,-5.7,125.6,-25.6,Healthy,Healthy,-1.0
MAH-SAN-TAG-1554,SAN,Red Kandhari,6.6,204,38.72,-0.01,38.26,455.0,-1.1,266.3,-2.4,129.3,-29.3,Healthy,Healthy,-1.0
MAH-SAN-TAG-1554,SAN,Red Kandhari,6.6,234,38.23,0.03,38.23,418.5,7.0,251.2,3.4,107.6,-7.6,Healthy,Healthy,-1.0
MAH-SAN-TAG-1554,SAN,Red Kandhari,6.6,280,38.38,0.09,38.24,441.7,1.8,265.2,-2.0,122.6,-22.6,Healthy,Healthy,-1.0
MAH-NAS-TAG-1555,NAS,Dangi,3.6,122,38.29,0.02,38.54,454.1,-0.9,271.2,-4.3,96.7,3.3,Healthy,Healthy,-1.0
MAH-NAS-TAG-1555,NAS,Dangi,3.6,199,39.27,0.5,38.89,427.1,5.1,249.5,4.0,98.1,1.9,Sub-clinical,FMD,1.8
MAH-NAS-TAG-1555,NAS,Dangi,3.6,231,39.86,0.35,39.42,298.0,33.8,204.5,21.3,84.0,16.0,Sub-clinical,FMD,0.5
MAH-NAS-TAG-1555,NAS,Dangi,3.6,278,40.79,0.45,40.31,204.1,54.6,157.0,39.6,67.9,32.1,Clinical,FMD,0.0
MAH-PUN-TAG-1556,PUN,Gir Cross,5.7,156,38.78,-0.12,38.46,446.2,5.1,301.6,-16.0,117.5,-17.5,Healthy,Healthy,-1.0
MAH-PUN-TAG-1556,PUN,Gir Cross,5.7,223,38.87,0.36,38.58,429.9,8.5,257.9,0.8,102.7,-2.7,Sub-clinical,Mastitis,1.2
MAH-PUN-TAG-1556,PUN,Gir Cross,5.7,244,39.05,0.41,38.97,386.2,17.8,228.0,12.3,88.0,12.0,Sub-clinical,Mastitis,0.3
MAH-PUN-TAG-1556,PUN,Gir Cross,5.7,288,39.32,0.14,39.65,273.4,41.8,184.6,29.0,72.6,27.4,Clinical,Mastitis,0.0
MAH-NAS-TAG-1557,NAS,Khillari,7.5,146,38.44,-0.02,38.66,448.2,0.4,251.7,3.2,87.9,12.1,Healthy,Healthy,-1.0
MAH-NAS-TAG-1557,NAS,Khillari,7.5,219,38.24,-0.12,38.6,405.9,9.8,223.2,14.2,86.6,13.4,Sub-clinical,Ketosis,1.6
MAH-NAS-TAG-1557,NAS,Khillari,7.5,247,38.73,0.17,38.54,359.1,20.2,216.2,16.8,85.6,14.4,Sub-clinical,Ketosis,0.4
MAH-NAS-TAG-1557,NAS,Khillari,7.5,292,38.16,-0.08,38.4,263.6,41.4,152.9,41.2,65.2,34.8,Clinical,Ketosis,0.0
MAH-NAS-TAG-1558,NAS,Gir Cross,2.1,74,38.18,0.06,38.49,462.7,1.6,260.1,-0.0,82.9,17.1,Healthy,Healthy,-1.0
MAH-NAS-TAG-1558,NAS,Gir Cross,2.1,150,38.86,0.38,38.69,448.0,4.7,252.8,2.8,93.4,6.6,Sub-clinical,Mastitis,1.8
MAH-NAS-TAG-1558,NAS,Gir Cross,2.1,181,39.44,0.3,39.08,362.4,22.9,268.3,-3.2,100.6,-0.6,Sub-clinical,Mastitis,0.5
MAH-NAS-TAG-1558,NAS,Gir Cross,2.1,228,40.27,0.28,39.77,273.5,41.8,230.2,11.5,95.3,4.7,Clinical,Mastitis,0.0
MAH-NAS-TAG-1559,NAS,Khillari,5.1,93,38.12,-0.15,38.52,393.6,12.5,228.0,12.3,88.2,11.8,Healthy,Healthy,-1.0
MAH-NAS-TAG-1559,NAS,Khillari,5.1,172,38.34,0.01,38.51,439.3,2.4,240.4,7.5,89.1,10.9,Healthy,Healthy,-1.0
MAH-NAS-TAG-1559,NAS,Khillari,5.1,206,38.78,-0.01,38.52,409.9,8.9,262.0,-0.8,113.5,-13.5,Healthy,Healthy,-1.0
MAH-NAS-TAG-1559,NAS,Khillari,5.1,254,38.73,-0.13,38.54,408.8,9.2,265.9,-2.3,113.7,-13.7,Healthy,Healthy,-1.0
MAH-AHM-TAG-1560,AHM,Gir Cross,7.7,110,38.93,0.08,38.6,461.1,1.9,289.5,-11.3,123.4,-23.4,Healthy,Healthy,-1.0
MAH-AHM-TAG-1560,AHM,Gir Cross,7.7,183,38.8,0.13,38.58,467.0,0.6,275.1,-5.8,128.6,-28.6,Healthy,Healthy,-1.0
MAH-AHM-TAG-1560,AHM,Gir Cross,7.7,211,38.39,-0.15,38.56,452.4,3.7,257.0,1.2,100.4,-0.4,Healthy,Healthy,-1.0
MAH-AHM-TAG-1560,AHM,Gir Cross,7.7,256,38.75,-0.04,38.58,468.8,0.3,268.2,-3.2,120.8,-20.8,Healthy,Healthy,-1.0
MAH-KOL-TAG-1561,KOL,Gir Cross,5.7,124,38.21,-0.11,38.45,497.1,-5.8,259.7,0.1,89.7,10.3,Healthy,Healthy,-1.0
MAH-KOL-TAG-1561,KOL,Gir Cross,5.7,202,38.8,0.1,38.45,433.4,7.8,261.3,-0.5,106.0,-6.0,Sub-clinical,Ketosis,1.9
MAH-KOL-TAG-1561,KOL,Gir Cross,5.7,236,38.13,-0.07,38.33,339.5,27.8,197.9,23.9,76.2,23.8,Sub-clinical,Ketosis,0.5
MAH-KOL-TAG-1561,KOL,Gir Cross,5.7,283,38.27,0.3,38.21,246.3,47.6,152.9,41.2,64.2,35.8,Clinical,Ketosis,0.0
MAH-AHM-TAG-1562,AHM,Dangi,7.3,115,37.99,-0.1,38.19,413.5,8.1,275.6,-6.0,105.4,-5.4,Healthy,Healthy,-1.0
MAH-AHM-TAG-1562,AHM,Dangi,7.3,188,38.49,0.43,38.36,370.4,17.7,238.8,8.2,86.8,13.2,Sub-clinical,BRD,1.6
MAH-AHM-TAG-1562,AHM,Dangi,7.3,216,38.51,0.26,38.73,350.1,22.2,213.3,18.0,78.9,21.1,Sub-clinical,BRD,0.4
MAH-AHM-TAG-1562,AHM,Dangi,7.3,261,39.29,0.33,39.36,269.3,40.2,191.6,26.3,72.3,27.7,Clinical,BRD,0.0
MAH-SAT-TAG-1563,SAT,HF Cross,4.3,108,39.08,0.14,38.66,451.8,3.9,276.5,-6.3,103.6,-3.6,Healthy,Healthy,-1.0
MAH-SAT-TAG-1563,SAT,HF Cross,4.3,183,39.02,0.11,38.68,441.8,6.0,271.7,-4.5,107.7,-7.7,Healthy,Healthy,-1.0
MAH-SAT-TAG-1563,SAT,HF Cross,4.3,215,38.31,-0.01,38.64,451.1,4.0,243.8,6.2,79.4,20.6,Healthy,Healthy,-1.0
MAH-SAT-TAG-1563,SAT,HF Cross,4.3,261,38.5,0.26,38.65,438.7,6.7,252.8,2.8,92.1,7.9,Healthy,Healthy,-1.0
MAH-SAT-TAG-1564,SAT,Murrah Buffalo,3.6,117,38.11,-0.03,38.36,438.9,2.5,234.2,9.9,89.0,11.0,Healthy,Healthy,-1.0
MAH-SAT-TAG-1564,SAT,Murrah Buffalo,3.6,187,38.69,0.48,38.55,406.9,9.6,217.9,16.2,91.0,9.0,Sub-clinical,LSD,1.4
MAH-SAT-TAG-1564,SAT,Murrah Buffalo,3.6,212,38.92,0.43,38.93,374.0,16.9,190.6,26.7,76.8,23.2,Sub-clinical,LSD,0.4
MAH-SAT-TAG-1564,SAT,Murrah Buffalo,3.6,256,40.09,0.5,39.69,320.0,28.9,170.1,34.6,84.0,16.0,Clinical,LSD,0.0
MAH-AHM-TAG-1565,AHM,Gir Cross,6.2,141,38.49,-0.1,38.62,430.7,8.4,253.2,2.6,85.1,14.9,Healthy,Healthy,-1.0
MAH-AHM-TAG-1565,AHM,Gir Cross,6.2,212,38.45,0.15,38.58,344.0,26.8,230.5,11.3,87.4,12.6,Sub-clinical,Ketosis,1.5
MAH-AHM-TAG-1565,AHM,Gir Cross,6.2,238,38.07,-0.13,38.49,319.4,32.0,205.0,21.2,74.8,25.2,Sub-clinical,Ketosis,0.4
MAH-AHM-TAG-1565,AHM,Gir Cross,6.2,283,38.07,-0.28,38.34,208.9,55.6,147.3,43.3,71.1,28.9,Clinical,Ketosis,0.0
MAH-KOL-TAG-1566,KOL,Murrah Buffalo,8.0,105,38.78,0.1,38.5,481.6,-7.0,272.7,-4.9,114.9,-14.9,Healthy,Healthy,-1.0
MAH-KOL-TAG-1566,KOL,Murrah Buffalo,8.0,184,39.07,0.38,38.74,389.7,13.4,260.4,-0.2,109.1,-9.1,Sub-clinical,BRD,1.9
MAH-KOL-TAG-1566,KOL,Murrah Buffalo,8.0,218,38.97,0.2,39.13,388.0,13.8,199.7,23.2,75.7,24.3,Sub-clinical,BRD,0.5
MAH-KOL-TAG-1566,KOL,Murrah Buffalo,8.0,266,39.43,0.13,39.7,322.8,28.3,160.5,38.3,63.4,36.6,Clinical,BRD,0.0
MAH-SAT-TAG-1567,SAT,HF Cross,6.4,69,38.17,-0.01,38.41,458.4,2.5,262.2,-0.8,85.9,14.1,Healthy,Healthy,-1.0
MAH-SAT-TAG-1567,SAT,HF Cross,6.4,136,38.77,0.01,38.53,407.8,13.2,264.6,-1.8,92.2,7.8,Sub-clinical,Mastitis,1.2
MAH-SAT-TAG-1567,SAT,HF Cross,6.4,158,39.38,0.34,38.93,354.8,24.5,261.8,-0.7,102.3,-2.3,Sub-clinical,Mastitis,0.3
MAH-SAT-TAG-1567,SAT,HF Cross,6.4,201,40.18,0.4,39.68,325.3,30.8,212.6,18.2,87.7,12.3,Clinical,Mastitis,0.0
MAH-AHM-TAG-1568,AHM,Dangi,2.6,124,38.56,0.12,38.7,466.4,-3.6,272.6,-4.8,96.0,4.0,Healthy,Healthy,-1.0
MAH-AHM-TAG-1568,AHM,Dangi,2.6,197,38.4,-0.26,38.69,463.2,-2.9,284.1,-9.3,96.8,3.2,Healthy,Healthy,-1.0
MAH-AHM-TAG-1568,AHM,Dangi,2.6,225,39.02,0.08,38.69,469.7,-4.4,297.0,-14.2,106.8,-6.8,Healthy,Healthy,-1.0
MAH-AHM-TAG-1568,AHM,Dangi,2.6,271,38.87,0.15,38.71,461.8,-2.6,297.0,-14.2,108.1,-8.1,Healthy,Healthy,-1.0
MAH-AHM-TAG-1569,AHM,HF Cross,2.1,105,38.53,-0.28,38.42,463.5,1.4,280.6,-7.9,117.0,-17.0,Healthy,Healthy,-1.0
MAH-AHM-TAG-1569,AHM,HF Cross,2.1,171,38.4,0.29,38.5,432.9,7.9,251.6,3.2,95.9,4.1,Sub-clinical,Mastitis,1.2
MAH-AHM-TAG-1569,AHM,HF Cross,2.1,192,38.78,0.45,38.89,351.0,25.3,216.3,16.8,81.6,18.4,Sub-clinical,Mastitis,0.3
MAH-AHM-TAG-1569,AHM,HF Cross,2.1,235,39.69,0.38,39.63,245.2,47.8,195.3,24.9,83.5,16.5,Clinical,Mastitis,0.0
MAH-SOL-TAG-1570,SOL,Dangi,7.2,120,38.48,0.14,38.63,446.0,0.9,225.5,13.3,78.2,21.8,Healthy,Healthy,-1.0
MAH-SOL-TAG-1570,SOL,Dangi,7.2,193,38.35,0.06,38.59,458.1,-1.8,238.3,8.3,87.8,12.2,Healthy,Healthy,-1.0
MAH-SOL-TAG-1570,SOL,Dangi,7.2,223,38.73,-0.07,38.66,481.5,-7.0,268.7,-3.3,102.6,-2.6,Healthy,Healthy,-1.0
MAH-SOL-TAG-1570,SOL,Dangi,7.2,268,38.48,-0.05,38.6,482.0,-7.1,248.4,4.5,89.7,10.3,Healthy,Healthy,-1.0
MAH-KOL-TAG-1571,KOL,Red Kandhari,4.5,127,38.46,0.15,38.3,463.2,-2.9,281.0,-8.1,93.4,6.6,Healthy,Healthy,-1.0
MAH-KOL-TAG-1571,KOL,Red Kandhari,4.5,201,38.84,0.4,38.51,408.0,9.3,278.1,-7.0,108.0,-8.0,Sub-clinical,Mastitis,1.6
MAH-KOL-TAG-1571,KOL,Red Kandhari,4.5,230,39.42,0.41,38.91,313.6,30.3,267.6,-2.9,92.3,7.7,Sub-clinical,Mastitis,0.4
MAH-KOL-TAG-1571,KOL,Red Kandhari,4.5,276,39.93,0.17,39.54,270.7,39.8,233.1,10.3,82.3,17.7,Clinical,Mastitis,0.0
MAH-SAT-TAG-1572,SAT,Gir Cross,6.1,50,38.47,0.15,38.64,465.8,0.9,254.8,2.0,101.2,-1.2,Healthy,Healthy,-1.0
MAH-SAT-TAG-1572,SAT,Gir Cross,6.1,122,38.78,0.45,38.9,432.7,7.9,226.0,13.1,82.1,17.9,Sub-clinical,FMD,1.5
MAH-SAT-TAG-1572,SAT,Gir Cross,6.1,149,39.45,0.35,39.45,366.9,21.9,190.5,26.7,84.3,15.7,Sub-clinical,FMD,0.4
MAH-SAT-TAG-1572,SAT,Gir Cross,6.1,194,40.26,0.36,40.38,252.2,46.3,123.1,52.7,47.7,52.3,Clinical,FMD,0.0
MAH-SOL-TAG-1573,SOL,Dangi,6.7,50,38.24,0.09,38.51,437.7,2.7,244.3,6.0,104.1,-4.1,Healthy,Healthy,-1.0
MAH-SOL-TAG-1573,SOL,Dangi,6.7,120,38.5,0.32,38.67,393.7,12.5,217.4,16.4,87.2,12.8,Sub-clinical,LSD,1.4
MAH-SOL-TAG-1573,SOL,Dangi,6.7,145,39.0,0.43,39.12,360.7,19.8,195.2,24.9,81.2,18.8,Sub-clinical,LSD,0.4
MAH-SOL-TAG-1573,SOL,Dangi,6.7,189,39.72,0.24,39.82,267.6,40.5,163.1,37.3,62.3,37.7,Clinical,LSD,0.0
MAH-AHM-TAG-1574,AHM,Red Kandhari,6.5,139,38.2,-0.15,38.35,399.2,11.3,260.5,-0.2,100.5,-0.5,Healthy,Healthy,-1.0
MAH-AHM-TAG-1574,AHM,Red Kandhari,6.5,205,38.76,0.03,38.35,433.2,3.7,281.5,-8.3,113.2,-13.2,Healthy,Healthy,-1.0
MAH-AHM-TAG-1574,AHM,Red Kandhari,6.5,225,38.45,-0.26,38.35,470.8,-4.6,266.6,-2.5,109.5,-9.5,Healthy,Healthy,-1.0
MAH-AHM-TAG-1574,AHM,Red Kandhari,6.5,268,38.06,-0.16,38.35,473.5,-5.2,247.3,4.9,95.7,4.3,Healthy,Healthy,-1.0
MAH-SOL-TAG-1575,SOL,Gir Cross,6.6,163,38.46,0.2,38.48,455.2,3.1,267.4,-2.8,88.5,11.5,Healthy,Healthy,-1.0
MAH-SOL-TAG-1575,SOL,Gir Cross,6.6,229,38.78,-0.03,38.48,473.1,-0.7,292.5,-12.5,113.1,-13.1,Healthy,Healthy,-1.0
MAH-SOL-TAG-1575,SOL,Gir Cross,6.6,249,38.65,0.07,38.45,509.6,-8.4,275.7,-6.0,106.6,-6.6,Healthy,Healthy,-1.0
MAH-SOL-TAG-1575,SOL,Gir Cross,6.6,292,38.23,-0.07,38.5,504.3,-7.3,255.0,1.9,83.0,17.0,Healthy,Healthy,-1.0
MAH-KOL-TAG-1576,KOL,Red Kandhari,8.2,76,38.4,-0.22,38.64,503.7,-11.9,256.1,1.5,87.0,13.0,Healthy,Healthy,-1.0
MAH-KOL-TAG-1576,KOL,Red Kandhari,8.2,154,39.4,0.33,38.86,447.2,0.6,264.4,-1.7,101.3,-1.3,Sub-clinical,LSD,1.9
MAH-KOL-TAG-1576,KOL,Red Kandhari,8.2,188,39.39,0.45,39.29,384.2,14.6,201.9,22.3,67.8,32.2,Sub-clinical,LSD,0.5
MAH-KOL-TAG-1576,KOL,Red Kandhari,8.2,235,40.04,0.21,39.98,302.1,32.9,180.1,30.7,60.9,39.1,Clinical,LSD,0.0
MAH-SOL-TAG-1577,SOL,Khillari,4.6,151,38.65,0.0,38.52,451.6,-0.4,285.6,-9.8,97.8,2.2,Healthy,Healthy,-1.0
MAH-SOL-TAG-1577,SOL,Khillari,4.6,225,39.12,0.45,38.71,391.3,13.0,268.3,-3.2,94.5,5.5,Sub-clinical,Mastitis,1.6
MAH-SOL-TAG-1577,SOL,Khillari,4.6,254,39.66,0.26,39.13,332.5,26.1,253.1,2.7,93.2,6.8,Sub-clinical,Mastitis,0.4
MAH-SOL-TAG-1577,SOL,Khillari,4.6,300,40.25,0.23,39.78,264.5,41.2,216.9,16.6,83.1,16.9,Clinical,Mastitis,0.0
MAH-SOL-TAG-1578,SOL,HF Cross,7.4,132,38.95,0.04,38.62,504.0,-7.2,285.8,-9.9,120.4,-20.4,Healthy,Healthy,-1.0
MAH-SOL-TAG-1578,SOL,HF Cross,7.4,197,38.93,0.39,38.71,497.1,-5.8,238.8,8.2,90.4,9.6,Sub-clinical,LSD,1.1
MAH-SOL-TAG-1578,SOL,HF Cross,7.4,216,38.99,0.51,39.09,447.6,4.8,207.2,20.3,76.2,23.8,Sub-clinical,LSD,0.3
MAH-SOL-TAG-1578,SOL,HF Cross,7.4,259,40.02,0.37,39.91,323.5,31.2,177.9,31.6,62.6,37.4,Clinical,LSD,0.0
MAH-KOL-TAG-1579,KOL,HF Cross,4.1,67,38.5,-0.15,38.64,432.7,7.9,255.7,1.7,100.1,-0.1,Healthy,Healthy,-1.0
MAH-KOL-TAG-1579,KOL,HF Cross,4.1,137,38.85,0.15,38.62,418.4,11.0,280.7,-8.0,112.5,-12.5,Healthy,Healthy,-1.0
MAH-KOL-TAG-1579,KOL,HF Cross,4.1,162,38.55,-0.04,38.63,419.2,10.8,255.1,1.9,104.0,-4.0,Healthy,Healthy,-1.0
MAH-KOL-TAG-1579,KOL,HF Cross,4.1,206,38.79,-0.18,38.63,454.4,3.3,279.1,-7.3,123.2,-23.2,Healthy,Healthy,-1.0
MAH-AHM-TAG-1580,AHM,Gir Cross,6.6,124,38.31,-0.01,38.5,484.2,-3.0,224.8,13.5,105.3,-5.3,Healthy,Healthy,-1.0
MAH-AHM-TAG-1580,AHM,Gir Cross,6.6,198,38.43,0.02,38.49,484.2,-3.0,219.5,15.6,106.7,-6.7,Healthy,Healthy,-1.0
MAH-AHM-TAG-1580,AHM,Gir Cross,6.6,227,38.82,0.02,38.5,467.1,0.6,251.1,3.4,123.8,-23.8,Healthy,Healthy,-1.0
MAH-AHM-TAG-1580,AHM,Gir Cross,6.6,273,38.83,0.19,38.5,491.9,-4.7,249.8,3.9,124.0,-24.0,Healthy,Healthy,-1.0
MAH-SOL-TAG-1581,SOL,HF Cross,4.8,165,38.17,0.01,38.49,453.4,3.5,234.4,9.8,84.4,15.6,Healthy,Healthy,-1.0
MAH-SOL-TAG-1581,SOL,HF Cross,4.8,234,39.02,0.47,38.65,420.7,10.5,223.5,14.0,86.8,13.2,Sub-clinical,LSD,1.4
MAH-SOL-TAG-1581,SOL,HF Cross,4.8,258,39.28,0.26,39.11,388.7,17.3,188.5,27.5,82.5,17.5,Sub-clinical,LSD,0.4
MAH-SOL-TAG-1581,SOL,HF Cross,4.8,302,40.18,0.16,39.81,338.0,28.1,178.9,31.2,79.7,20.3,Clinical,LSD,0.0
MAH-SAN-TAG-1582,SAN,Gir Cross,2.4,165,38.2,-0.09,38.51,460.0,2.1,255.4,1.8,86.8,13.2,Healthy,Healthy,-1.0
MAH-SAN-TAG-1582,SAN,Gir Cross,2.4,232,38.92,0.16,38.65,421.8,10.3,270.8,-4.2,98.8,1.2,Sub-clinical,LSD,1.2
MAH-SAN-TAG-1582,SAN,Gir Cross,2.4,254,39.53,0.33,39.07,386.4,17.8,250.9,3.5,92.6,7.4,Sub-clinical,LSD,0.3
MAH-SAN-TAG-1582,SAN,Gir Cross,2.4,297,40.27,0.44,39.82,353.7,24.7,204.6,21.3,80.6,19.4,Clinical,LSD,0.0
MAH-NAS-TAG-1583,NAS,Khillari,3.2,141,38.28,0.11,38.43,469.1,-4.2,220.2,15.3,82.0,18.0,Healthy,Healthy,-1.0
MAH-NAS-TAG-1583,NAS,Khillari,3.2,220,38.75,0.28,38.65,491.4,-9.2,188.6,27.5,77.9,22.1,Sub-clinical,LSD,1.9
MAH-NAS-TAG-1583,NAS,Khillari,3.2,254,39.57,0.44,39.09,404.5,10.1,186.0,28.5,99.8,0.2,Sub-clinical,LSD,0.5
MAH-NAS-TAG-1583,NAS,Khillari,3.2,302,40.28,0.38,39.76,339.3,24.6,155.8,40.1,80.3,19.7,Clinical,LSD,0.0
MAH-KOL-TAG-1584,KOL,Murrah Buffalo,5.0,81,38.48,-0.06,38.35,502.2,-11.6,292.7,-12.6,96.7,3.3,Healthy,Healthy,-1.0
MAH-KOL-TAG-1584,KOL,Murrah Buffalo,5.0,147,37.94,-0.08,38.3,455.9,-1.3,236.7,9.0,82.9,17.1,Sub-clinical,Ketosis,1.2
MAH-KOL-TAG-1584,KOL,Murrah Buffalo,5.0,168,37.73,-0.33,38.24,369.7,17.8,195.0,25.0,67.2,32.8,Sub-clinical,Ketosis,0.3
MAH-KOL-TAG-1584,KOL,Murrah Buffalo,5.0,211,37.97,-0.02,38.08,253.4,43.7,156.2,39.9,65.6,34.4,Clinical,Ketosis,0.0
MAH-PUN-TAG-1585,PUN,Murrah Buffalo,8.8,84,38.57,0.06,38.27,425.9,5.4,261.9,-0.7,111.1,-11.1,Healthy,Healthy,-1.0
MAH-PUN-TAG-1585,PUN,Murrah Buffalo,8.8,153,38.84,0.26,38.41,412.5,8.3,234.4,9.8,96.0,4.0,Sub-clinical,Mastitis,1.3
MAH-PUN-TAG-1585,PUN,Murrah Buffalo,8.8,176,39.26,0.49,38.83,351.0,22.0,217.6,16.3,94.4,5.6,Sub-clinical,Mastitis,0.4
MAH-PUN-TAG-1585,PUN,Murrah Buffalo,8.8,220,39.36,0.09,39.48,302.4,32.8,163.2,37.2,61.5,38.5,Clinical,Mastitis,0.0
MAH-KOL-TAG-1586,KOL,Khillari,7.9,84,38.75,-0.13,38.47,447.3,0.6,268.0,-3.1,123.4,-23.4,Healthy,Healthy,-1.0
MAH-KOL-TAG-1586,KOL,Khillari,7.9,154,39.17,0.37,38.67,423.5,5.9,245.8,5.5,120.6,-20.6,Sub-clinical,Mastitis,1.4
MAH-KOL-TAG-1586,KOL,Khillari,7.9,178,39.57,0.4,39.04,369.7,17.8,223.4,14.1,109.8,-9.8,Sub-clinical,Mastitis,0.4
MAH-KOL-TAG-1586,KOL,Khillari,7.9,223,39.97,0.31,39.72,318.5,29.2,182.6,29.8,93.6,6.4,Clinical,Mastitis,0.0
MAH-AHM-TAG-1587,AHM,HF Cross,5.5,105,39.07,0.19,38.71,500.9,-6.6,285.6,-9.8,110.3,-10.3,Healthy,Healthy,-1.0
MAH-AHM-TAG-1587,AHM,HF Cross,5.5,173,38.95,0.28,38.83,474.8,-1.0,243.3,6.4,92.4,7.6,Sub-clinical,LSD,1.3
MAH-AHM-TAG-1587,AHM,HF Cross,5.5,196,39.38,0.58,39.28,436.5,7.1,207.1,20.3,82.1,17.9,Sub-clinical,LSD,0.3
MAH-AHM-TAG-1587,AHM,HF Cross,5.5,240,39.74,0.11,40.0,342.8,27.1,163.3,37.2,57.6,42.4,Clinical,LSD,0.0
MAH-AHM-TAG-1588,AHM,Murrah Buffalo,3.9,67,38.12,-0.06,38.26,416.8,7.4,260.0,0.0,87.9,12.1,Healthy,Healthy,-1.0
MAH-AHM-TAG-1588,AHM,Murrah Buffalo,3.9,133,38.67,0.03,38.32,434.7,3.4,266.3,-2.4,110.2,-10.2,Healthy,Healthy,-1.0
MAH-AHM-TAG-1588,AHM,Murrah Buffalo,3.9,153,38.65,0.1,38.31,456.9,-1.5,265.4,-2.1,113.7,-13.7,Healthy,Healthy,-1.0
MAH-AHM-TAG-1588,AHM,Murrah Buffalo,3.9,196,38.2,0.01,38.25,475.0,-5.6,235.5,9.4,92.9,7.1,Healthy,Healthy,-1.0
MAH-SOL-TAG-1589,SOL,HF Cross,3.0,72,38.3,0.34,38.44,481.4,-2.4,242.2,6.8,92.7,7.3,Healthy,Healthy,-1.0
MAH-SOL-TAG-1589,SOL,HF Cross,3.0,138,38.42,0.0,38.47,446.5,5.0,264.4,-1.7,100.7,-0.7,Healthy,Healthy,-1.0
MAH-SOL-TAG-1589,SOL,HF Cross,3.0,158,38.84,0.05,38.49,443.9,5.6,280.4,-7.8,115.7,-15.7,Healthy,Healthy,-1.0
MAH-SOL-TAG-1589,SOL,HF Cross,3.0,201,38.66,-0.02,38.48,499.9,-6.4,285.4,-9.8,124.1,-24.1,Healthy,Healthy,-1.0
MAH-SOL-TAG-1590,SOL,Red Kandhari,3.1,112,38.67,-0.28,38.65,424.0,5.8,285.3,-9.7,99.9,0.1,Healthy,Healthy,-1.0
MAH-SOL-TAG-1590,SOL,Red Kandhari,3.1,184,38.94,0.13,38.64,422.0,6.2,279.8,-7.6,101.7,-1.7,Healthy,Healthy,-1.0
MAH-SOL-TAG-1590,SOL,Red Kandhari,3.1,211,38.44,-0.24,38.64,411.5,8.6,273.7,-5.3,93.7,6.3,Healthy,Healthy,-1.0
MAH-SOL-TAG-1590,SOL,Red Kandhari,3.1,256,38.92,0.19,38.64,417.7,7.2,279.1,-7.3,100.4,-0.4,Healthy,Healthy,-1.0
MAH-PUN-TAG-1591,PUN,HF Cross,8.8,105,38.88,0.01,38.63,463.8,1.3,248.9,4.3,107.6,-7.6,Healthy,Healthy,-1.0
MAH-PUN-TAG-1591,PUN,HF Cross,8.8,171,38.69,0.3,38.73,416.8,11.3,206.7,20.5,84.5,15.5,Sub-clinical,BRD,1.2
MAH-PUN-TAG-1591,PUN,HF Cross,8.8,192,38.98,0.48,39.07,368.3,21.6,174.3,33.0,71.2,28.8,Sub-clinical,BRD,0.3
MAH-PUN-TAG-1591,PUN,HF Cross,8.8,235,39.84,0.3,39.76,277.7,40.9,155.6,40.2,70.1,29.9,Clinical,BRD,0.0
MAH-NAS-TAG-1592,NAS,Murrah Buffalo,2.9,98,38.25,-0.11,38.56,463.2,-2.9,230.5,11.3,82.3,17.7,Healthy,Healthy,-1.0
MAH-NAS-TAG-1592,NAS,Murrah Buffalo,2.9,171,38.15,0.0,38.47,417.4,7.2,213.8,17.8,73.6,26.4,Sub-clinical,Ketosis,1.6
MAH-NAS-TAG-1592,NAS,Murrah Buffalo,2.9,199,38.53,-0.05,38.4,369.9,17.8,190.0,26.9,86.7,13.3,Sub-clinical,Ketosis,0.4
MAH-NAS-TAG-1592,NAS,Murrah Buffalo,2.9,244,38.0,-0.12,38.23,288.5,35.9,134.4,48.3,72.8,27.2,Clinical,Ketosis,0.0
MAH-SAN-TAG-1593,SAN,HF Cross,5.7,136,38.84,0.15,38.62,444.2,5.5,271.6,-4.5,113.1,-13.1,Healthy,Healthy,-1.0
MAH-SAN-TAG-1593,SAN,HF Cross,5.7,205,39.23,0.33,38.75,426.1,9.3,255.1,1.9,116.9,-16.9,Sub-clinical,LSD,1.4
MAH-SAN-TAG-1593,SAN,HF Cross,5.7,229,39.74,0.51,39.2,385.5,18.0,225.2,13.4,95.2,4.8,Sub-clinical,LSD,0.4
MAH-SAN-TAG-1593,SAN,HF Cross,5.7,273,40.2,0.05,39.94,344.9,26.6,183.8,29.3,79.4,20.6,Clinical,LSD,0.0
MAH-AHM-TAG-1594,AHM,Red Kandhari,4.3,156,39.05,-0.05,38.77,427.6,5.0,302.0,-16.2,102.8,-2.8,Healthy,Healthy,-1.0
MAH-AHM-TAG-1594,AHM,Red Kandhari,4.3,233,39.41,0.48,39.06,344.3,23.5,230.4,11.4,84.2,15.8,Sub-clinical,FMD,1.9
MAH-AHM-TAG-1594,AHM,Red Kandhari,4.3,267,39.67,0.63,39.57,339.8,24.5,182.0,30.0,50.0,50.0,Sub-clinical,FMD,0.5
MAH-AHM-TAG-1594,AHM,Red Kandhari,4.3,314,40.35,0.46,40.5,222.6,50.5,117.4,54.8,32.8,67.2,Clinical,FMD,0.0
MAH-SAT-TAG-1595,SAT,Gir Cross,8.7,105,38.66,-0.18,38.56,469.7,0.1,257.1,1.1,108.2,-8.2,Healthy,Healthy,-1.0
MAH-SAT-TAG-1595,SAT,Gir Cross,8.7,173,38.87,0.63,38.71,426.8,9.2,223.5,14.0,81.1,18.9,Sub-clinical,LSD,1.3
MAH-SAT-TAG-1595,SAT,Gir Cross,8.7,196,39.18,0.28,39.13,395.9,15.8,199.0,23.5,68.0,32.0,Sub-clinical,LSD,0.3
MAH-SAT-TAG-1595,SAT,Gir Cross,8.7,240,39.76,0.38,39.86,294.5,37.3,150.4,42.2,35.2,64.8,Clinical,LSD,0.0
MAH-AHM-TAG-1596,AHM,Murrah Buffalo,8.4,151,38.63,0.05,38.56,496.1,-10.2,269.1,-3.5,108.7,-8.7,Healthy,Healthy,-1.0
MAH-AHM-TAG-1596,AHM,Murrah Buffalo,8.4,224,38.65,-0.18,38.53,419.7,6.7,242.5,6.7,110.4,-10.4,Sub-clinical,Ketosis,1.6
MAH-AHM-TAG-1596,AHM,Murrah Buffalo,8.4,252,38.76,-0.1,38.44,356.1,20.9,223.5,14.0,114.0,-14.0,Sub-clinical,Ketosis,0.4
MAH-AHM-TAG-1596,AHM,Murrah Buffalo,8.4,297,38.41,-0.15,38.27,276.3,38.6,163.1,37.3,96.8,3.2,Clinical,Ketosis,0.0
MAH-NAS-TAG-1597,NAS,HF Cross,4.3,91,38.31,-0.05,38.35,451.6,3.9,288.5,-11.0,101.3,-1.3,Healthy,Healthy,-1.0
MAH-NAS-TAG-1597,NAS,HF Cross,4.3,162,38.74,0.35,38.5,424.0,9.8,256.8,1.2,105.3,-5.3,Sub-clinical,LSD,1.4
MAH-NAS-TAG-1597,NAS,HF Cross,4.3,188,38.76,0.08,38.93,380.5,19.0,220.5,15.2,82.8,17.2,Sub-clinical,LSD,0.4
MAH-NAS-TAG-1597,NAS,HF Cross,4.3,232,39.88,0.06,39.67,317.4,32.5,205.5,21.0,89.4,10.6,Clinical,LSD,0.0
MAH-PUN-TAG-1598,PUN,Khillari,4.4,93,38.26,-0.06,38.49,435.4,3.2,245.3,5.7,87.4,12.6,Healthy,Healthy,-1.0
MAH-PUN-TAG-1598,PUN,Khillari,4.4,163,38.87,0.55,38.68,368.0,18.2,220.4,15.2,87.0,13.0,Sub-clinical,FMD,1.4
MAH-PUN-TAG-1598,PUN,Khillari,4.4,188,39.38,0.55,39.24,296.8,34.0,167.9,35.4,64.0,36.0,Sub-clinical,FMD,0.4
MAH-PUN-TAG-1598,PUN,Khillari,4.4,232,40.56,0.5,40.18,176.2,60.8,121.2,53.4,58.7,41.3,Clinical,FMD,0.0
MAH-SOL-TAG-1599,SOL,Murrah Buffalo,8.5,144,37.98,0.14,38.22,482.1,-7.1,245.6,5.5,87.5,12.5,Healthy,Healthy,-1.0
MAH-SOL-TAG-1599,SOL,Murrah Buffalo,8.5,214,38.36,0.45,38.49,403.7,10.3,232.8,10.5,77.9,22.1,Sub-clinical,FMD,1.4
MAH-SOL-TAG-1599,SOL,Murrah Buffalo,8.5,238,38.87,0.51,39.0,330.7,26.5,178.4,31.4,61.1,38.9,Sub-clinical,FMD,0.4
MAH-SOL-TAG-1599,SOL,Murrah Buffalo,8.5,283,40.13,0.55,40.01,220.5,51.0,128.4,50.6,44.1,55.9,Clinical,FMD,0.0
MAH-PUN-TAG-1600,PUN,Murrah Buffalo,3.3,81,38.59,-0.14,38.4,457.7,-1.7,270.7,-4.1,110.3,-10.3,Healthy,Healthy,-1.0
MAH-PUN-TAG-1600,PUN,Murrah Buffalo,3.3,146,38.15,0.12,38.34,447.7,0.5,246.5,5.2,89.1,10.9,Healthy,Healthy,-1.0
MAH-PUN-TAG-1600,PUN,Murrah Buffalo,3.3,166,37.94,-0.25,38.36,397.9,11.6,237.5,8.7,89.5,10.5,Healthy,Healthy,-1.0
MAH-PUN-TAG-1600,PUN,Murrah Buffalo,3.3,208,38.69,0.2,38.35,401.3,10.8,267.1,-2.7,113.8,-13.8,Healthy,Healthy,-1.0
MAH-SAT-TAG-1601,SAT,Khillari,5.7,124,38.52,0.09,38.52,450.3,-0.1,247.3,4.9,88.0,12.0,Healthy,Healthy,-1.0
MAH-SAT-TAG-1601,SAT,Khillari,5.7,192,38.06,-0.21,38.51,416.6,7.4,251.7,3.2,76.0,24.0,Healthy,Healthy,-1.0
MAH-SAT-TAG-1601,SAT,Khillari,5.7,215,38.29,0.06,38.52,420.1,6.6,243.8,6.2,76.0,24.0,Healthy,Healthy,-1.0
MAH-SAT-TAG-1601,SAT,Khillari,5.7,259,38.49,-0.05,38.55,388.4,13.7,254.1,2.3,91.8,8.2,Healthy,Healthy,-1.0
MAH-NAS-TAG-1602,NAS,Red Kandhari,8.6,153,38.83,0.09,38.49,461.1,-2.5,284.4,-9.4,125.8,-25.8,Healthy,Healthy,-1.0
MAH-NAS-TAG-1602,NAS,Red Kandhari,8.6,229,38.81,0.05,38.5,448.6,0.3,284.8,-9.5,125.0,-25.0,Healthy,Healthy,-1.0
MAH-NAS-TAG-1602,NAS,Red Kandhari,8.6,260,38.2,-0.16,38.5,441.3,1.9,266.3,-2.4,110.0,-10.0,Healthy,Healthy,-1.0
MAH-NAS-TAG-1602,NAS,Red Kandhari,8.6,307,38.4,-0.04,38.47,426.7,5.2,267.5,-2.9,104.7,-4.7,Healthy,Healthy,-1.0
MAH-PUN-TAG-1603,PUN,HF Cross,3.8,88,38.58,0.18,38.41,410.3,12.7,264.7,-1.8,109.8,-9.8,Healthy,Healthy,-1.0
MAH-PUN-TAG-1603,PUN,HF Cross,3.8,163,38.81,0.48,38.61,371.0,21.1,223.0,14.2,92.5,7.5,Sub-clinical,Mastitis,1.7
MAH-PUN-TAG-1603,PUN,HF Cross,3.8,193,38.8,0.38,39.0,354.2,24.6,188.6,27.5,73.4,26.6,Sub-clinical,Mastitis,0.5
MAH-PUN-TAG-1603,PUN,HF Cross,3.8,240,39.47,0.37,39.63,288.2,38.7,149.9,42.3,71.2,28.8,Clinical,Mastitis,0.0
MAH-SOL-TAG-1604,SOL,Red Kandhari,2.2,57,38.68,0.01,38.49,471.9,-4.9,277.1,-6.6,117.6,-17.6,Healthy,Healthy,-1.0
MAH-SOL-TAG-1604,SOL,Red Kandhari,2.2,126,39.03,0.54,38.63,445.0,1.1,246.4,5.2,96.1,3.9,Sub-clinical,Mastitis,1.4
MAH-SOL-TAG-1604,SOL,Red Kandhari,2.2,150,39.16,0.13,39.03,388.3,13.7,223.3,14.1,87.1,12.9,Sub-clinical,Mastitis,0.4
MAH-SOL-TAG-1604,SOL,Red Kandhari,2.2,194,39.61,0.39,39.71,303.5,32.6,174.4,32.9,61.5,38.5,Clinical,Mastitis,0.0
MAH-AHM-TAG-1605,AHM,Murrah Buffalo,8.0,67,38.39,-0.02,38.47,452.5,-0.6,266.0,-2.3,92.6,7.4,Healthy,Healthy,-1.0
MAH-AHM-TAG-1605,AHM,Murrah Buffalo,8.0,136,38.87,0.2,38.61,407.1,9.5,267.5,-2.9,99.6,0.4,Sub-clinical,LSD,1.3
MAH-AHM-TAG-1605,AHM,Murrah Buffalo,8.0,160,39.48,0.61,39.05,374.0,16.9,246.4,5.2,82.5,17.5,Sub-clinical,LSD,0.3
MAH-AHM-TAG-1605,AHM,Murrah Buffalo,8.0,204,40.23,0.3,39.74,330.7,26.5,208.1,20.0,75.6,24.4,Clinical,LSD,0.0
MAH-SAT-TAG-1606,SAT,Khillari,4.5,79,38.77,0.03,38.63,451.5,-0.3,261.2,-0.5,108.3,-8.3,Healthy,Healthy,-1.0
MAH-SAT-TAG-1606,SAT,Khillari,4.5,154,38.95,0.08,38.64,444.8,1.2,273.8,-5.3,110.2,-10.2,Healthy,Healthy,-1.0
MAH-SAT-TAG-1606,SAT,Khillari,4.5,184,38.89,0.2,38.66,421.5,6.3,268.1,-3.1,102.9,-2.9,Healthy,Healthy,-1.0
MAH-SAT-TAG-1606,SAT,Khillari,4.5,230,38.79,-0.03,38.65,425.0,5.6,280.0,-7.7,111.7,-11.7,Healthy,Healthy,-1.0
MAH-PUN-TAG-1607,PUN,Dangi,7.2,110,39.1,0.08,38.73,396.3,11.9,296.6,-14.1,103.1,-3.1,Healthy,Healthy,-1.0
MAH-PUN-TAG-1607,PUN,Dangi,7.2,179,39.0,0.01,38.73,424.5,5.7,309.4,-19.0,108.9,-8.9,Healthy,Healthy,-1.0
MAH-PUN-TAG-1607,PUN,Dangi,7.2,203,39.33,0.33,38.75,423.4,5.9,291.3,-12.0,107.4,-7.4,Healthy,Healthy,-1.0
MAH-PUN-TAG-1607,PUN,Dangi,7.2,247,38.87,-0.01,38.75,437.5,2.8,290.7,-11.8,93.2,6.8,Healthy,Healthy,-1.0
MAH-AHM-TAG-1608,AHM,Gir Cross,8.6,146,38.15,0.11,38.42,510.0,-8.5,233.8,10.1,92.7,7.3,Healthy,Healthy,-1.0
MAH-AHM-TAG-1608,AHM,Gir Cross,8.6,218,38.45,0.35,38.56,453.5,3.5,224.7,13.6,84.2,15.8,Sub-clinical,Mastitis,1.5
MAH-AHM-TAG-1608,AHM,Gir Cross,8.6,245,39.03,0.23,38.98,418.1,11.0,204.7,21.3,87.2,12.8,Sub-clinical,Mastitis,0.4
MAH-AHM-TAG-1608,AHM,Gir Cross,8.6,290,39.32,0.21,39.63,323.9,31.1,159.5,38.7,71.5,28.5,Clinical,Mastitis,0.0
MAH-AHM-TAG-1609,AHM,Gir Cross,3.0,151,38.49,0.03,38.42,486.1,-3.4,278.1,-7.0,115.4,-15.4,Healthy,Healthy,-1.0
MAH-AHM-TAG-1609,AHM,Gir Cross,3.0,228,39.07,0.27,38.64,383.9,18.3,275.4,-5.9,122.6,-22.6,Sub-clinical,Mastitis,1.9
MAH-AHM-TAG-1609,AHM,Gir Cross,3.0,262,38.83,0.35,39.0,334.2,28.9,221.2,14.9,84.6,15.4,Sub-clinical,Mastitis,0.5
MAH-AHM-TAG-1609,AHM,Gir Cross,3.0,309,39.53,0.28,39.65,244.8,47.9,202.5,22.1,85.3,14.7,Clinical,Mastitis,0.0
MAH-KOL-TAG-1610,KOL,Khillari,5.0,62,38.59,-0.27,38.42,414.3,7.9,266.4,-2.5,105.5,-5.5,Healthy,Healthy,-1.0
MAH-KOL-TAG-1610,KOL,Khillari,5.0,138,38.9,0.41,38.61,366.6,18.5,224.8,13.5,85.5,14.5,Sub-clinical,BRD,1.8
MAH-KOL-TAG-1610,KOL,Khillari,5.0,169,38.81,0.37,38.96,339.5,24.6,184.8,28.9,56.1,43.9,Sub-clinical,BRD,0.5
MAH-KOL-TAG-1610,KOL,Khillari,5.0,216,39.28,0.16,39.58,279.1,38.0,158.7,39.0,43.9,56.1,Clinical,BRD,0.0
MAH-SOL-TAG-1611,SOL,Murrah Buffalo,4.2,112,38.63,-0.04,38.41,418.2,7.1,227.2,12.6,101.3,-1.3,Healthy,Healthy,-1.0
MAH-SOL-TAG-1611,SOL,Murrah Buffalo,4.2,180,38.7,0.02,38.35,398.4,11.5,213.7,17.8,111.1,-11.1,Sub-clinical,Ketosis,1.3
MAH-SOL-TAG-1611,SOL,Murrah Buffalo,4.2,203,38.65,0.01,38.28,340.2,24.4,191.5,26.3,107.3,-7.3,Sub-clinical,Ketosis,0.3
MAH-SOL-TAG-1611,SOL,Murrah Buffalo,4.2,247,38.07,-0.2,38.15,265.1,41.1,131.9,49.3,85.1,14.9,Clinical,Ketosis,0.0
MAH-PUN-TAG-1612,PUN,Gir Cross,5.3,160,38.38,0.03,38.28,441.8,6.0,271.7,-4.5,105.3,-5.3,Healthy,Healthy,-1.0
MAH-PUN-TAG-1612,PUN,Gir Cross,5.3,231,38.34,-0.17,38.27,373.8,20.5,248.8,4.3,106.2,-6.2,Sub-clinical,Ketosis,1.5
MAH-PUN-TAG-1612,PUN,Gir Cross,5.3,257,38.19,-0.11,38.17,303.2,35.5,207.7,20.1,85.4,14.6,Sub-clinical,Ketosis,0.4
MAH-PUN-TAG-1612,PUN,Gir Cross,5.3,302,38.17,-0.12,37.99,215.8,54.1,161.9,37.7,84.4,15.6,Clinical,Ketosis,0.0
MAH-KOL-TAG-1613,KOL,Red Kandhari,5.3,105,38.73,0.02,38.48,446.2,0.8,280.6,-7.9,104.0,-4.0,Healthy,Healthy,-1.0
MAH-KOL-TAG-1613,KOL,Red Kandhari,5.3,173,38.98,0.53,38.7,396.2,12.0,225.0,13.5,81.0,19.0,Sub-clinical,FMD,1.3
MAH-KOL-TAG-1613,KOL,Red Kandhari,5.3,196,39.47,0.58,39.26,326.6,27.4,181.6,30.2,63.8,36.2,Sub-clinical,FMD,0.3
MAH-KOL-TAG-1613,KOL,Red Kandhari,5.3,240,39.97,0.43,40.19,191.2,57.5,99.6,61.7,38.9,61.1,Clinical,FMD,0.0
MAH-NAS-TAG-1614,NAS,HF Cross,4.1,127,38.57,0.08,38.48,500.5,-6.5,273.0,-5.0,93.3,6.7,Healthy,Healthy,-1.0
MAH-NAS-TAG-1614,NAS,HF Cross,4.1,205,38.77,-0.12,38.5,463.5,1.4,275.9,-6.1,111.8,-11.8,Healthy,Healthy,-1.0
MAH-NAS-TAG-1614,NAS,HF Cross,4.1,240,38.08,-0.03,38.46,470.5,-0.1,241.3,7.2,80.4,19.6,Healthy,Healthy,-1.0
MAH-NAS-TAG-1614,NAS,HF Cross,4.1,288,38.05,0.09,38.43,464.4,1.2,243.5,6.3,86.3,13.7,Healthy,Healthy,-1.0
MAH-SAT-TAG-1615,SAT,Dangi,8.4,96,38.1,-0.05,38.51,420.9,6.5,229.5,11.7,88.2,11.8,Healthy,Healthy,-1.0
MAH-SAT-TAG-1615,SAT,Dangi,8.4,171,38.15,-0.22,38.51,431.4,4.1,222.1,14.6,96.4,3.6,Healthy,Healthy,-1.0
MAH-SAT-TAG-1615,SAT,Dangi,8.4,203,38.93,0.0,38.53,414.5,7.9,273.1,-5.0,120.3,-20.3,Healthy,Healthy,-1.0
MAH-SAT-TAG-1615,SAT,Dangi,8.4,249,38.78,-0.03,38.51,440.4,2.1,258.7,0.5,120.3,-20.3,Healthy,Healthy,-1.0
MAH-AHM-TAG-1616,AHM,Gir Cross,8.3,67,38.44,0.13,38.42,460.1,2.1,262.6,-1.0,91.7,8.3,Healthy,Healthy,-1.0
MAH-AHM-TAG-1616,AHM,Gir Cross,8.3,135,38.97,0.23,38.55,433.4,7.8,259.4,0.2,105.0,-5.0,Sub-clinical,BRD,1.3
MAH-AHM-TAG-1616,AHM,Gir Cross,8.3,158,39.38,0.35,38.95,396.4,15.7,256.0,1.5,87.0,13.0,Sub-clinical,BRD,0.3
MAH-AHM-TAG-1616,AHM,Gir Cross,8.3,201,40.07,0.28,39.61,371.5,21.0,207.7,20.1,73.8,26.2,Clinical,BRD,0.0
MAH-KOL-TAG-1617,KOL,Murrah Buffalo,7.1,124,37.82,-0.14,38.12,474.8,-5.5,230.2,11.5,90.9,9.1,Healthy,Healthy,-1.0
MAH-KOL-TAG-1617,KOL,Murrah Buffalo,7.1,197,37.97,-0.06,38.1,467.0,-3.8,248.5,4.4,99.1,0.9,Healthy,Healthy,-1.0
MAH-KOL-TAG-1617,KOL,Murrah Buffalo,7.1,225,38.45,-0.05,38.16,479.9,-6.6,247.5,4.8,109.9,-9.9,Healthy,Healthy,-1.0
MAH-KOL-TAG-1617,KOL,Murrah Buffalo,7.1,271,38.22,0.03,38.13,471.2,-4.7,249.4,4.1,108.6,-8.6,Healthy,Healthy,-1.0
MAH-PUN-TAG-1618,PUN,Gir Cross,3.5,153,38.93,-0.11,38.73,515.0,-9.6,300.8,-15.7,103.4,-3.4,Healthy,Healthy,-1.0
MAH-PUN-TAG-1618,PUN,Gir Cross,3.5,226,39.37,0.35,38.89,460.3,2.1,282.1,-8.5,105.8,-5.8,Sub-clinical,Mastitis,1.6
MAH-PUN-TAG-1618,PUN,Gir Cross,3.5,254,39.75,0.19,39.31,380.0,19.1,264.2,-1.6,100.7,-0.7,Sub-clinical,Mastitis,0.4
MAH-PUN-TAG-1618,PUN,Gir Cross,3.5,300,40.33,0.28,39.96,338.4,28.0,245.6,5.5,95.8,4.2,Clinical,Mastitis,0.0
MAH-SAT-TAG-1619,SAT,Dangi,8.0,100,38.3,0.06,38.44,454.4,-1.0,235.0,9.6,104.0,-4.0,Healthy,Healthy,-1.0
MAH-SAT-TAG-1619,SAT,Dangi,8.0,175,38.52,-0.11,38.49,447.4,0.6,259.9,0.0,107.7,-7.7,Healthy,Healthy,-1.0
MAH-SAT-TAG-1619,SAT,Dangi,8.0,205,38.68,-0.06,38.48,425.2,5.5,259.1,0.3,119.7,-19.7,Healthy,Healthy,-1.0
MAH-SAT-TAG-1619,SAT,Dangi,8.0,252,38.85,0.0,38.52,438.0,2.7,260.2,-0.1,121.4,-21.4,Healthy,Healthy,-1.0
MAH-AHM-TAG-1620,AHM,Khillari,8.6,79,38.54,0.09,38.42,492.0,-9.3,277.7,-6.8,104.7,-4.7,Healthy,Healthy,-1.0
MAH-AHM-TAG-1620,AHM,Khillari,8.6,153,39.16,0.43,38.63,436.4,3.0,275.0,-5.8,103.6,-3.6,Sub-clinical,LSD,1.6
MAH-AHM-TAG-1620,AHM,Khillari,8.6,182,39.49,0.25,39.07,358.9,20.2,254.4,2.2,97.0,3.0,Sub-clinical,LSD,0.4
MAH-AHM-TAG-1620,AHM,Khillari,8.6,228,40.2,0.09,39.75,324.4,27.9,207.6,20.2,85.1,14.9,Clinical,LSD,0.0
MAH-SOL-TAG-1621,SOL,HF Cross,8.6,120,38.24,-0.12,38.63,475.6,-1.2,223.5,14.0,87.9,12.1,Healthy,Healthy,-1.0
MAH-SOL-TAG-1621,SOL,HF Cross,8.6,192,38.28,0.11,38.65,480.0,-2.1,219.8,15.5,76.4,23.6,Healthy,Healthy,-1.0
MAH-SOL-TAG-1621,SOL,HF Cross,8.6,219,38.44,-0.05,38.68,491.3,-4.5,236.7,9.0,90.5,9.5,Healthy,Healthy,-1.0
MAH-SOL-TAG-1621,SOL,HF Cross,8.6,264,38.3,0.13,38.6,477.0,-1.5,228.8,12.0,86.3,13.7,Healthy,Healthy,-1.0
MAH-KOL-TAG-1622,KOL,Khillari,4.9,81,38.82,-0.16,38.66,481.3,-7.0,264.8,-1.8,109.4,-9.4,Healthy,Healthy,-1.0
MAH-KOL-TAG-1622,KOL,Khillari,4.9,155,39.35,0.21,38.88,426.6,5.2,247.7,4.7,101.9,-1.9,Sub-clinical,BRD,1.6
MAH-KOL-TAG-1622,KOL,Khillari,4.9,184,39.53,0.17,39.24,358.2,20.4,211.2,18.8,90.4,9.6,Sub-clinical,BRD,0.4
MAH-KOL-TAG-1622,KOL,Khillari,4.9,230,40.18,0.27,39.86,298.9,33.6,179.8,30.8,66.9,33.1,Clinical,BRD,0.0
MAH-AHM-TAG-1623,AHM,Gir Cross,5.1,69,38.27,-0.1,38.56,464.4,1.2,239.7,7.8,109.1,-9.1,Healthy,Healthy,-1.0
MAH-AHM-TAG-1623,AHM,Gir Cross,5.1,144,38.56,0.35,38.72,462.1,1.7,224.4,13.7,97.2,2.8,Sub-clinical,BRD,1.7
MAH-AHM-TAG-1623,AHM,Gir Cross,5.1,174,39.34,0.35,39.12,437.3,7.0,208.6,19.8,93.0,7.0,Sub-clinical,BRD,0.5
MAH-AHM-TAG-1623,AHM,Gir Cross,5.1,220,39.67,0.32,39.72,371.6,20.9,172.1,33.8,77.5,22.5,Clinical,BRD,0.0
MAH-PUN-TAG-1624,PUN,Murrah Buffalo,2.8,112,38.58,0.2,38.26,407.6,9.4,283.3,-9.0,100.4,-0.4,Healthy,Healthy,-1.0
MAH-PUN-TAG-1624,PUN,Murrah Buffalo,2.8,182,38.63,0.09,38.29,395.9,12.0,293.3,-12.8,102.5,-2.5,Healthy,Healthy,-1.0
MAH-PUN-TAG-1624,PUN,Murrah Buffalo,2.8,207,38.4,-0.21,38.25,400.0,11.1,297.7,-14.5,103.4,-3.4,Healthy,Healthy,-1.0
MAH-PUN-TAG-1624,PUN,Murrah Buffalo,2.8,252,38.65,0.14,38.27,416.1,7.5,291.7,-12.2,108.3,-8.3,Healthy,Healthy,-1.0
MAH-PUN-TAG-1625,PUN,Gir Cross,5.5,57,38.85,-0.15,38.6,497.9,-5.9,276.2,-6.2,118.6,-18.6,Healthy,Healthy,-1.0
MAH-PUN-TAG-1625,PUN,Gir Cross,5.5,133,38.82,-0.09,38.56,471.9,-0.4,277.6,-6.8,118.7,-18.7,Healthy,Healthy,-1.0
MAH-PUN-TAG-1625,PUN,Gir Cross,5.5,164,38.36,-0.06,38.51,448.5,4.6,237.7,8.6,96.7,3.3,Healthy,Healthy,-1.0
MAH-PUN-TAG-1625,PUN,Gir Cross,5.5,211,38.46,-0.02,38.54,437.9,6.8,245.4,5.6,98.2,1.8,Healthy,Healthy,-1.0
MAH-SAN-TAG-1626,SAN,Khillari,4.4,141,37.97,-0.22,38.34,425.3,5.5,242.1,6.9,92.3,7.7,Healthy,Healthy,-1.0
MAH-SAN-TAG-1626,SAN,Khillari,4.4,211,38.17,-0.01,38.39,405.8,9.8,246.5,5.2,93.4,6.6,Healthy,Healthy,-1.0
MAH-SAN-TAG-1626,SAN,Khillari,4.4,236,38.17,-0.07,38.37,400.5,11.0,259.0,0.4,93.1,6.9,Healthy,Healthy,-1.0
MAH-SAN-TAG-1626,SAN,Khillari,4.4,280,38.49,0.02,38.35,425.0,5.6,274.0,-5.4,108.8,-8.8,Healthy,Healthy,-1.0
MAH-SAN-TAG-1627,SAN,Dangi,5.8,115,38.61,-0.04,38.62,422.3,6.2,240.4,7.5,101.5,-1.5,Healthy,Healthy,-1.0
MAH-SAN-TAG-1627,SAN,Dangi,5.8,184,38.8,0.06,38.63,428.8,4.7,245.1,5.7,109.4,-9.4,Healthy,Healthy,-1.0
MAH-SAN-TAG-1627,SAN,Dangi,5.8,208,38.77,-0.03,38.6,429.8,4.5,247.3,4.9,117.1,-17.1,Healthy,Healthy,-1.0
MAH-SAN-TAG-1627,SAN,Dangi,5.8,252,38.97,0.14,38.62,447.7,0.5,262.7,-1.0,122.5,-22.5,Healthy,Healthy,-1.0
MAH-SAT-TAG-1628,SAT,HF Cross,2.3,67,38.37,0.03,38.46,461.7,1.8,244.5,6.0,94.1,5.9,Healthy,Healthy,-1.0
MAH-SAT-TAG-1628,SAT,HF Cross,2.3,144,38.59,0.3,38.74,431.7,8.1,180.8,30.5,76.3,23.7,Sub-clinical,FMD,1.9
MAH-SAT-TAG-1628,SAT,HF Cross,2.3,178,39.73,0.25,39.33,386.0,17.9,189.2,27.2,90.2,9.8,Sub-clinical,FMD,0.5
MAH-SAT-TAG-1628,SAT,HF Cross,2.3,225,40.61,0.43,40.19,275.8,41.3,127.1,51.1,65.8,34.2,Clinical,FMD,0.0
MAH-SAN-TAG-1629,SAN,HF Cross,5.8,129,38.63,0.1,38.34,472.8,-0.6,276.5,-6.3,113.7,-13.7,Healthy,Healthy,-1.0
MAH-SAN-TAG-1629,SAN,HF Cross,5.8,207,38.51,-0.01,38.35,426.2,9.3,270.9,-4.2,112.2,-12.2,Healthy,Healthy,-1.0
MAH-SAN-TAG-1629,SAN,HF Cross,5.8,240,37.94,-0.19,38.33,452.8,3.7,240.9,7.3,82.9,17.1,Healthy,Healthy,-1.0
MAH-SAN-TAG-1629,SAN,HF Cross,5.8,288,38.02,-0.07,38.33,449.9,4.3,231.4,11.0,87.8,12.2,Healthy,Healthy,-1.0
MAH-AHM-TAG-1630,AHM,Murrah Buffalo,6.8,100,38.16,-0.05,38.28,496.5,-10.3,238.7,8.2,87.0,13.0,Healthy,Healthy,-1.0
MAH-AHM-TAG-1630,AHM,Murrah Buffalo,6.8,172,38.17,0.08,38.32,482.7,-7.3,246.8,5.1,90.7,9.3,Healthy,Healthy,-1.0
MAH-AHM-TAG-1630,AHM,Murrah Buffalo,6.8,199,38.37,-0.18,38.33,468.4,-4.1,265.5,-2.1,89.7,10.3,Healthy,Healthy,-1.0
MAH-AHM-TAG-1630,AHM,Murrah Buffalo,6.8,244,38.16,0.08,38.31,493.2,-9.6,228.7,12.0,98.4,1.6,Healthy,Healthy,-1.0
MAH-AHM-TAG-1631,AHM,Red Kandhari,7.0,151,38.39,0.08,38.27,461.9,-2.6,270.5,-4.0,119.3,-19.3,Healthy,Healthy,-1.0
MAH-AHM-TAG-1631,AHM,Red Kandhari,7.0,223,38.96,0.69,38.49,404.9,10.0,227.1,12.7,101.8,-1.8,Sub-clinical,FMD,1.5
MAH-AHM-TAG-1631,AHM,Red Kandhari,7.0,250,39.59,0.39,39.04,322.6,28.3,204.5,21.3,86.9,13.1,Sub-clinical,FMD,0.4
MAH-AHM-TAG-1631,AHM,Red Kandhari,7.0,295,40.24,0.34,40.03,223.2,50.4,129.0,50.4,64.9,35.1,Clinical,FMD,0.0
MAH-SOL-TAG-1632,SOL,HF Cross,7.1,124,38.27,-0.13,38.51,484.0,-3.0,231.7,10.9,103.5,-3.5,Healthy,Healthy,-1.0
MAH-SOL-TAG-1632,SOL,HF Cross,7.1,199,38.44,-0.09,38.46,455.3,3.1,227.9,12.3,107.7,-7.7,Sub-clinical,Ketosis,1.7
MAH-SOL-TAG-1632,SOL,HF Cross,7.1,229,38.69,0.02,38.37,342.9,27.0,214.3,17.6,115.6,-15.6,Sub-clinical,Ketosis,0.5
MAH-SOL-TAG-1632,SOL,HF Cross,7.1,276,38.4,-0.16,38.25,276.4,41.2,158.7,39.0,99.4,0.6,Clinical,Ketosis,0.0
MAH-SOL-TAG-1633,SOL,Red Kandhari,7.8,93,38.23,-0.07,38.46,441.6,1.9,241.7,7.0,90.2,9.8,Healthy,Healthy,-1.0
MAH-SOL-TAG-1633,SOL,Red Kandhari,7.8,159,38.68,0.0,38.46,389.4,13.5,251.4,3.3,100.9,-0.9,Sub-clinical,Ketosis,1.2
MAH-SOL-TAG-1633,SOL,Red Kandhari,7.8,180,38.76,0.02,38.38,340.3,24.4,213.6,17.8,96.1,3.9,Sub-clinical,Ketosis,0.3
MAH-SOL-TAG-1633,SOL,Red Kandhari,7.8,223,38.18,-0.04,38.21,284.5,36.8,159.1,38.8,72.0,28.0,Clinical,Ketosis,0.0
MAH-PUN-TAG-1634,PUN,Red Kandhari,6.3,144,37.8,-0.19,38.27,417.5,7.2,239.6,7.8,77.5,22.5,Healthy,Healthy,-1.0
MAH-PUN-TAG-1634,PUN,Red Kandhari,6.3,222,38.69,0.27,38.49,409.0,9.1,251.9,3.1,90.6,9.4,Sub-clinical,Mastitis,1.9
MAH-PUN-TAG-1634,PUN,Red Kandhari,6.3,257,39.21,0.28,38.91,304.7,32.3,234.2,9.9,86.5,13.5,Sub-clinical,Mastitis,0.5
MAH-PUN-TAG-1634,PUN,Red Kandhari,6.3,304,39.89,0.25,39.54,236.7,47.4,203.5,21.7,89.5,10.5,Clinical,Mastitis,0.0
MAH-PUN-TAG-1635,PUN,Dangi,6.9,60,38.72,-0.07,38.45,446.2,0.8,268.8,-3.4,125.1,-25.1,Healthy,Healthy,-1.0
MAH-PUN-TAG-1635,PUN,Dangi,6.9,133,38.71,-0.04,38.41,371.8,17.4,232.1,10.7,111.4,-11.4,Sub-clinical,Ketosis,1.7
MAH-PUN-TAG-1635,PUN,Dangi,6.9,163,38.09,-0.18,38.29,303.7,32.5,185.7,28.6,90.0,10.0,Sub-clinical,Ketosis,0.4
MAH-PUN-TAG-1635,PUN,Dangi,6.9,208,38.32,-0.05,38.17,196.6,56.3,148.2,43.0,80.2,19.8,Clinical,Ketosis,0.0
MAH-SAT-TAG-1636,SAT,Dangi,4.1,103,38.48,-0.02,38.44,495.7,-10.2,249.0,4.2,102.4,-2.4,Healthy,Healthy,-1.0
MAH-SAT-TAG-1636,SAT,Dangi,4.1,179,39.43,0.54,38.79,414.4,7.9,231.8,10.8,107.8,-7.8,Sub-clinical,FMD,1.7
MAH-SAT-TAG-1636,SAT,Dangi,4.1,210,39.43,0.36,39.31,310.3,31.0,186.2,28.4,72.0,28.0,Sub-clinical,FMD,0.4
MAH-SAT-TAG-1636,SAT,Dangi,4.1,256,40.49,0.36,40.21,211.7,53.0,123.4,52.5,52.2,47.8,Clinical,FMD,0.0
MAH-SOL-TAG-1637,SOL,Murrah Buffalo,6.0,112,38.5,-0.09,38.45,443.1,1.5,244.8,5.8,106.6,-6.6,Healthy,Healthy,-1.0
MAH-SOL-TAG-1637,SOL,Murrah Buffalo,6.0,179,38.75,0.12,38.4,482.4,-7.2,253.8,2.4,107.5,-7.5,Healthy,Healthy,-1.0
MAH-SOL-TAG-1637,SOL,Murrah Buffalo,6.0,199,38.44,-0.07,38.41,509.4,-13.2,242.3,6.8,97.0,3.0,Healthy,Healthy,-1.0
MAH-SOL-TAG-1637,SOL,Murrah Buffalo,6.0,242,38.13,-0.02,38.42,492.1,-9.4,209.2,19.5,81.3,18.7,Healthy,Healthy,-1.0
MAH-NAS-TAG-1638,NAS,Gir Cross,6.1,132,38.72,-0.02,38.42,480.2,-2.2,285.9,-10.0,119.1,-19.1,Healthy,Healthy,-1.0
MAH-NAS-TAG-1638,NAS,Gir Cross,6.1,205,38.71,0.05,38.41,461.0,1.9,274.3,-5.5,114.7,-14.7,Healthy,Healthy,-1.0
MAH-NAS-TAG-1638,NAS,Gir Cross,6.1,235,38.31,0.05,38.41,463.0,1.5,255.4,1.8,101.9,-1.9,Healthy,Healthy,-1.0
MAH-NAS-TAG-1638,NAS,Gir Cross,6.1,280,38.65,0.2,38.42,458.6,2.4,268.8,-3.4,106.0,-6.0,Healthy,Healthy,-1.0
MAH-SOL-TAG-1639,SOL,Red Kandhari,3.3,122,38.03,0.08,38.35,456.8,-1.5,256.0,1.5,96.0,4.0,Healthy,Healthy,-1.0
MAH-SOL-TAG-1639,SOL,Red Kandhari,3.3,196,38.07,-0.13,38.33,424.1,5.8,246.0,5.4,91.1,8.9,Sub-clinical,Ketosis,1.6
MAH-SOL-TAG-1639,SOL,Red Kandhari,3.3,225,38.3,-0.06,38.21,355.7,21.0,228.0,12.3,102.0,-2.0,Sub-clinical,Ketosis,0.4
MAH-SOL-TAG-1639,SOL,Red Kandhari,3.3,271,38.3,0.14,38.11,276.5,38.6,177.1,31.9,80.7,19.3,Clinical,Ketosis,0.0
MAH-SAT-TAG-1640,SAT,HF Cross,8.8,112,38.76,0.08,38.65,466.1,0.8,280.8,-8.0,102.2,-2.2,Healthy,Healthy,-1.0
MAH-SAT-TAG-1640,SAT,HF Cross,8.8,187,38.51,0.08,38.65,451.4,4.0,259.9,0.0,88.1,11.9,Healthy,Healthy,-1.0
MAH-SAT-TAG-1640,SAT,HF Cross,8.8,217,38.39,0.2,38.65,480.8,-2.3,247.7,4.7,68.3,31.7,Healthy,Healthy,-1.0
MAH-SAT-TAG-1640,SAT,HF Cross,8.8,264,38.29,-0.11,38.62,477.8,-1.7,243.8,6.2,72.1,27.9,Healthy,Healthy,-1.0
MAH-AHM-TAG-1641,AHM,Gir Cross,3.5,129,38.66,0.04,38.39,516.8,-10.0,306.9,-18.0,121.7,-21.7,Healthy,Healthy,-1.0
MAH-AHM-TAG-1641,AHM,Gir Cross,3.5,195,38.63,0.52,38.49,480.7,-2.3,253.7,2.4,86.1,13.9,Sub-clinical,LSD,1.2
MAH-AHM-TAG-1641,AHM,Gir Cross,3.5,216,38.79,0.47,38.92,416.3,11.4,230.3,11.4,71.5,28.5,Sub-clinical,LSD,0.3
MAH-AHM-TAG-1641,AHM,Gir Cross,3.5,259,39.58,0.22,39.71,328.1,30.2,217.3,16.4,60.2,39.8,Clinical,LSD,0.0
MAH-SAN-TAG-1642,SAN,HF Cross,8.3,88,38.87,0.13,38.65,455.6,3.1,274.1,-5.4,109.5,-9.5,Healthy,Healthy,-1.0
MAH-SAN-TAG-1642,SAN,HF Cross,8.3,159,39.19,0.32,38.81,414.3,11.9,260.3,-0.1,111.3,-11.3,Sub-clinical,BRD,1.5
MAH-SAN-TAG-1642,SAN,HF Cross,8.3,185,39.45,0.41,39.19,368.0,21.7,228.3,12.2,89.8,10.2,Sub-clinical,BRD,0.4
MAH-SAN-TAG-1642,SAN,HF Cross,8.3,230,40.22,0.13,39.89,302.4,35.7,214.7,17.4,89.1,10.9,Clinical,BRD,0.0
MAH-SAT-TAG-1643,SAT,Gir Cross,6.6,74,38.35,-0.09,38.74,469.1,0.2,240.1,7.7,84.3,15.7,Healthy,Healthy,-1.0
MAH-SAT-TAG-1643,SAT,Gir Cross,6.6,148,39.12,0.57,38.93,444.5,5.4,228.0,12.3,96.0,4.0,Sub-clinical,Mastitis,1.6
MAH-SAT-TAG-1643,SAT,Gir Cross,6.6,177,39.67,0.2,39.31,383.2,18.5,233.0,10.4,107.8,-7.8,Sub-clinical,Mastitis,0.4
MAH-SAT-TAG-1643,SAT,Gir Cross,6.6,223,40.26,0.42,39.99,313.8,33.2,198.4,23.7,90.1,9.9,Clinical,Mastitis,0.0
MAH-AHM-TAG-1644,AHM,HF Cross,2.6,151,38.74,-0.04,38.62,517.1,-10.0,252.4,2.9,109.7,-9.7,Healthy,Healthy,-1.0
MAH-AHM-TAG-1644,AHM,HF Cross,2.6,228,39.37,0.24,38.85,439.8,6.4,247.8,4.7,106.5,-6.5,Sub-clinical,LSD,1.9
MAH-AHM-TAG-1644,AHM,HF Cross,2.6,262,39.26,0.51,39.24,384.7,18.1,173.4,33.3,61.2,38.8,Sub-clinical,LSD,0.5
MAH-AHM-TAG-1644,AHM,HF Cross,2.6,309,40.01,0.42,39.92,331.7,29.4,148.3,43.0,60.9,39.1,Clinical,LSD,0.0
MAH-SAT-TAG-1645,SAT,Gir Cross,7.2,136,38.86,0.1,38.52,472.7,-0.6,269.5,-3.7,108.8,-8.8,Healthy,Healthy,-1.0
MAH-SAT-TAG-1645,SAT,Gir Cross,7.2,210,38.96,0.45,38.73,430.6,8.4,229.6,11.7,99.0,1.0,Sub-clinical,LSD,1.7
MAH-SAT-TAG-1645,SAT,Gir Cross,7.2,239,38.95,0.4,39.12,401.7,14.5,178.6,31.3,73.6,26.4,Sub-clinical,LSD,0.4
MAH-SAT-TAG-1645,SAT,Gir Cross,7.2,285,39.73,0.2,39.87,332.7,29.2,155.4,40.2,69.0,31.0,Clinical,LSD,0.0
MAH-KOL-TAG-1646,KOL,Dangi,5.8,57,38.74,0.01,38.44,487.2,-8.3,238.4,8.3,105.5,-5.5,Healthy,Healthy,-1.0
MAH-KOL-TAG-1646,KOL,Dangi,5.8,128,39.02,0.33,38.62,446.3,0.8,207.2,20.3,96.1,3.9,Sub-clinical,LSD,1.5
MAH-KOL-TAG-1646,KOL,Dangi,5.8,154,39.57,0.46,39.03,404.8,10.0,196.3,24.5,91.0,9.0,Sub-clinical,LSD,0.4
MAH-KOL-TAG-1646,KOL,Dangi,5.8,199,39.84,0.14,39.78,351.4,21.9,138.8,46.6,65.8,34.2,Clinical,LSD,0.0
MAH-SAN-TAG-1647,SAN,Murrah Buffalo,2.4,100,38.22,0.08,38.37,481.2,-6.9,234.5,9.8,95.1,4.9,Healthy,Healthy,-1.0
MAH-SAN-TAG-1647,SAN,Murrah Buffalo,2.4,167,38.54,0.7,38.51,420.2,6.6,193.7,25.5,73.1,26.9,Sub-clinical,LSD,1.1
MAH-SAN-TAG-1647,SAN,Murrah Buffalo,2.4,187,39.17,0.68,38.95,343.9,23.6,193.5,25.6,78.7,21.3,Sub-clinical,LSD,0.3
MAH-SAN-TAG-1647,SAN,Murrah Buffalo,2.4,230,40.22,0.51,39.7,292.6,35.0,168.2,35.3,77.1,22.9,Clinical,LSD,0.0
MAH-SOL-TAG-1648,SOL,Dangi,2.6,122,38.16,0.12,38.41,497.7,-10.6,229.1,11.9,83.6,16.4,Healthy,Healthy,-1.0
MAH-SOL-TAG-1648,SOL,Dangi,2.6,200,38.64,0.05,38.42,495.9,-10.2,260.7,-0.3,112.6,-12.6,Healthy,Healthy,-1.0
MAH-SOL-TAG-1648,SOL,Dangi,2.6,233,38.58,0.13,38.4,463.5,-3.0,247.4,4.8,98.6,1.4,Healthy,Healthy,-1.0
MAH-SOL-TAG-1648,SOL,Dangi,2.6,280,38.45,-0.02,38.38,460.4,-2.3,245.8,5.5,101.8,-1.8,Healthy,Healthy,-1.0
MAH-PUN-TAG-1649,PUN,Red Kandhari,4.7,160,38.52,0.0,38.3,426.1,5.3,234.2,9.9,116.6,-16.6,Healthy,Healthy,-1.0
MAH-PUN-TAG-1649,PUN,Red Kandhari,4.7,229,38.54,-0.18,38.29,391.4,13.0,219.8,15.5,123.8,-23.8,Sub-clinical,Ketosis,1.4
MAH-PUN-TAG-1649,PUN,Red Kandhari,4.7,253,38.57,0.03,38.17,338.1,24.9,195.8,24.7,115.4,-15.4,Sub-clinical,Ketosis,0.4
MAH-PUN-TAG-1649,PUN,Red Kandhari,4.7,297,38.21,-0.17,38.05,267.6,40.5,140.4,46.0,93.5,6.5,Clinical,Ketosis,0.0
MAH-PUN-TAG-1650,PUN,Red Kandhari,2.3,110,38.91,-0.01,38.54,457.8,-1.7,284.9,-9.6,108.1,-8.1,Healthy,Healthy,-1.0
MAH-PUN-TAG-1650,PUN,Red Kandhari,2.3,188,38.69,0.11,38.74,396.2,12.0,248.5,4.4,76.8,23.2,Sub-clinical,Mastitis,1.9
MAH-PUN-TAG-1650,PUN,Red Kandhari,2.3,221,39.23,0.24,39.12,401.0,10.9,227.1,12.7,85.1,14.9,Sub-clinical,Mastitis,0.5
MAH-PUN-TAG-1650,PUN,Red Kandhari,2.3,268,39.67,0.22,39.76,331.7,26.3,193.3,25.7,62.0,38.0,Clinical,Mastitis,0.0
MAH-AHM-TAG-1651,AHM,Murrah Buffalo,6.7,151,38.64,0.04,38.52,427.5,5.0,275.5,-6.0,108.2,-8.2,Healthy,Healthy,-1.0
MAH-AHM-TAG-1651,AHM,Murrah Buffalo,6.7,226,38.68,-0.12,38.48,360.0,20.0,256.5,1.3,105.6,-5.6,Sub-clinical,Ketosis,1.7
MAH-AHM-TAG-1651,AHM,Murrah Buffalo,6.7,256,38.51,-0.36,38.45,262.9,41.6,226.5,12.9,89.6,10.4,Sub-clinical,Ketosis,0.4
MAH-AHM-TAG-1651,AHM,Murrah Buffalo,6.7,302,38.53,-0.15,38.28,183.4,59.2,181.9,30.0,85.7,14.3,Clinical,Ketosis,0.0
MAH-SOL-TAG-1652,SOL,Dangi,8.4,72,38.33,0.17,38.59,454.7,-1.0,220.3,15.3,80.8,19.2,Healthy,Healthy,-1.0
MAH-SOL-TAG-1652,SOL,Dangi,8.4,144,38.24,0.05,38.54,416.6,7.4,191.3,26.4,73.6,26.4,Sub-clinical,Ketosis,1.5
MAH-SOL-TAG-1652,SOL,Dangi,8.4,171,38.18,-0.02,38.45,366.2,18.6,173.2,33.4,70.6,29.4,Sub-clinical,Ketosis,0.4
MAH-SOL-TAG-1652,SOL,Dangi,8.4,216,37.88,-0.07,38.27,244.8,45.6,115.7,55.5,50.2,49.8,Clinical,Ketosis,0.0
MAH-NAS-TAG-1653,NAS,Murrah Buffalo,3.5,132,38.62,-0.01,38.28,418.4,7.0,274.8,-5.7,110.4,-10.4,Healthy,Healthy,-1.0
MAH-NAS-TAG-1653,NAS,Murrah Buffalo,3.5,207,38.42,-0.06,38.22,422.1,6.2,282.2,-8.5,107.0,-7.0,Healthy,Healthy,-1.0
MAH-NAS-TAG-1653,NAS,Murrah Buffalo,3.5,239,38.0,0.19,38.24,434.1,3.5,242.1,6.9,85.4,14.6,Healthy,Healthy,-1.0
MAH-NAS-TAG-1653,NAS,Murrah Buffalo,3.5,285,37.93,-0.35,38.26,414.4,7.9,252.8,2.8,84.5,15.5,Healthy,Healthy,-1.0
MAH-PUN-TAG-1654,PUN,Gir Cross,2.1,81,38.82,-0.1,38.56,514.0,-9.4,265.7,-2.2,115.4,-15.4,Healthy,Healthy,-1.0
MAH-PUN-TAG-1654,PUN,Gir Cross,2.1,154,38.7,-0.12,38.56,465.1,1.0,255.1,1.9,105.2,-5.2,Sub-clinical,Ketosis,1.6
MAH-PUN-TAG-1654,PUN,Gir Cross,2.1,182,38.54,-0.22,38.42,376.7,19.9,212.6,18.2,102.8,-2.8,Sub-clinical,Ketosis,0.4
MAH-PUN-TAG-1654,PUN,Gir Cross,2.1,228,38.66,0.01,38.31,280.9,40.2,174.0,33.1,92.1,7.9,Clinical,Ketosis,0.0
MAH-PUN-TAG-1655,PUN,Murrah Buffalo,2.6,127,38.65,0.03,38.43,464.7,-3.3,277.6,-6.8,106.5,-6.5,Healthy,Healthy,-1.0
MAH-PUN-TAG-1655,PUN,Murrah Buffalo,2.6,192,38.48,0.46,38.59,392.9,12.7,223.2,14.2,68.6,31.4,Sub-clinical,LSD,1.1
MAH-PUN-TAG-1655,PUN,Murrah Buffalo,2.6,211,39.05,0.41,38.96,322.8,28.3,216.5,16.7,69.0,31.0,Sub-clinical,LSD,0.3
MAH-PUN-TAG-1655,PUN,Murrah Buffalo,2.6,254,40.03,0.06,39.74,269.7,40.1,191.1,26.5,75.6,24.4,Clinical,LSD,0.0
MAH-SAN-TAG-1656,SAN,Dangi,2.9,158,38.86,-0.03,38.63,421.2,6.4,255.5,1.7,108.9,-8.9,Healthy,Healthy,-1.0
MAH-SAN-TAG-1656,SAN,Dangi,2.9,237,38.33,0.01,38.59,422.8,6.0,228.7,12.0,82.1,17.9,Healthy,Healthy,-1.0
MAH-SAN-TAG-1656,SAN,Dangi,2.9,271,38.74,-0.08,38.61,485.5,-7.9,258.9,0.4,97.9,2.1,Healthy,Healthy,-1.0
MAH-SAN-TAG-1656,SAN,Dangi,2.9,319,38.83,0.19,38.6,481.7,-7.0,259.4,0.2,95.2,4.8,Healthy,Healthy,-1.0
MAH-SAN-TAG-1657,SAN,HF Cross,8.8,60,38.69,0.0,38.45,508.0,-8.1,269.1,-3.5,104.7,-4.7,Healthy,Healthy,-1.0
MAH-SAN-TAG-1657,SAN,HF Cross,8.8,132,38.79,0.13,38.44,496.1,-5.6,272.7,-4.9,106.8,-6.8,Healthy,Healthy,-1.0
MAH-SAN-TAG-1657,SAN,HF Cross,8.8,159,38.65,-0.02,38.45,472.3,-0.5,254.5,2.1,102.1,-2.1,Healthy,Healthy,-1.0
MAH-SAN-TAG-1657,SAN,HF Cross,8.8,204,38.76,0.08,38.43,512.2,-9.0,263.4,-1.3,105.1,-5.1,Healthy,Healthy,-1.0
MAH-AHM-TAG-1658,AHM,Murrah Buffalo,6.0,120,37.87,0.0,38.22,483.9,-7.5,254.3,2.2,79.5,20.5,Healthy,Healthy,-1.0
MAH-AHM-TAG-1658,AHM,Murrah Buffalo,6.0,186,38.25,-0.15,38.25,448.5,0.3,255.8,1.6,93.8,6.2,Healthy,Healthy,-1.0
MAH-AHM-TAG-1658,AHM,Murrah Buffalo,6.0,206,38.53,0.0,38.24,475.3,-5.6,299.6,-15.2,105.8,-5.8,Healthy,Healthy,-1.0
MAH-AHM-TAG-1658,AHM,Murrah Buffalo,6.0,249,38.51,-0.09,38.24,512.6,-13.9,285.4,-9.8,104.0,-4.0,Healthy,Healthy,-1.0
MAH-PUN-TAG-1659,PUN,Gir Cross,6.6,132,38.91,-0.07,38.5,465.1,1.0,291.6,-12.2,123.6,-23.6,Healthy,Healthy,-1.0
MAH-PUN-TAG-1659,PUN,Gir Cross,6.6,206,38.83,0.04,38.5,441.0,6.2,288.1,-10.8,117.3,-17.3,Healthy,Healthy,-1.0
MAH-PUN-TAG-1659,PUN,Gir Cross,6.6,237,38.37,0.11,38.51,433.9,7.7,264.3,-1.7,91.8,8.2,Healthy,Healthy,-1.0
MAH-PUN-TAG-1659,PUN,Gir Cross,6.6,283,38.3,0.01,38.48,435.5,7.3,260.6,-0.2,99.1,0.9,Healthy,Healthy,-1.0
MAH-AHM-TAG-1660,AHM,Dangi,4.1,160,38.62,-0.13,38.48,406.0,9.8,276.6,-6.4,95.1,4.9,Healthy,Healthy,-1.0
MAH-AHM-TAG-1660,AHM,Dangi,4.1,238,38.37,0.22,38.67,405.5,9.9,215.7,17.0,75.0,25.0,Sub-clinical,LSD,1.9
MAH-AHM-TAG-1660,AHM,Dangi,4.1,272,39.51,0.42,39.13,394.4,12.4,231.1,11.1,80.8,19.2,Sub-clinical,LSD,0.5
MAH-AHM-TAG-1660,AHM,Dangi,4.1,319,40.08,0.42,39.79,336.2,25.3,173.1,33.4,55.4,44.6,Clinical,LSD,0.0
MAH-SOL-TAG-1661,SOL,HF Cross,3.6,110,39.0,0.24,38.62,444.7,5.4,277.9,-6.9,115.3,-15.3,Healthy,Healthy,-1.0
MAH-SOL-TAG-1661,SOL,HF Cross,3.6,177,38.99,0.12,38.65,481.3,-2.4,268.4,-3.2,118.1,-18.1,Healthy,Healthy,-1.0
MAH-SOL-TAG-1661,SOL,HF Cross,3.6,199,38.77,-0.1,38.63,486.0,-3.4,262.6,-1.0,105.6,-5.6,Healthy,Healthy,-1.0
MAH-SOL-TAG-1661,SOL,HF Cross,3.6,242,38.37,-0.08,38.61,471.1,-0.2,253.4,2.5,88.9,11.1,Healthy,Healthy,-1.0
MAH-SOL-TAG-1662,SOL,Gir Cross,8.6,74,38.42,0.08,38.65,495.9,-5.5,206.6,20.5,90.2,9.8,Healthy,Healthy,-1.0
MAH-SOL-TAG-1662,SOL,Gir Cross,8.6,143,38.88,0.52,38.87,396.4,15.7,162.3,37.6,82.5,17.5,Sub-clinical,FMD,1.3
MAH-SOL-TAG-1662,SOL,Gir Cross,8.6,167,39.37,0.49,39.45,351.7,25.2,128.9,50.4,62.2,37.8,Sub-clinical,FMD,0.3
MAH-SOL-TAG-1662,SOL,Gir Cross,8.6,211,40.41,0.41,40.41,200.2,57.4,85.8,67.0,49.8,50.2,Clinical,FMD,0.0
MAH-PUN-TAG-1663,PUN,Red Kandhari,8.9,141,38.24,0.11,38.48,485.4,-7.9,262.6,-1.0,80.2,19.8,Healthy,Healthy,-1.0
MAH-PUN-TAG-1663,PUN,Red Kandhari,8.9,217,38.08,-0.06,38.41,497.5,-10.6,266.9,-2.7,85.5,14.5,Healthy,Healthy,-1.0
MAH-PUN-TAG-1663,PUN,Red Kandhari,8.9,248,38.72,0.09,38.47,517.2,-14.9,275.5,-6.0,104.2,-4.2,Healthy,Healthy,-1.0
MAH-PUN-TAG-1663,PUN,Red Kandhari,8.9,295,38.56,0.02,38.47,519.3,-15.4,285.8,-9.9,91.9,8.1,Healthy,Healthy,-1.0
MAH-NAS-TAG-1664,NAS,Red Kandhari,8.4,103,38.56,-0.03,38.43,437.4,2.8,281.7,-8.3,112.1,-12.1,Healthy,Healthy,-1.0
MAH-NAS-TAG-1664,NAS,Red Kandhari,8.4,180,39.3,0.52,38.69,361.9,19.6,249.1,4.2,102.3,-2.3,Sub-clinical,FMD,1.8
MAH-NAS-TAG-1664,NAS,Red Kandhari,8.4,212,39.25,0.3,39.22,263.0,41.6,193.0,25.8,64.1,35.9,Sub-clinical,FMD,0.5
MAH-NAS-TAG-1664,NAS,Red Kandhari,8.4,259,40.28,0.61,40.09,163.9,63.6,140.0,46.2,50.0,50.0,Clinical,FMD,0.0
MAH-NAS-TAG-1665,NAS,HF Cross,5.1,132,38.77,0.09,38.49,482.9,-2.7,306.7,-18.0,113.6,-13.6,Healthy,Healthy,-1.0
MAH-NAS-TAG-1665,NAS,HF Cross,5.1,199,38.94,0.32,38.6,490.3,-4.3,267.7,-3.0,100.6,-0.6,Sub-clinical,BRD,1.2
MAH-NAS-TAG-1665,NAS,HF Cross,5.1,220,39.06,0.48,38.94,438.8,6.6,231.3,11.0,78.4,21.6,Sub-clinical,BRD,0.3
MAH-NAS-TAG-1665,NAS,HF Cross,5.1,264,39.56,0.45,39.61,350.9,25.3,173.5,33.3,56.5,43.5,Clinical,BRD,0.0
MAH-PUN-TAG-1666,PUN,HF Cross,4.1,163,38.39,0.13,38.43,461.8,1.7,253.5,2.5,96.5,3.5,Healthy,Healthy,-1.0
MAH-PUN-TAG-1666,PUN,HF Cross,4.1,240,38.49,0.38,38.73,442.3,5.9,218.9,15.8,70.0,30.0,Sub-clinical,FMD,1.8
MAH-PUN-TAG-1666,PUN,HF Cross,4.1,272,39.74,0.51,39.31,390.3,17.0,191.0,26.5,86.9,13.1,Sub-clinical,FMD,0.5
MAH-PUN-TAG-1666,PUN,HF Cross,4.1,319,40.39,0.23,40.19,284.8,39.4,136.8,47.4,51.6,48.4,Clinical,FMD,0.0
MAH-SOL-TAG-1667,SOL,Dangi,5.7,136,38.76,-0.23,38.6,387.5,13.9,288.3,-10.9,112.6,-12.6,Healthy,Healthy,-1.0
MAH-SOL-TAG-1667,SOL,Dangi,5.7,204,39.24,0.47,38.75,399.8,11.2,286.9,-10.3,106.5,-6.5,Sub-clinical,BRD,1.2
MAH-SOL-TAG-1667,SOL,Dangi,5.7,225,39.52,0.24,39.12,371.9,17.4,246.4,5.2,97.4,2.6,Sub-clinical,BRD,0.3
MAH-SOL-TAG-1667,SOL,Dangi,5.7,268,39.66,0.2,39.77,310.9,30.9,192.4,26.0,68.2,31.8,Clinical,BRD,0.0
MAH-AHM-TAG-1668,AHM,Red Kandhari,4.1,156,38.87,-0.15,38.58,446.0,0.9,269.5,-3.7,122.9,-22.9,Healthy,Healthy,-1.0
MAH-AHM-TAG-1668,AHM,Red Kandhari,4.1,226,39.38,0.58,38.81,407.3,9.5,240.2,7.6,108.0,-8.0,Sub-clinical,FMD,1.4
MAH-AHM-TAG-1668,AHM,Red Kandhari,4.1,250,39.83,0.45,39.31,338.8,24.7,188.4,27.5,92.4,7.6,Sub-clinical,FMD,0.4
MAH-AHM-TAG-1668,AHM,Red Kandhari,4.1,295,40.45,0.28,40.27,251.9,44.0,129.8,50.1,61.5,38.5,Clinical,FMD,0.0
MAH-PUN-TAG-1669,PUN,Khillari,3.6,52,38.03,-0.13,38.31,463.5,-3.0,271.1,-4.3,102.1,-2.1,Healthy,Healthy,-1.0
MAH-PUN-TAG-1669,PUN,Khillari,3.6,121,38.5,0.57,38.49,429.8,4.5,261.6,-0.6,85.9,14.1,Sub-clinical,Mastitis,1.4
MAH-PUN-TAG-1669,PUN,Khillari,3.6,145,38.67,0.17,38.91,357.1,20.6,233.8,10.1,76.9,23.1,Sub-clinical,Mastitis,0.4
MAH-PUN-TAG-1669,PUN,Khillari,3.6,189,39.55,0.3,39.61,262.9,41.6,206.5,20.6,78.8,21.2,Clinical,Mastitis,0.0
MAH-SOL-TAG-1670,SOL,Murrah Buffalo,6.5,148,38.04,-0.13,38.23,478.4,-6.3,240.0,7.7,95.2,4.8,Healthy,Healthy,-1.0
MAH-SOL-TAG-1670,SOL,Murrah Buffalo,6.5,216,38.25,0.39,38.42,388.9,13.6,202.4,22.2,69.9,30.1,Sub-clinical,FMD,1.2
MAH-SOL-TAG-1670,SOL,Murrah Buffalo,6.5,237,39.13,0.64,38.97,317.6,29.4,150.8,42.0,72.9,27.1,Sub-clinical,FMD,0.3
MAH-SOL-TAG-1670,SOL,Murrah Buffalo,6.5,280,40.4,0.4,40.0,193.0,57.1,117.7,54.7,57.9,42.1,Clinical,FMD,0.0
MAH-SAN-TAG-1671,SAN,Dangi,3.0,48,38.14,0.09,38.47,438.1,2.6,251.4,3.3,95.6,4.4,Healthy,Healthy,-1.0
MAH-SAN-TAG-1671,SAN,Dangi,3.0,120,38.18,0.11,38.43,426.4,5.2,258.7,0.5,95.3,4.7,Healthy,Healthy,-1.0
MAH-SAN-TAG-1671,SAN,Dangi,3.0,149,38.22,-0.17,38.46,459.7,-2.2,271.3,-4.3,101.0,-1.0,Healthy,Healthy,-1.0
MAH-SAN-TAG-1671,SAN,Dangi,3.0,194,38.09,-0.18,38.42,458.9,-2.0,264.0,-1.5,94.1,5.9,Healthy,Healthy,-1.0
MAH-AHM-TAG-1672,AHM,HF Cross,4.1,67,38.28,-0.01,38.47,429.8,8.6,272.8,-4.9,91.4,8.6,Healthy,Healthy,-1.0
MAH-AHM-TAG-1672,AHM,HF Cross,4.1,137,38.94,0.27,38.64,399.8,14.9,256.3,1.4,97.7,2.3,Sub-clinical,Mastitis,1.4
MAH-AHM-TAG-1672,AHM,HF Cross,4.1,162,39.21,0.38,39.03,329.4,29.9,230.2,11.5,79.8,20.2,Sub-clinical,Mastitis,0.3
MAH-AHM-TAG-1672,AHM,HF Cross,4.1,206,40.11,0.21,39.74,274.3,41.6,215.8,17.0,83.6,16.4,Clinical,Mastitis,0.0
MAH-SAT-TAG-1673,SAT,Khillari,3.8,141,38.13,0.11,38.27,461.4,-2.5,252.6,2.8,98.9,1.1,Healthy,Healthy,-1.0
MAH-SAT-TAG-1673,SAT,Khillari,3.8,209,38.88,0.6,38.43,403.5,10.3,242.6,6.7,95.6,4.4,Sub-clinical,Mastitis,1.3
MAH-SAT-TAG-1673,SAT,Khillari,3.8,232,39.14,0.29,38.85,344.6,23.4,239.8,7.8,101.2,-1.2,Sub-clinical,Mastitis,0.3
MAH-SAT-TAG-1673,SAT,Khillari,3.8,276,40.11,0.33,39.56,302.2,32.8,219.3,15.7,102.1,-2.1,Clinical,Mastitis,0.0
MAH-SOL-TAG-1674,SOL,Red Kandhari,8.9,86,39.16,0.17,38.75,458.9,-2.0,273.2,-5.1,110.8,-10.8,Healthy,Healthy,-1.0
MAH-SOL-TAG-1674,SOL,Red Kandhari,8.9,163,38.56,0.01,38.68,388.5,13.7,217.3,16.4,86.8,13.2,Sub-clinical,Ketosis,1.8
MAH-SOL-TAG-1674,SOL,Red Kandhari,8.9,195,38.4,-0.03,38.63,369.5,17.9,182.8,29.7,70.0,30.0,Sub-clinical,Ketosis,0.5
MAH-SOL-TAG-1674,SOL,Red Kandhari,8.9,242,38.08,-0.11,38.48,274.3,39.0,131.2,49.5,66.0,34.0,Clinical,Ketosis,0.0
MAH-AHM-TAG-1675,AHM,Dangi,5.1,129,38.8,0.1,38.61,471.4,-4.8,279.0,-7.3,114.5,-14.5,Healthy,Healthy,-1.0
MAH-AHM-TAG-1675,AHM,Dangi,5.1,194,38.17,-0.06,38.57,467.3,-3.8,239.2,8.0,90.8,9.2,Healthy,Healthy,-1.0
MAH-AHM-TAG-1675,AHM,Dangi,5.1,214,38.43,0.32,38.57,432.2,4.0,227.5,12.5,85.5,14.5,Healthy,Healthy,-1.0
MAH-AHM-TAG-1675,AHM,Dangi,5.1,256,38.75,-0.17,38.61,423.3,5.9,263.1,-1.2,108.4,-8.4,Healthy,Healthy,-1.0
MAH-SAT-TAG-1676,SAT,Dangi,8.3,112,38.89,0.27,38.6,381.3,15.3,276.4,-6.3,109.3,-9.3,Healthy,Healthy,-1.0
MAH-SAT-TAG-1676,SAT,Dangi,8.3,185,38.58,-0.21,38.54,332.9,26.0,252.9,2.7,101.5,-1.5,Sub-clinical,Ketosis,1.6
MAH-SAT-TAG-1676,SAT,Dangi,8.3,213,38.1,-0.03,38.44,283.6,37.0,194.0,25.4,77.1,22.9,Sub-clinical,Ketosis,0.4
MAH-SAT-TAG-1676,SAT,Dangi,8.3,259,38.2,0.08,38.3,190.5,57.7,148.3,43.0,66.3,33.7,Clinical,Ketosis,0.0
MAH-KOL-TAG-1677,KOL,Gir Cross,7.0,50,38.34,0.05,38.66,459.2,2.3,238.7,8.2,79.9,20.1,Healthy,Healthy,-1.0
MAH-KOL-TAG-1677,KOL,Gir Cross,7.0,120,38.26,-0.17,38.62,401.9,14.5,196.1,24.6,69.4,30.6,Sub-clinical,Ketosis,1.4
MAH-KOL-TAG-1677,KOL,Gir Cross,7.0,145,38.23,-0.02,38.56,338.5,28.0,176.3,32.2,66.9,33.1,Sub-clinical,Ketosis,0.4
MAH-KOL-TAG-1677,KOL,Gir Cross,7.0,189,38.07,-0.1,38.37,236.8,49.6,120.0,53.8,51.9,48.1,Clinical,Ketosis,0.0
MAH-PUN-TAG-1678,PUN,Red Kandhari,4.0,151,38.52,-0.07,38.57,484.4,-7.6,255.3,1.8,94.2,5.8,Healthy,Healthy,-1.0
MAH-PUN-TAG-1678,PUN,Red Kandhari,4.0,228,39.39,0.34,38.89,392.2,12.8,241.8,7.0,93.0,7.0,Sub-clinical,FMD,1.8
MAH-PUN-TAG-1678,PUN,Red Kandhari,4.0,260,39.56,0.53,39.43,316.7,29.6,173.1,33.4,56.3,43.7,Sub-clinical,FMD,0.5
MAH-PUN-TAG-1678,PUN,Red Kandhari,4.0,307,40.46,0.46,40.3,197.5,56.1,113.7,56.3,35.9,64.1,Clinical,FMD,0.0
MAH-KOL-TAG-1679,KOL,Dangi,8.0,55,38.78,0.1,38.59,459.3,-2.1,280.8,-8.0,97.7,2.3,Healthy,Healthy,-1.0
MAH-KOL-TAG-1679,KOL,Dangi,8.0,132,38.87,-0.19,38.54,369.4,17.9,270.0,-3.8,105.5,-5.5,Sub-clinical,Ketosis,1.8
MAH-KOL-TAG-1679,KOL,Dangi,8.0,164,38.49,0.06,38.48,292.3,35.0,203.7,21.7,78.0,22.0,Sub-clinical,Ketosis,0.5
MAH-KOL-TAG-1679,KOL,Dangi,8.0,211,38.1,-0.01,38.33,176.9,60.7,153.2,41.1,61.3,38.7,Clinical,Ketosis,0.0
MAH-KOL-TAG-1680,KOL,Red Kandhari,5.5,110,38.67,0.23,38.3,451.0,-0.2,272.6,-4.8,99.3,0.7,Healthy,Healthy,-1.0
MAH-KOL-TAG-1680,KOL,Red Kandhari,5.5,187,38.56,0.22,38.52,397.9,11.6,242.3,6.8,76.7,23.3,Sub-clinical,Mastitis,1.8
MAH-KOL-TAG-1680,KOL,Red Kandhari,5.5,219,38.85,0.28,38.9,408.9,9.1,215.6,17.1,64.3,35.7,Sub-clinical,Mastitis,0.5
MAH-KOL-TAG-1680,KOL,Red Kandhari,5.5,266,39.38,0.27,39.51,325.7,27.6,178.2,31.5,54.8,45.2,Clinical,Mastitis,0.0
MAH-SOL-TAG-1681,SOL,Dangi,8.6,91,38.45,-0.06,38.52,433.7,3.6,273.0,-5.0,95.3,4.7,Healthy,Healthy,-1.0
MAH-SOL-TAG-1681,SOL,Dangi,8.6,157,38.83,0.05,38.52,464.2,-3.2,289.5,-11.3,120.6,-20.6,Healthy,Healthy,-1.0
MAH-SOL-TAG-1681,SOL,Dangi,8.6,177,38.78,0.03,38.52,477.5,-6.1,292.1,-12.3,111.8,-11.8,Healthy,Healthy,-1.0
MAH-SOL-TAG-1681,SOL,Dangi,8.6,220,38.22,-0.24,38.52,491.3,-9.2,258.4,0.6,97.3,2.7,Healthy,Healthy,-1.0
MAH-PUN-TAG-1682,PUN,Khillari,4.2,64,38.52,-0.24,38.45,391.2,13.1,263.0,-1.2,107.6,-7.6,Healthy,Healthy,-1.0
MAH-PUN-TAG-1682,PUN,Khillari,4.2,134,39.26,0.44,38.68,321.3,28.6,231.9,10.8,104.9,-4.9,Sub-clinical,FMD,1.4
MAH-PUN-TAG-1682,PUN,Khillari,4.2,159,39.65,0.31,39.26,261.7,41.8,195.0,25.0,83.9,16.1,Sub-clinical,FMD,0.4
MAH-PUN-TAG-1682,PUN,Khillari,4.2,204,40.74,0.38,40.23,183.1,59.3,129.7,50.1,72.8,27.2,Clinical,FMD,0.0
MAH-AHM-TAG-1683,AHM,Red Kandhari,4.9,148,38.18,-0.14,38.44,507.8,-12.8,215.8,17.0,91.9,8.1,Healthy,Healthy,-1.0
MAH-AHM-TAG-1683,AHM,Red Kandhari,4.9,215,38.7,0.5,38.64,411.6,8.5,191.9,26.2,69.4,30.6,Sub-clinical,FMD,1.1
MAH-AHM-TAG-1683,AHM,Red Kandhari,4.9,235,39.47,0.76,39.16,324.1,28.0,160.2,38.4,71.5,28.5,Sub-clinical,FMD,0.3
MAH-AHM-TAG-1683,AHM,Red Kandhari,4.9,278,40.75,0.47,40.21,230.1,48.9,124.4,52.2,64.3,35.7,Clinical,FMD,0.0
MAH-SOL-TAG-1684,SOL,HF Cross,4.4,67,38.4,0.03,38.47,414.3,11.9,260.7,-0.3,106.0,-6.0,Healthy,Healthy,-1.0
MAH-SOL-TAG-1684,SOL,HF Cross,4.4,137,38.66,0.15,38.47,426.2,9.3,276.0,-6.2,108.3,-8.3,Healthy,Healthy,-1.0
MAH-SOL-TAG-1684,SOL,HF Cross,4.4,162,38.54,0.03,38.5,429.6,8.6,264.2,-1.6,104.9,-4.9,Healthy,Healthy,-1.0
MAH-SOL-TAG-1684,SOL,HF Cross,4.4,206,38.79,-0.04,38.52,439.9,6.4,283.2,-8.9,111.7,-11.7,Healthy,Healthy,-1.0
MAH-SOL-TAG-1685,SOL,Red Kandhari,7.5,146,38.36,-0.15,38.72,454.7,-1.0,252.0,3.1,95.7,4.3,Healthy,Healthy,-1.0
MAH-SOL-TAG-1685,SOL,Red Kandhari,7.5,217,38.25,-0.16,38.69,442.1,1.8,238.6,8.2,85.5,14.5,Healthy,Healthy,-1.0
MAH-SOL-TAG-1685,SOL,Red Kandhari,7.5,243,38.4,-0.13,38.7,440.1,2.2,251.4,3.3,88.7,11.3,Healthy,Healthy,-1.0
MAH-SOL-TAG-1685,SOL,Red Kandhari,7.5,288,38.25,-0.1,38.7,433.3,3.7,245.6,5.5,89.2,10.8,Healthy,Healthy,-1.0
MAH-SAN-TAG-1686,SAN,Gir Cross,5.2,84,38.78,0.05,38.56,438.0,6.8,275.1,-5.8,116.9,-16.9,Healthy,Healthy,-1.0
MAH-SAN-TAG-1686,SAN,Gir Cross,5.2,160,39.09,0.17,38.79,384.4,18.2,241.9,7.0,91.1,8.9,Sub-clinical,LSD,1.8
MAH-SAN-TAG-1686,SAN,Gir Cross,5.2,193,39.15,0.4,39.19,381.7,18.8,196.9,24.3,59.0,41.0,Sub-clinical,LSD,0.5
MAH-SAN-TAG-1686,SAN,Gir Cross,5.2,240,39.58,0.21,39.84,309.2,34.2,147.0,43.5,43.7,56.3,Clinical,LSD,0.0
MAH-AHM-TAG-1687,AHM,Gir Cross,4.8,160,38.71,-0.09,38.62,462.0,1.7,284.3,-9.3,113.3,-13.3,Healthy,Healthy,-1.0
MAH-AHM-TAG-1687,AHM,Gir Cross,4.8,231,38.77,-0.05,38.6,429.9,8.5,262.2,-0.8,116.8,-16.8,Sub-clinical,Ketosis,1.5
MAH-AHM-TAG-1687,AHM,Gir Cross,4.8,257,38.46,-0.08,38.49,346.6,26.3,214.2,17.6,97.2,2.8,Sub-clinical,Ketosis,0.4
MAH-AHM-TAG-1687,AHM,Gir Cross,4.8,302,38.71,-0.09,38.35,283.5,39.7,164.1,36.9,96.2,3.8,Clinical,Ketosis,0.0
MAH-SAT-TAG-1688,SAT,Red Kandhari,5.3,81,38.83,0.07,38.56,468.2,-4.0,281.3,-8.2,104.2,-4.2,Healthy,Healthy,-1.0
MAH-SAT-TAG-1688,SAT,Red Kandhari,5.3,155,39.01,0.02,38.58,463.5,-3.0,273.7,-5.3,108.8,-8.8,Healthy,Healthy,-1.0
MAH-SAT-TAG-1688,SAT,Red Kandhari,5.3,184,38.69,0.0,38.58,432.6,3.9,272.4,-4.8,106.4,-6.4,Healthy,Healthy,-1.0
MAH-SAT-TAG-1688,SAT,Red Kandhari,5.3,230,38.9,-0.04,38.6,437.4,2.8,281.2,-8.2,108.3,-8.3,Healthy,Healthy,-1.0
MAH-SAN-TAG-1689,SAN,Murrah Buffalo,8.0,98,38.16,-0.15,38.51,428.9,4.7,254.1,2.3,87.2,12.8,Healthy,Healthy,-1.0
MAH-SAN-TAG-1689,SAN,Murrah Buffalo,8.0,165,38.3,0.01,38.5,388.5,13.7,240.7,7.4,86.2,13.8,Healthy,Healthy,-1.0
MAH-SAN-TAG-1689,SAN,Murrah Buffalo,8.0,187,38.52,0.07,38.54,393.1,12.6,260.4,-0.2,94.1,5.9,Healthy,Healthy,-1.0
MAH-SAN-TAG-1689,SAN,Murrah Buffalo,8.0,230,38.91,0.08,38.54,399.5,11.2,283.1,-8.9,115.8,-15.8,Healthy,Healthy,-1.0
MAH-NAS-TAG-1690,NAS,Murrah Buffalo,4.2,91,38.36,0.0,38.42,402.8,10.5,269.0,-3.5,83.8,16.2,Healthy,Healthy,-1.0
MAH-NAS-TAG-1690,NAS,Murrah Buffalo,4.2,169,38.1,0.09,38.45,436.9,2.9,259.9,0.0,78.2,21.8,Healthy,Healthy,-1.0
MAH-NAS-TAG-1690,NAS,Murrah Buffalo,4.2,204,38.83,0.08,38.45,430.6,4.3,300.9,-15.7,102.2,-2.2,Healthy,Healthy,-1.0
MAH-NAS-TAG-1690,NAS,Murrah Buffalo,4.2,252,38.69,-0.19,38.45,433.4,3.7,312.1,-20.0,100.6,-0.6,Healthy,Healthy,-1.0
MAH-SAN-TAG-1691,SAN,Dangi,7.1,163,38.46,0.07,38.55,437.3,2.8,220.3,15.3,103.2,-3.2,Healthy,Healthy,-1.0
MAH-SAN-TAG-1691,SAN,Dangi,7.1,238,38.28,0.09,38.58,470.6,-4.6,228.4,12.2,86.4,13.6,Healthy,Healthy,-1.0
MAH-SAN-TAG-1691,SAN,Dangi,7.1,268,38.58,0.21,38.57,504.7,-12.2,222.3,14.5,96.8,3.2,Healthy,Healthy,-1.0
MAH-SAN-TAG-1691,SAN,Dangi,7.1,314,38.24,-0.02,38.56,482.3,-7.2,224.6,13.6,87.8,12.2,Healthy,Healthy,-1.0
MAH-SOL-TAG-1692,SOL,Khillari,5.4,48,38.03,-0.1,38.28,443.8,1.4,251.3,3.3,89.2,10.8,Healthy,Healthy,-1.0
MAH-SOL-TAG-1692,SOL,Khillari,5.4,124,38.46,0.2,38.51,437.0,2.9,238.4,8.3,83.1,16.9,Sub-clinical,BRD,1.8
MAH-SOL-TAG-1692,SOL,Khillari,5.4,157,39.38,0.31,38.92,369.4,17.9,241.8,7.0,91.0,9.0,Sub-clinical,BRD,0.5
MAH-SOL-TAG-1692,SOL,Khillari,5.4,204,39.99,0.2,39.53,315.7,29.8,218.6,15.9,76.6,23.4,Clinical,BRD,0.0
MAH-PUN-TAG-1693,PUN,Khillari,6.7,139,38.14,-0.18,38.29,405.8,9.8,278.6,-7.2,110.1,-10.1,Healthy,Healthy,-1.0
MAH-PUN-TAG-1693,PUN,Khillari,6.7,206,38.95,0.38,38.43,370.7,17.6,271.9,-4.6,121.4,-21.4,Sub-clinical,BRD,1.2
MAH-PUN-TAG-1693,PUN,Khillari,6.7,228,39.37,0.45,38.82,350.2,22.2,247.5,4.8,113.6,-13.6,Sub-clinical,BRD,0.3
MAH-PUN-TAG-1693,PUN,Khillari,6.7,271,39.69,0.33,39.47,311.6,30.8,204.1,21.5,82.1,17.9,Clinical,BRD,0.0
MAH-SAT-TAG-1694,SAT,Murrah Buffalo,5.4,62,38.92,0.01,38.69,426.4,5.2,282.4,-8.6,117.0,-17.0,Healthy,Healthy,-1.0
MAH-SAT-TAG-1694,SAT,Murrah Buffalo,5.4,139,38.94,0.33,38.91,396.0,12.0,238.6,8.2,112.1,-12.1,Sub-clinical,Mastitis,1.8
MAH-SAT-TAG-1694,SAT,Murrah Buffalo,5.4,171,39.1,0.17,39.31,388.8,13.6,205.9,20.8,93.5,6.5,Sub-clinical,Mastitis,0.5
MAH-SAT-TAG-1694,SAT,Murrah Buffalo,5.4,218,39.71,0.14,39.94,331.0,26.4,171.4,34.1,73.6,26.4,Clinical,Mastitis,0.0
MAH-SAN-TAG-1695,SAN,Gir Cross,4.8,60,39.14,0.07,38.79,478.3,-1.8,271.9,-4.6,115.0,-15.0,Healthy,Healthy,-1.0
MAH-SAN-TAG-1695,SAN,Gir Cross,4.8,133,39.48,0.27,39.01,417.2,11.2,245.5,5.6,106.6,-6.6,Sub-clinical,FMD,1.7
MAH-SAN-TAG-1695,SAN,Gir Cross,4.8,163,39.58,0.37,39.57,302.4,35.7,170.6,34.4,67.3,32.7,Sub-clinical,FMD,0.4
MAH-SAN-TAG-1695,SAN,Gir Cross,4.8,208,40.91,0.7,40.45,224.1,52.3,122.5,52.9,60.4,39.6,Clinical,FMD,0.0
MAH-SAT-TAG-1696,SAT,Dangi,4.9,163,38.27,0.07,38.35,438.8,2.5,256.1,1.5,98.7,1.3,Healthy,Healthy,-1.0
MAH-SAT-TAG-1696,SAT,Dangi,4.9,231,38.97,0.46,38.56,370.7,17.6,241.9,7.0,95.5,4.5,Sub-clinical,FMD,1.3
MAH-SAT-TAG-1696,SAT,Dangi,4.9,254,39.78,0.61,39.13,309.0,31.3,210.1,19.2,84.9,15.1,Sub-clinical,FMD,0.3
MAH-SAT-TAG-1696,SAT,Dangi,4.9,297,40.51,0.47,40.09,251.9,44.0,142.1,45.3,61.0,39.0,Clinical,FMD,0.0
MAH-NAS-TAG-1697,NAS,Khillari,8.3,50,38.17,0.07,38.48,457.9,-1.8,242.8,6.6,93.0,7.0,Healthy,Healthy,-1.0
MAH-NAS-TAG-1697,NAS,Khillari,8.3,123,38.23,-0.09,38.48,415.0,7.8,221.2,14.9,85.6,14.4,Sub-clinical,Ketosis,1.6
MAH-NAS-TAG-1697,NAS,Khillari,8.3,151,38.33,-0.25,38.39,345.8,23.2,214.7,17.4,88.8,11.2,Sub-clinical,Ketosis,0.4
MAH-NAS-TAG-1697,NAS,Khillari,8.3,196,38.03,-0.09,38.23,269.7,40.1,145.0,44.2,72.5,27.5,Clinical,Ketosis,0.0
MAH-SAT-TAG-1698,SAT,Khillari,4.3,96,37.93,-0.18,38.33,468.5,-4.1,259.4,0.2,85.7,14.3,Healthy,Healthy,-1.0
MAH-SAT-TAG-1698,SAT,Khillari,4.3,170,38.2,0.05,38.5,438.0,2.7,231.7,10.9,80.0,20.0,Sub-clinical,Mastitis,1.7
MAH-SAT-TAG-1698,SAT,Khillari,4.3,201,39.33,0.31,38.95,404.4,10.1,245.0,5.8,101.8,-1.8,Sub-clinical,Mastitis,0.4
MAH-SAT-TAG-1698,SAT,Khillari,4.3,247,39.77,0.11,39.59,327.4,27.2,205.0,21.2,84.3,15.7,Clinical,Mastitis,0.0
MAH-SAT-TAG-1699,SAT,HF Cross,7.3,103,38.31,-0.18,38.35,503.0,-7.0,295.3,-13.6,98.7,1.3,Healthy,Healthy,-1.0
MAH-SAT-TAG-1699,SAT,HF Cross,7.3,176,38.46,0.01,38.35,435.4,7.4,268.2,-3.2,93.9,6.1,Sub-clinical,Ketosis,1.6
MAH-SAT-TAG-1699,SAT,HF Cross,7.3,204,38.64,-0.06,38.26,358.0,23.8,239.8,7.8,91.5,8.5,Sub-clinical,Ketosis,0.4
MAH-SAT-TAG-1699,SAT,HF Cross,7.3,249,38.41,-0.1,38.11,296.6,36.9,186.6,28.2,75.4,24.6,Clinical,Ketosis,0.0
MAH-SOL-TAG-1700,SOL,Khillari,5.2,64,38.43,-0.13,38.32,413.3,8.2,278.9,-7.3,94.8,5.2,Healthy,Healthy,-1.0
MAH-SOL-TAG-1700,SOL,Khillari,5.2,136,38.5,0.02,38.33,412.1,8.4,282.3,-8.6,91.2,8.8,Healthy,Healthy,-1.0
MAH-SOL-TAG-1700,SOL,Khillari,5.2,163,38.15,0.08,38.32,411.5,8.6,271.8,-4.5,78.4,21.6,Healthy,Healthy,-1.0
MAH-SOL-TAG-1700,SOL,Khillari,5.2,208,38.54,0.03,38.31,420.3,6.6,276.6,-6.4,85.4,14.6,Healthy,Healthy,-1.0
MAH-SOL-TAG-1701,SOL,Dangi,6.4,108,38.71,-0.03,38.52,472.1,-4.9,275.5,-6.0,110.5,-10.5,Healthy,Healthy,-1.0
MAH-SOL-TAG-1701,SOL,Dangi,6.4,185,38.6,-0.01,38.52,440.0,2.2,262.9,-1.1,98.0,2.0,Healthy,Healthy,-1.0
MAH-SOL-TAG-1701,SOL,Dangi,6.4,219,38.26,0.02,38.51,504.8,-12.2,243.0,6.5,82.5,17.5,Healthy,Healthy,-1.0
MAH-SOL-TAG-1701,SOL,Dangi,6.4,266,38.24,0.06,38.46,485.0,-7.8,234.4,9.8,80.4,19.6,Healthy,Healthy,-1.0
MAH-NAS-TAG-1702,NAS,Red Kandhari,5.4,57,38.16,-0.11,38.03,485.9,-8.0,263.0,-1.2,109.7,-9.7,Healthy,Healthy,-1.0
MAH-NAS-TAG-1702,NAS,Red Kandhari,5.4,134,38.16,-0.09,37.97,383.3,14.8,243.6,6.3,103.7,-3.7,Sub-clinical,Ketosis,1.8
MAH-NAS-TAG-1702,NAS,Red Kandhari,5.4,166,37.6,0.03,37.84,330.9,26.5,172.1,33.8,69.0,31.0,Sub-clinical,Ketosis,0.5
MAH-NAS-TAG-1702,NAS,Red Kandhari,5.4,213,37.59,0.18,37.76,233.6,48.1,128.0,50.8,57.8,42.2,Clinical,Ketosis,0.0
MAH-KOL-TAG-1703,KOL,Khillari,4.3,79,38.46,-0.01,38.35,488.4,-8.5,237.6,8.6,101.7,-1.7,Healthy,Healthy,-1.0
MAH-KOL-TAG-1703,KOL,Khillari,4.3,154,39.12,0.42,38.58,433.5,3.7,253.6,2.5,106.4,-6.4,Sub-clinical,BRD,1.7
MAH-KOL-TAG-1703,KOL,Khillari,4.3,184,39.35,0.46,38.94,337.6,25.0,216.5,16.7,94.7,5.3,Sub-clinical,BRD,0.4
MAH-KOL-TAG-1703,KOL,Khillari,4.3,230,40.0,0.32,39.59,284.2,36.8,191.0,26.5,84.0,16.0,Clinical,BRD,0.0
MAH-KOL-TAG-1704,KOL,Gir Cross,5.1,141,38.14,-0.15,38.48,420.3,10.6,228.6,12.1,91.5,8.5,Healthy,Healthy,-1.0
MAH-KOL-TAG-1704,KOL,Gir Cross,5.1,208,38.61,0.03,38.48,426.9,9.2,257.9,0.8,107.4,-7.4,Healthy,Healthy,-1.0
MAH-KOL-TAG-1704,KOL,Gir Cross,5.1,230,38.8,-0.08,38.48,428.8,8.8,260.8,-0.3,118.2,-18.2,Healthy,Healthy,-1.0
MAH-KOL-TAG-1704,KOL,Gir Cross,5.1,273,38.73,-0.04,38.49,467.8,0.5,260.7,-0.3,108.9,-8.9,Healthy,Healthy,-1.0
MAH-AHM-TAG-1705,AHM,Dangi,7.7,93,38.27,0.09,38.39,411.5,8.6,215.5,17.1,89.5,10.5,Healthy,Healthy,-1.0
MAH-AHM-TAG-1705,AHM,Dangi,7.7,169,38.32,0.21,38.61,404.8,10.0,193.1,25.7,70.2,29.8,Sub-clinical,LSD,1.8
MAH-AHM-TAG-1705,AHM,Dangi,7.7,200,39.35,0.2,39.06,389.3,13.5,192.6,25.9,91.7,8.3,Sub-clinical,LSD,0.5
MAH-AHM-TAG-1705,AHM,Dangi,7.7,247,39.96,0.35,39.72,321.7,28.5,166.9,35.8,65.6,34.4,Clinical,LSD,0.0
MAH-KOL-TAG-1706,KOL,Khillari,4.8,132,38.95,-0.02,38.59,448.7,0.3,271.5,-4.4,124.0,-24.0,Healthy,Healthy,-1.0
MAH-KOL-TAG-1706,KOL,Khillari,4.8,204,39.51,0.81,38.75,396.9,11.8,256.0,1.5,117.6,-17.6,Sub-clinical,Mastitis,1.5
MAH-KOL-TAG-1706,KOL,Khillari,4.8,231,39.59,0.27,39.15,322.8,28.3,230.7,11.3,103.6,-3.6,Sub-clinical,Mastitis,0.4
MAH-KOL-TAG-1706,KOL,Khillari,4.8,276,40.33,0.26,39.81,252.7,43.8,208.4,19.8,102.7,-2.7,Clinical,Mastitis,0.0
MAH-AHM-TAG-1707,AHM,Khillari,6.7,79,38.52,-0.03,38.54,455.8,-1.3,275.9,-6.1,103.1,-3.1,Healthy,Healthy,-1.0
MAH-AHM-TAG-1707,AHM,Khillari,6.7,147,38.69,0.3,38.75,414.5,7.9,223.8,13.9,81.2,18.8,Sub-clinical,FMD,1.3
MAH-AHM-TAG-1707,AHM,Khillari,6.7,170,39.29,0.61,39.29,338.3,24.8,180.5,30.6,58.2,41.8,Sub-clinical,FMD,0.3
MAH-AHM-TAG-1707,AHM,Khillari,6.7,213,40.11,0.18,40.27,202.0,55.1,132.5,49.0,48.8,51.2,Clinical,FMD,0.0
MAH-KOL-TAG-1708,KOL,Red Kandhari,3.9,81,38.63,-0.09,38.38,489.4,-8.8,267.5,-2.9,112.0,-12.0,Healthy,Healthy,-1.0
MAH-KOL-TAG-1708,KOL,Red Kandhari,3.9,158,38.7,0.11,38.38,418.4,7.0,284.4,-9.4,116.6,-16.6,Healthy,Healthy,-1.0
MAH-KOL-TAG-1708,KOL,Red Kandhari,3.9,190,38.23,0.17,38.34,432.1,4.0,242.4,6.8,89.5,10.5,Healthy,Healthy,-1.0
MAH-KOL-TAG-1708,KOL,Red Kandhari,3.9,237,38.08,0.01,38.36,410.5,8.8,255.6,1.7,93.3,6.7,Healthy,Healthy,-1.0
MAH-PUN-TAG-1709,PUN,Gir Cross,6.4,60,38.78,0.02,38.48,454.1,3.4,262.3,-0.9,107.4,-7.4,Healthy,Healthy,-1.0
MAH-PUN-TAG-1709,PUN,Gir Cross,6.4,136,38.6,-0.13,38.44,396.9,15.6,239.1,8.0,93.6,6.4,Sub-clinical,Ketosis,1.8
MAH-PUN-TAG-1709,PUN,Gir Cross,6.4,169,38.03,0.04,38.35,356.0,24.3,176.1,32.3,62.3,37.7,Sub-clinical,Ketosis,0.5
MAH-PUN-TAG-1709,PUN,Gir Cross,6.4,216,37.93,-0.09,38.21,280.5,40.3,116.3,55.3,56.3,43.7,Clinical,Ketosis,0.0
MAH-NAS-TAG-1710,NAS,HF Cross,6.7,88,38.41,-0.1,38.27,434.7,7.5,292.2,-12.4,110.1,-10.1,Healthy,Healthy,-1.0
MAH-NAS-TAG-1710,NAS,HF Cross,6.7,157,39.02,0.35,38.41,426.4,9.3,281.1,-8.1,112.4,-12.4,Sub-clinical,BRD,1.4
MAH-NAS-TAG-1710,NAS,HF Cross,6.7,181,39.19,0.17,38.81,402.3,14.4,253.4,2.5,103.8,-3.8,Sub-clinical,BRD,0.4
MAH-NAS-TAG-1710,NAS,HF Cross,6.7,225,39.76,0.13,39.46,343.1,27.0,209.8,19.3,87.8,12.2,Clinical,BRD,0.0
MAH-AHM-TAG-1711,AHM,Murrah Buffalo,7.3,153,38.61,0.01,38.31,477.5,-6.1,262.6,-1.0,104.1,-4.1,Healthy,Healthy,-1.0
MAH-AHM-TAG-1711,AHM,Murrah Buffalo,7.3,231,38.53,0.03,38.31,434.9,3.4,261.1,-0.4,107.2,-7.2,Healthy,Healthy,-1.0
MAH-AHM-TAG-1711,AHM,Murrah Buffalo,7.3,264,37.96,-0.04,38.29,464.6,-3.2,227.9,12.3,84.9,15.1,Healthy,Healthy,-1.0
MAH-AHM-TAG-1711,AHM,Murrah Buffalo,7.3,312,38.09,0.04,38.3,455.8,-1.3,219.5,15.6,78.4,21.6,Healthy,Healthy,-1.0
MAH-SAN-TAG-1712,SAN,Khillari,3.9,163,38.5,0.09,38.52,420.0,6.7,277.5,-6.7,96.3,3.7,Healthy,Healthy,-1.0
MAH-SAN-TAG-1712,SAN,Khillari,3.9,240,38.79,0.52,38.8,365.5,18.8,217.7,16.3,70.6,29.4,Sub-clinical,FMD,1.8
MAH-SAN-TAG-1712,SAN,Khillari,3.9,272,39.73,0.26,39.39,334.4,25.7,213.5,17.9,82.7,17.3,Sub-clinical,FMD,0.5
MAH-SAN-TAG-1712,SAN,Khillari,3.9,319,40.47,0.36,40.27,247.1,45.1,152.9,41.2,53.4,46.6,Clinical,FMD,0.0
MAH-SAT-TAG-1713,SAT,HF Cross,8.4,117,38.69,0.23,38.75,451.6,3.9,243.6,6.3,91.3,8.7,Healthy,Healthy,-1.0
MAH-SAT-TAG-1713,SAT,HF Cross,8.4,191,38.2,-0.23,38.68,415.1,11.7,227.5,12.5,79.2,20.8,Sub-clinical,Ketosis,1.6
MAH-SAT-TAG-1713,SAT,HF Cross,8.4,220,38.35,-0.2,38.62,380.0,19.1,204.0,21.5,82.0,18.0,Sub-clinical,Ketosis,0.4
MAH-SAT-TAG-1713,SAT,HF Cross,8.4,266,38.05,-0.2,38.44,289.9,38.3,153.0,41.2,69.2,30.8,Clinical,Ketosis,0.0
MAH-SAT-TAG-1714,SAT,HF Cross,3.5,100,38.14,-0.17,38.39,468.2,0.4,206.2,20.7,82.9,17.1,Healthy,Healthy,-1.0
MAH-SAT-TAG-1714,SAT,HF Cross,3.5,175,38.47,0.08,38.34,440.2,6.3,198.4,23.7,84.4,15.6,Sub-clinical,Ketosis,1.7
MAH-SAT-TAG-1714,SAT,HF Cross,3.5,205,38.51,0.13,38.22,335.4,28.6,181.9,30.0,84.9,15.1,Sub-clinical,Ketosis,0.5
MAH-SAT-TAG-1714,SAT,HF Cross,3.5,252,38.36,-0.12,38.12,245.2,47.8,119.4,54.1,79.7,20.3,Clinical,Ketosis,0.0
MAH-SAN-TAG-1715,SAN,Murrah Buffalo,4.5,76,38.21,-0.01,38.49,460.9,-2.4,255.2,1.8,97.1,2.9,Healthy,Healthy,-1.0
MAH-SAN-TAG-1715,SAN,Murrah Buffalo,4.5,145,38.15,-0.05,38.49,450.7,-0.2,252.4,2.9,86.6,13.4,Healthy,Healthy,-1.0
MAH-SAN-TAG-1715,SAN,Murrah Buffalo,4.5,169,38.06,-0.09,38.49,454.1,-0.9,249.1,4.2,81.2,18.8,Healthy,Healthy,-1.0
MAH-SAN-TAG-1715,SAN,Murrah Buffalo,4.5,213,38.31,0.09,38.5,407.2,9.5,254.3,2.2,86.3,13.7,Healthy,Healthy,-1.0
MAH-KOL-TAG-1716,KOL,Gir Cross,5.3,96,38.01,0.09,38.34,446.7,5.0,218.3,16.0,92.9,7.1,Healthy,Healthy,-1.0
MAH-KOL-TAG-1716,KOL,Gir Cross,5.3,166,38.07,0.0,38.36,418.8,10.9,221.8,14.7,87.4,12.6,Healthy,Healthy,-1.0
MAH-KOL-TAG-1716,KOL,Gir Cross,5.3,190,38.01,-0.06,38.37,419.4,10.8,232.0,10.8,92.0,8.0,Healthy,Healthy,-1.0
MAH-KOL-TAG-1716,KOL,Gir Cross,5.3,235,38.36,0.07,38.39,407.7,13.3,246.1,5.3,98.9,1.1,Healthy,Healthy,-1.0
MAH-PUN-TAG-1717,PUN,Dangi,3.7,98,38.2,0.08,38.47,449.7,0.1,254.7,2.0,94.7,5.3,Healthy,Healthy,-1.0
MAH-PUN-TAG-1717,PUN,Dangi,3.7,172,38.59,0.33,38.66,446.0,0.9,251.7,3.2,83.1,16.9,Sub-clinical,LSD,1.6
MAH-PUN-TAG-1717,PUN,Dangi,3.7,201,39.54,0.32,39.11,379.9,15.6,250.8,3.5,94.3,5.7,Sub-clinical,LSD,0.4
MAH-PUN-TAG-1717,PUN,Dangi,3.7,247,40.05,0.32,39.79,341.8,24.0,192.0,26.2,73.4,26.6,Clinical,LSD,0.0
MAH-KOL-TAG-1718,KOL,Red Kandhari,4.8,60,38.72,-0.11,38.5,453.9,-0.9,270.5,-4.0,117.2,-17.2,Healthy,Healthy,-1.0
MAH-KOL-TAG-1718,KOL,Red Kandhari,4.8,130,38.78,0.02,38.46,468.1,-4.0,257.6,0.9,106.2,-6.2,Healthy,Healthy,-1.0
MAH-KOL-TAG-1718,KOL,Red Kandhari,4.8,154,38.67,-0.11,38.47,464.8,-3.3,264.2,-1.6,106.9,-6.9,Healthy,Healthy,-1.0
MAH-KOL-TAG-1718,KOL,Red Kandhari,4.8,199,38.68,0.2,38.49,490.7,-9.0,253.8,2.4,95.1,4.9,Healthy,Healthy,-1.0
MAH-PUN-TAG-1719,PUN,Gir Cross,2.6,57,39.02,-0.03,38.84,480.5,-2.2,274.7,-5.7,111.9,-11.9,Healthy,Healthy,-1.0
MAH-PUN-TAG-1719,PUN,Gir Cross,2.6,123,38.35,-0.18,38.81,472.9,-0.6,244.9,5.8,91.7,8.3,Healthy,Healthy,-1.0
MAH-PUN-TAG-1719,PUN,Gir Cross,2.6,144,38.62,0.09,38.84,462.4,1.6,235.9,9.3,85.2,14.8,Healthy,Healthy,-1.0
MAH-PUN-TAG-1719,PUN,Gir Cross,2.6,187,38.88,0.16,38.83,424.1,9.8,262.8,-1.1,92.4,7.6,Healthy,Healthy,-1.0
MAH-SAT-TAG-1720,SAT,HF Cross,3.0,67,38.48,-0.04,38.57,447.0,4.9,263.2,-1.2,105.3,-5.3,Healthy,Healthy,-1.0
MAH-SAT-TAG-1720,SAT,HF Cross,3.0,141,38.79,0.43,38.82,411.0,12.6,226.2,13.0,88.1,11.9,Sub-clinical,LSD,1.6
MAH-SAT-TAG-1720,SAT,HF Cross,3.0,170,39.18,0.47,39.24,402.4,14.4,216.0,16.9,84.3,15.7,Sub-clinical,LSD,0.4
MAH-SAT-TAG-1720,SAT,HF Cross,3.0,216,39.7,0.29,39.91,344.2,26.8,168.0,35.4,61.8,38.2,Clinical,LSD,0.0
MAH-PUN-TAG-1721,PUN,Red Kandhari,3.4,93,38.5,-0.09,38.75,443.8,1.4,250.1,3.8,81.5,18.5,Healthy,Healthy,-1.0
MAH-PUN-TAG-1721,PUN,Red Kandhari,3.4,166,38.7,0.42,38.86,402.1,10.6,218.6,15.9,77.2,22.8,Sub-clinical,BRD,1.6
MAH-PUN-TAG-1721,PUN,Red Kandhari,3.4,194,39.11,0.33,39.26,398.1,11.5,193.2,25.7,67.9,32.1,Sub-clinical,BRD,0.4
MAH-PUN-TAG-1721,PUN,Red Kandhari,3.4,240,39.68,0.16,39.87,320.4,28.8,161.6,37.8,49.6,50.4,Clinical,BRD,0.0
MAH-KOL-TAG-1722,KOL,Gir Cross,3.2,84,38.75,-0.09,38.48,487.5,-3.7,262.6,-1.0,113.6,-13.6,Healthy,Healthy,-1.0
MAH-KOL-TAG-1722,KOL,Gir Cross,3.2,157,38.95,0.04,38.46,479.7,-2.1,263.2,-1.2,121.0,-21.0,Healthy,Healthy,-1.0
MAH-KOL-TAG-1722,KOL,Gir Cross,3.2,187,38.4,-0.13,38.48,448.9,4.5,237.9,8.5,94.4,5.6,Healthy,Healthy,-1.0
MAH-KOL-TAG-1722,KOL,Gir Cross,3.2,232,38.7,0.15,38.47,459.5,2.2,265.5,-2.1,108.3,-8.3,Healthy,Healthy,-1.0
MAH-PUN-TAG-1723,PUN,Red Kandhari,2.4,139,38.15,-0.08,38.33,408.2,9.3,254.3,2.2,96.4,3.6,Healthy,Healthy,-1.0
MAH-PUN-TAG-1723,PUN,Red Kandhari,2.4,216,37.97,-0.02,38.32,424.1,5.8,247.4,4.8,92.4,7.6,Healthy,Healthy,-1.0
MAH-PUN-TAG-1723,PUN,Red Kandhari,2.4,250,38.75,0.11,38.33,465.8,-3.5,282.2,-8.5,113.2,-13.2,Healthy,Healthy,-1.0
MAH-PUN-TAG-1723,PUN,Red Kandhari,2.4,297,38.46,-0.01,38.34,457.2,-1.6,290.6,-11.8,120.1,-20.1,Healthy,Healthy,-1.0
MAH-KOL-TAG-1724,KOL,Gir Cross,4.8,88,38.63,0.07,38.42,434.6,7.5,277.2,-6.6,101.8,-1.8,Healthy,Healthy,-1.0
MAH-KOL-TAG-1724,KOL,Gir Cross,4.8,158,38.68,-0.02,38.44,458.1,2.5,261.0,-0.4,113.3,-13.3,Healthy,Healthy,-1.0
MAH-KOL-TAG-1724,KOL,Gir Cross,4.8,183,38.68,-0.06,38.44,430.0,8.5,280.5,-7.9,107.3,-7.3,Healthy,Healthy,-1.0
MAH-KOL-TAG-1724,KOL,Gir Cross,4.8,228,38.87,0.03,38.48,473.6,-0.8,272.4,-4.8,108.0,-8.0,Healthy,Healthy,-1.0
MAH-SOL-TAG-1725,SOL,Murrah Buffalo,4.8,124,37.99,-0.09,38.3,458.6,-1.9,251.7,3.2,82.4,17.6,Healthy,Healthy,-1.0
MAH-SOL-TAG-1725,SOL,Murrah Buffalo,4.8,198,38.29,-0.04,38.24,419.4,6.8,229.2,11.8,78.3,21.7,Sub-clinical,Ketosis,1.7
MAH-SOL-TAG-1725,SOL,Murrah Buffalo,4.8,227,38.41,-0.13,38.16,345.1,23.3,210.9,18.9,87.6,12.4,Sub-clinical,Ketosis,0.4
MAH-SOL-TAG-1725,SOL,Murrah Buffalo,4.8,273,38.29,0.09,38.03,258.6,42.5,165.9,36.2,74.1,25.9,Clinical,Ketosis,0.0
MAH-SAT-TAG-1726,SAT,Gir Cross,8.2,141,38.46,0.02,38.64,437.0,7.0,255.9,1.6,84.3,15.7,Healthy,Healthy,-1.0
MAH-SAT-TAG-1726,SAT,Gir Cross,8.2,208,39.19,0.34,38.78,395.0,16.0,260.5,-0.2,104.1,-4.1,Sub-clinical,Mastitis,1.2
MAH-SAT-TAG-1726,SAT,Gir Cross,8.2,230,39.79,0.58,39.18,352.4,25.0,258.5,0.6,100.9,-0.9,Sub-clinical,Mastitis,0.3
MAH-SAT-TAG-1726,SAT,Gir Cross,8.2,273,40.21,0.1,39.87,307.6,34.6,211.0,18.8,88.5,11.5,Clinical,Mastitis,0.0
MAH-PUN-TAG-1727,PUN,Red Kandhari,4.9,50,37.81,0.06,38.19,485.2,-7.8,241.2,7.2,94.4,5.6,Healthy,Healthy,-1.0
MAH-PUN-TAG-1727,PUN,Red Kandhari,4.9,118,38.16,0.27,38.32,412.5,8.3,218.9,15.8,91.4,8.6,Sub-clinical,Mastitis,1.3
MAH-PUN-TAG-1727,PUN,Red Kandhari,4.9,141,38.75,0.42,38.77,360.8,19.8,204.2,21.5,83.1,16.9,Sub-clinical,Mastitis,0.3
MAH-PUN-TAG-1727,PUN,Red Kandhari,4.9,184,39.91,0.37,39.47,276.5,38.6,199.0,23.5,97.7,2.3,Clinical,Mastitis,0.0
MAH-NAS-TAG-1728,NAS,Red Kandhari,5.8,141,38.46,-0.08,38.77,429.5,4.6,217.6,16.3,81.9,18.1,Healthy,Healthy,-1.0
MAH-NAS-TAG-1728,NAS,Red Kandhari,5.8,210,39.11,0.27,38.91,380.8,15.4,212.5,18.3,91.4,8.6,Sub-clinical,LSD,1.4
MAH-NAS-TAG-1728,NAS,Red Kandhari,5.8,234,39.65,0.54,39.33,337.9,24.9,191.7,26.3,79.6,20.4,Sub-clinical,LSD,0.4
MAH-NAS-TAG-1728,NAS,Red Kandhari,5.8,278,40.55,0.31,40.09,290.8,35.4,170.2,34.5,73.1,26.9,Clinical,LSD,0.0
MAH-SAN-TAG-1729,SAN,Gir Cross,5.3,168,38.18,-0.03,38.48,476.2,-1.3,237.6,8.6,76.3,23.7,Healthy,Healthy,-1.0
MAH-SAN-TAG-1729,SAN,Gir Cross,5.3,239,38.23,0.14,38.45,475.1,-1.1,232.7,10.5,81.6,18.4,Healthy,Healthy,-1.0
MAH-SAN-TAG-1729,SAN,Gir Cross,5.3,264,38.06,-0.01,38.47,494.2,-5.1,235.1,9.6,76.0,24.0,Healthy,Healthy,-1.0
MAH-SAN-TAG-1729,SAN,Gir Cross,5.3,309,38.17,-0.27,38.46,487.3,-3.7,245.9,5.4,78.8,21.2,Healthy,Healthy,-1.0
MAH-PUN-TAG-1730,PUN,Khillari,8.0,132,38.88,0.19,38.39,427.9,4.9,276.4,-6.3,126.1,-26.1,Healthy,Healthy,-1.0
MAH-PUN-TAG-1730,PUN,Khillari,8.0,203,39.14,0.38,38.58,397.1,11.8,272.5,-4.8,116.8,-16.8,Sub-clinical,Mastitis,1.4
MAH-PUN-TAG-1730,PUN,Khillari,8.0,228,39.47,0.42,38.94,351.5,21.9,253.9,2.3,115.1,-15.1,Sub-clinical,Mastitis,0.4
MAH-PUN-TAG-1730,PUN,Khillari,8.0,273,40.02,0.2,39.64,294.1,34.6,222.7,14.3,95.6,4.4,Clinical,Mastitis,0.0
MAH-SAT-TAG-1731,SAT,Gir Cross,5.9,115,38.34,-0.08,38.5,461.7,1.8,248.2,4.5,99.2,0.8,Healthy,Healthy,-1.0
MAH-SAT-TAG-1731,SAT,Gir Cross,5.9,189,38.25,-0.06,38.48,471.2,-0.3,244.3,6.0,91.2,8.8,Healthy,Healthy,-1.0
MAH-SAT-TAG-1731,SAT,Gir Cross,5.9,218,38.11,-0.01,38.49,505.7,-7.6,228.1,12.3,91.1,8.9,Healthy,Healthy,-1.0
MAH-SAT-TAG-1731,SAT,Gir Cross,5.9,264,38.14,0.13,38.5,509.2,-8.3,238.2,8.4,81.5,18.5,Healthy,Healthy,-1.0
MAH-PUN-TAG-1732,PUN,Gir Cross,2.7,72,38.14,0.02,38.5,510.6,-8.6,235.8,9.3,73.2,26.8,Healthy,Healthy,-1.0
MAH-PUN-TAG-1732,PUN,Gir Cross,2.7,140,38.57,0.14,38.67,449.0,4.5,233.8,10.1,71.6,28.4,Sub-clinical,BRD,1.3
MAH-PUN-TAG-1732,PUN,Gir Cross,2.7,162,39.44,0.61,39.03,401.1,14.7,212.7,18.2,70.0,30.0,Sub-clinical,BRD,0.3
MAH-PUN-TAG-1732,PUN,Gir Cross,2.7,206,40.21,0.37,39.71,352.4,25.0,193.3,25.7,79.4,20.6,Clinical,BRD,0.0
MAH-NAS-TAG-1733,NAS,Dangi,6.4,132,39.1,0.13,38.71,437.9,2.7,276.2,-6.2,107.0,-7.0,Healthy,Healthy,-1.0
MAH-NAS-TAG-1733,NAS,Dangi,6.4,208,38.88,0.03,38.64,367.5,18.3,247.5,4.8,90.2,9.8,Sub-clinical,Ketosis,1.8
MAH-NAS-TAG-1733,NAS,Dangi,6.4,241,38.3,-0.01,38.52,343.0,23.8,184.7,29.0,54.3,45.7,Sub-clinical,Ketosis,0.5
MAH-NAS-TAG-1733,NAS,Dangi,6.4,288,38.11,0.16,38.4,225.4,49.9,144.7,44.3,46.8,53.2,Clinical,Ketosis,0.0
MAH-SAN-TAG-1734,SAN,Khillari,7.3,144,38.34,0.16,38.58,478.8,-6.4,211.6,18.6,82.3,17.7,Healthy,Healthy,-1.0
MAH-SAN-TAG-1734,SAN,Khillari,7.3,214,38.78,0.51,38.81,402.1,10.6,179.9,30.8,64.6,35.4,Sub-clinical,FMD,1.4
MAH-SAN-TAG-1734,SAN,Khillari,7.3,238,39.24,0.46,39.32,334.0,25.8,142.9,45.0,53.1,46.9,Sub-clinical,FMD,0.4
MAH-SAN-TAG-1734,SAN,Khillari,7.3,283,40.37,0.36,40.31,205.9,54.2,100.1,61.5,32.5,67.5,Clinical,FMD,0.0
MAH-PUN-TAG-1735,PUN,Dangi,3.7,72,38.13,0.08,38.42,432.2,4.0,201.9,22.3,94.1,5.9,Healthy,Healthy,-1.0
MAH-PUN-TAG-1735,PUN,Dangi,3.7,144,38.13,0.08,38.42,418.6,7.0,204.8,21.2,96.3,3.7,Healthy,Healthy,-1.0
MAH-PUN-TAG-1735,PUN,Dangi,3.7,173,38.49,0.14,38.44,451.2,-0.3,208.6,19.8,102.0,-2.0,Healthy,Healthy,-1.0
MAH-PUN-TAG-1735,PUN,Dangi,3.7,218,38.18,-0.04,38.44,429.0,4.7,209.5,19.4,88.7,11.3,Healthy,Healthy,-1.0
MAH-PUN-TAG-1736,PUN,Gir Cross,5.6,127,38.74,0.05,38.6,501.6,-6.7,253.5,2.5,118.4,-18.4,Healthy,Healthy,-1.0
MAH-PUN-TAG-1736,PUN,Gir Cross,5.6,202,38.74,-0.15,38.59,472.3,-0.5,256.7,1.3,121.4,-21.4,Healthy,Healthy,-1.0
MAH-PUN-TAG-1736,PUN,Gir Cross,5.6,232,38.72,0.03,38.59,451.7,3.9,256.2,1.5,114.4,-14.4,Healthy,Healthy,-1.0
MAH-PUN-TAG-1736,PUN,Gir Cross,5.6,278,38.8,-0.08,38.6,447.3,4.8,260.4,-0.2,124.0,-24.0,Healthy,Healthy,-1.0
MAH-NAS-TAG-1737,NAS,Murrah Buffalo,5.0,57,38.69,-0.09,38.46,411.2,8.6,282.6,-8.7,115.1,-15.1,Healthy,Healthy,-1.0
MAH-NAS-TAG-1737,NAS,Murrah Buffalo,5.0,127,38.94,0.38,38.62,406.7,9.6,255.9,1.6,96.7,3.3,Sub-clinical,BRD,1.4
MAH-NAS-TAG-1737,NAS,Murrah Buffalo,5.0,152,39.44,0.57,38.99,364.7,19.0,225.1,13.4,89.1,10.9,Sub-clinical,BRD,0.4
MAH-NAS-TAG-1737,NAS,Murrah Buffalo,5.0,196,39.7,0.48,39.6,286.4,36.4,168.7,35.1,69.1,30.9,Clinical,BRD,0.0
MAH-SAT-TAG-1738,SAT,Murrah Buffalo,4.4,72,38.11,-0.1,38.47,431.2,4.2,256.1,1.5,81.2,18.8,Healthy,Healthy,-1.0
MAH-SAT-TAG-1738,SAT,Murrah Buffalo,4.4,139,38.8,0.31,38.62,370.2,17.7,235.6,9.4,89.3,10.7,Sub-clinical,LSD,1.2
MAH-SAT-TAG-1738,SAT,Murrah Buffalo,4.4,160,39.48,0.62,39.03,319.0,29.1,223.4,14.1,81.4,18.6,Sub-clinical,LSD,0.3
MAH-SAT-TAG-1738,SAT,Murrah Buffalo,4.4,204,40.28,0.25,39.79,285.5,36.6,195.2,24.9,71.3,28.7,Clinical,LSD,0.0
MAH-NAS-TAG-1739,NAS,Khillari,4.4,165,38.26,-0.03,38.46,445.1,1.1,223.7,14.0,92.8,7.2,Healthy,Healthy,-1.0
MAH-NAS-TAG-1739,NAS,Khillari,4.4,231,38.95,0.13,38.6,402.1,10.6,228.5,12.1,111.2,-11.2,Sub-clinical,LSD,1.2
MAH-NAS-TAG-1739,NAS,Khillari,4.4,252,39.59,0.81,39.01,389.4,13.5,212.9,18.1,97.4,2.6,Sub-clinical,LSD,0.3
MAH-NAS-TAG-1739,NAS,Khillari,4.4,295,39.99,0.27,39.81,363.3,19.3,156.9,39.7,80.6,19.4,Clinical,LSD,0.0
MAH-KOL-TAG-1740,KOL,Gir Cross,5.8,86,38.85,0.09,38.51,480.4,-2.2,270.6,-4.1,115.5,-15.5,Healthy,Healthy,-1.0
MAH-KOL-TAG-1740,KOL,Gir Cross,5.8,157,39.14,0.3,38.64,449.0,4.5,247.9,4.7,100.7,-0.7,Sub-clinical,LSD,1.5
MAH-KOL-TAG-1740,KOL,Gir Cross,5.8,183,39.43,0.2,39.06,384.4,18.2,215.6,17.1,85.5,14.5,Sub-clinical,LSD,0.4
MAH-KOL-TAG-1740,KOL,Gir Cross,5.8,228,40.11,0.22,39.77,350.5,25.4,193.5,25.6,80.0,20.0,Clinical,LSD,0.0
MAH-SAT-TAG-1741,SAT,Red Kandhari,7.1,156,38.83,-0.32,38.69,461.3,-2.5,264.0,-1.5,119.5,-19.5,Healthy,Healthy,-1.0
MAH-SAT-TAG-1741,SAT,Red Kandhari,7.1,228,39.09,0.15,38.71,467.9,-4.0,252.5,2.9,122.5,-22.5,Healthy,Healthy,-1.0
MAH-SAT-TAG-1741,SAT,Red Kandhari,7.1,257,38.6,-0.16,38.67,453.1,-0.7,243.1,6.5,107.8,-7.8,Healthy,Healthy,-1.0
MAH-SAT-TAG-1741,SAT,Red Kandhari,7.1,302,39.09,0.0,38.71,444.6,1.2,256.1,1.5,114.2,-14.2,Healthy,Healthy,-1.0
MAH-SAT-TAG-1742,SAT,Dangi,6.3,158,38.92,-0.16,38.65,429.9,4.5,269.0,-3.5,104.2,-4.2,Healthy,Healthy,-1.0
MAH-SAT-TAG-1742,SAT,Dangi,6.3,229,38.88,0.07,38.63,427.4,5.0,277.1,-6.6,114.6,-14.6,Healthy,Healthy,-1.0
MAH-SAT-TAG-1742,SAT,Dangi,6.3,255,38.91,0.11,38.62,416.8,7.4,271.8,-4.5,100.4,-0.4,Healthy,Healthy,-1.0
MAH-SAT-TAG-1742,SAT,Dangi,6.3,300,39.04,-0.01,38.61,426.1,5.3,262.6,-1.0,116.5,-16.5,Healthy,Healthy,-1.0
MAH-SAN-TAG-1743,SAN,Gir Cross,4.4,60,39.04,0.13,38.63,468.0,0.4,282.4,-8.6,124.7,-24.7,Healthy,Healthy,-1.0
MAH-SAN-TAG-1743,SAN,Gir Cross,4.4,130,39.22,0.32,38.76,444.8,5.4,253.4,2.5,109.8,-9.8,Sub-clinical,BRD,1.4
MAH-SAN-TAG-1743,SAN,Gir Cross,4.4,154,39.75,0.53,39.14,397.7,15.4,238.7,8.2,93.6,6.4,Sub-clinical,BRD,0.4
MAH-SAN-TAG-1743,SAN,Gir Cross,4.4,199,39.98,0.14,39.78,347.2,26.1,184.6,29.0,70.2,29.8,Clinical,BRD,0.0
MAH-KOL-TAG-1744,KOL,Murrah Buffalo,7.6,112,38.6,-0.09,38.49,430.6,4.3,266.9,-2.7,104.4,-4.4,Healthy,Healthy,-1.0
MAH-KOL-TAG-1744,KOL,Murrah Buffalo,7.6,186,38.95,0.5,38.72,360.2,20.0,205.7,20.9,82.8,17.2,Sub-clinical,FMD,1.7
MAH-KOL-TAG-1744,KOL,Murrah Buffalo,7.6,215,39.1,0.34,39.3,317.3,29.5,160.7,38.2,58.0,42.0,Sub-clinical,FMD,0.4
MAH-KOL-TAG-1744,KOL,Murrah Buffalo,7.6,261,40.03,0.4,40.22,198.4,55.9,102.7,60.5,45.0,55.0,Clinical,FMD,0.0
MAH-AHM-TAG-1745,AHM,Gir Cross,4.2,103,38.71,0.14,38.61,460.8,2.0,271.1,-4.3,101.9,-1.9,Healthy,Healthy,-1.0
MAH-AHM-TAG-1745,AHM,Gir Cross,4.2,174,38.51,-0.13,38.6,384.9,18.1,233.6,10.2,86.8,13.2,Sub-clinical,Ketosis,1.4
MAH-AHM-TAG-1745,AHM,Gir Cross,4.2,200,38.58,-0.25,38.5,331.9,29.4,216.7,16.7,82.8,17.2,Sub-clinical,Ketosis,0.4
MAH-AHM-TAG-1745,AHM,Gir Cross,4.2,244,38.1,-0.05,38.36,244.4,48.0,147.0,43.5,64.4,35.6,Clinical,Ketosis,0.0
MAH-SAN-TAG-1746,SAN,Khillari,7.1,144,37.92,-0.05,38.3,436.2,3.1,240.3,7.6,78.1,21.9,Healthy,Healthy,-1.0
MAH-SAN-TAG-1746,SAN,Khillari,7.1,211,38.77,0.44,38.55,367.4,18.4,212.5,18.3,82.7,17.3,Sub-clinical,FMD,1.2
MAH-SAN-TAG-1746,SAN,Khillari,7.1,232,39.48,0.52,39.08,294.1,34.6,189.6,27.1,84.9,15.1,Sub-clinical,FMD,0.3
MAH-SAN-TAG-1746,SAN,Khillari,7.1,276,40.64,0.5,40.11,220.5,51.0,140.6,45.9,66.8,33.2,Clinical,FMD,0.0
MAH-PUN-TAG-1747,PUN,Gir Cross,3.0,151,38.79,0.29,38.54,497.6,-5.9,261.7,-0.7,106.5,-6.5,Healthy,Healthy,-1.0
MAH-PUN-TAG-1747,PUN,Gir Cross,3.0,222,38.99,0.61,38.72,468.6,0.3,248.2,4.5,88.3,11.7,Sub-clinical,Mastitis,1.5
MAH-PUN-TAG-1747,PUN,Gir Cross,3.0,248,39.51,0.3,39.14,393.1,16.4,243.5,6.3,89.3,10.7,Sub-clinical,Mastitis,0.4
MAH-PUN-TAG-1747,PUN,Gir Cross,3.0,292,39.81,0.34,39.78,319.6,32.0,174.5,32.9,70.7,29.3,Clinical,Mastitis,0.0
MAH-AHM-TAG-1748,AHM,Dangi,4.6,110,38.88,0.21,38.39,429.3,4.6,298.5,-14.8,112.2,-12.2,Healthy,Healthy,-1.0
MAH-AHM-TAG-1748,AHM,Dangi,4.6,185,38.94,0.5,38.61,359.7,20.1,259.6,0.2,85.7,14.3,Sub-clinical,FMD,1.7
MAH-AHM-TAG-1748,AHM,Dangi,4.6,215,39.13,0.61,39.19,317.6,29.4,202.1,22.3,58.3,41.7,Sub-clinical,FMD,0.4
MAH-AHM-TAG-1748,AHM,Dangi,4.6,261,39.96,0.39,40.06,194.0,56.9,148.2,43.0,42.2,57.8,Clinical,FMD,0.0
MAH-SAT-TAG-1749,SAT,Murrah Buffalo,4.6,124,38.24,0.03,38.28,500.1,-11.1,263.8,-1.5,86.7,13.3,Healthy,Healthy,-1.0
MAH-SAT-TAG-1749,SAT,Murrah Buffalo,4.6,191,38.38,0.38,38.48,426.8,5.2,227.3,12.6,69.9,30.1,Sub-clinical,LSD,1.1
MAH-SAT-TAG-1749,SAT,Murrah Buffalo,4.6,211,38.99,0.35,38.86,362.3,19.5,226.8,12.8,70.7,29.3,Sub-clinical,LSD,0.3
MAH-SAT-TAG-1749,SAT,Murrah Buffalo,4.6,254,40.06,0.43,39.61,311.8,30.7,212.3,18.3,70.5,29.5,Clinical,LSD,0.0
MAH-SAN-TAG-1750,SAN,Khillari,6.2,153,38.82,-0.06,38.61,481.3,-7.0,280.0,-7.7,103.1,-3.1,Healthy,Healthy,-1.0
MAH-SAN-TAG-1750,SAN,Khillari,6.2,223,38.68,0.1,38.61,493.9,-9.8,263.5,-1.3,102.7,-2.7,Healthy,Healthy,-1.0
MAH-SAN-TAG-1750,SAN,Khillari,6.2,248,38.79,0.09,38.62,485.3,-7.8,270.1,-3.9,110.5,-10.5,Healthy,Healthy,-1.0
MAH-SAN-TAG-1750,SAN,Khillari,6.2,292,38.45,0.1,38.57,480.1,-6.7,250.2,3.8,97.7,2.3,Healthy,Healthy,-1.0
MAH-KOL-TAG-1751,KOL,Khillari,6.4,156,38.79,-0.13,38.51,454.0,-0.9,262.3,-0.9,102.6,-2.6,Healthy,Healthy,-1.0
MAH-KOL-TAG-1751,KOL,Khillari,6.4,233,38.6,0.07,38.48,443.4,1.5,258.8,0.5,93.5,6.5,Healthy,Healthy,-1.0
MAH-KOL-TAG-1751,KOL,Khillari,6.4,267,38.26,0.02,38.46,478.6,-6.4,228.6,12.1,81.9,18.1,Healthy,Healthy,-1.0
MAH-KOL-TAG-1751,KOL,Khillari,6.4,314,38.13,0.07,38.42,477.2,-6.0,231.8,10.8,80.4,19.6,Healthy,Healthy,-1.0
MAH-SAT-TAG-1752,SAT,Dangi,7.2,158,38.68,0.06,38.28,419.7,6.7,292.4,-12.5,114.6,-14.6,Healthy,Healthy,-1.0
MAH-SAT-TAG-1752,SAT,Dangi,7.2,233,38.33,0.16,38.25,429.8,4.5,269.3,-3.6,107.7,-7.7,Healthy,Healthy,-1.0
MAH-SAT-TAG-1752,SAT,Dangi,7.2,263,37.88,-0.06,38.22,443.3,1.5,253.5,2.5,88.6,11.4,Healthy,Healthy,-1.0
MAH-SAT-TAG-1752,SAT,Dangi,7.2,309,37.98,-0.09,38.21,425.5,5.4,261.5,-0.6,99.1,0.9,Healthy,Healthy,-1.0
MAH-NAS-TAG-1753,NAS,Dangi,4.6,100,38.41,-0.01,38.5,457.2,-1.6,276.4,-6.3,94.0,6.0,Healthy,Healthy,-1.0
MAH-NAS-TAG-1753,NAS,Dangi,4.6,177,38.68,-0.04,38.48,443.8,1.4,295.3,-13.6,101.4,-1.4,Healthy,Healthy,-1.0
MAH-NAS-TAG-1753,NAS,Dangi,4.6,210,38.55,0.02,38.48,400.8,10.9,279.3,-7.4,97.0,3.0,Healthy,Healthy,-1.0
MAH-NAS-TAG-1753,NAS,Dangi,4.6,256,38.79,0.15,38.49,393.5,12.6,288.3,-10.9,100.5,-0.5,Healthy,Healthy,-1.0
MAH-KOL-TAG-1754,KOL,Red Kandhari,2.5,156,38.83,0.12,38.49,435.9,3.1,304.3,-17.0,113.2,-13.2,Healthy,Healthy,-1.0
MAH-KOL-TAG-1754,KOL,Red Kandhari,2.5,228,38.86,-0.08,38.44,376.7,16.3,276.5,-6.3,113.1,-13.1,Sub-clinical,Ketosis,1.5
MAH-KOL-TAG-1754,KOL,Red Kandhari,2.5,255,38.43,-0.25,38.34,294.7,34.5,241.0,7.3,96.8,3.2,Sub-clinical,Ketosis,0.4
MAH-KOL-TAG-1754,KOL,Red Kandhari,2.5,300,38.65,0.14,38.22,236.1,47.5,203.3,21.8,93.6,6.4,Clinical,Ketosis,0.0
MAH-NAS-TAG-1755,NAS,Khillari,3.5,153,38.77,-0.07,38.59,447.4,0.6,285.1,-9.7,117.8,-17.8,Healthy,Healthy,-1.0
MAH-NAS-TAG-1755,NAS,Khillari,3.5,222,38.92,0.22,38.77,415.8,7.6,251.8,3.2,90.2,9.8,Sub-clinical,BRD,1.4
MAH-NAS-TAG-1755,NAS,Khillari,3.5,246,39.25,0.33,39.06,366.5,18.6,230.5,11.3,83.6,16.4,Sub-clinical,BRD,0.4
MAH-NAS-TAG-1755,NAS,Khillari,3.5,290,39.58,0.32,39.73,302.7,32.7,178.5,31.3,56.3,43.7,Clinical,BRD,0.0
MAH-KOL-TAG-1756,KOL,Red Kandhari,3.9,160,38.57,0.05,38.25,421.0,6.4,256.9,1.2,109.2,-9.2,Healthy,Healthy,-1.0
MAH-KOL-TAG-1756,KOL,Red Kandhari,3.9,227,39.01,0.43,38.41,394.1,12.4,250.4,3.7,113.7,-13.7,Sub-clinical,Mastitis,1.1
MAH-KOL-TAG-1756,KOL,Red Kandhari,3.9,247,39.01,0.34,38.78,363.2,19.3,221.0,15.0,94.5,5.5,Sub-clinical,Mastitis,0.3
MAH-KOL-TAG-1756,KOL,Red Kandhari,3.9,290,39.29,0.14,39.5,285.0,36.7,168.0,35.4,60.6,39.4,Clinical,Mastitis,0.0
MAH-SAT-TAG-1757,SAT,HF Cross,6.9,91,38.51,-0.03,38.61,469.1,0.2,246.6,5.2,91.7,8.3,Healthy,Healthy,-1.0
MAH-SAT-TAG-1757,SAT,HF Cross,6.9,163,38.47,-0.15,38.62,466.2,0.8,252.3,3.0,88.8,11.2,Healthy,Healthy,-1.0
MAH-SAT-TAG-1757,SAT,HF Cross,6.9,190,38.27,-0.1,38.62,479.6,-2.0,242.6,6.7,81.6,18.4,Healthy,Healthy,-1.0
MAH-SAT-TAG-1757,SAT,HF Cross,6.9,235,38.66,0.09,38.66,455.2,3.1,256.3,1.4,90.3,9.7,Healthy,Healthy,-1.0
MAH-SAN-TAG-1758,SAN,Murrah Buffalo,3.8,86,38.67,0.01,38.32,439.4,2.4,253.8,2.4,101.2,-1.2,Healthy,Healthy,-1.0
MAH-SAN-TAG-1758,SAN,Murrah Buffalo,3.8,153,38.99,0.32,38.5,444.8,1.2,234.1,10.0,85.3,14.7,Sub-clinical,BRD,1.2
MAH-SAN-TAG-1758,SAN,Murrah Buffalo,3.8,175,39.13,0.42,38.82,397.1,11.8,199.1,23.4,75.2,24.8,Sub-clinical,BRD,0.3
MAH-SAN-TAG-1758,SAN,Murrah Buffalo,3.8,218,39.32,0.29,39.46,335.8,25.4,159.6,38.6,45.2,54.8,Clinical,BRD,0.0
MAH-SOL-TAG-1759,SOL,Dangi,2.1,151,38.57,-0.01,38.53,468.8,-4.2,258.3,0.7,110.3,-10.3,Healthy,Healthy,-1.0
MAH-SOL-TAG-1759,SOL,Dangi,2.1,224,38.7,-0.04,38.51,473.6,-5.2,260.6,-0.2,107.6,-7.6,Healthy,Healthy,-1.0
MAH-SOL-TAG-1759,SOL,Dangi,2.1,252,38.98,0.11,38.52,453.6,-0.8,266.7,-2.6,111.3,-11.3,Healthy,Healthy,-1.0
MAH-SOL-TAG-1759,SOL,Dangi,2.1,297,38.7,-0.15,38.54,483.1,-7.4,262.6,-1.0,115.7,-15.7,Healthy,Healthy,-1.0
MAH-PUN-TAG-1760,PUN,Khillari,5.9,48,38.54,0.04,38.86,461.0,-2.4,260.1,-0.0,89.9,10.1,Healthy,Healthy,-1.0
MAH-PUN-TAG-1760,PUN,Khillari,5.9,124,38.66,-0.11,38.87,481.6,-7.0,262.9,-1.1,90.7,9.3,Healthy,Healthy,-1.0
MAH-PUN-TAG-1760,PUN,Khillari,5.9,157,39.18,0.05,38.9,461.4,-2.5,289.9,-11.5,116.6,-16.6,Healthy,Healthy,-1.0
MAH-PUN-TAG-1760,PUN,Khillari,5.9,204,39.2,-0.04,38.88,472.9,-5.1,304.8,-17.2,112.7,-12.7,Healthy,Healthy,-1.0
MAH-KOL-TAG-1761,KOL,Murrah Buffalo,5.7,163,38.36,0.05,38.44,407.7,9.4,259.5,0.2,78.1,21.9,Healthy,Healthy,-1.0
MAH-KOL-TAG-1761,KOL,Murrah Buffalo,5.7,233,39.13,0.47,38.71,349.6,22.3,234.9,9.7,77.4,22.6,Sub-clinical,FMD,1.4
MAH-KOL-TAG-1761,KOL,Murrah Buffalo,5.7,258,39.64,0.67,39.25,275.7,38.7,183.7,29.3,59.8,40.2,Sub-clinical,FMD,0.4
MAH-KOL-TAG-1761,KOL,Murrah Buffalo,5.7,302,40.58,0.36,40.2,195.3,56.6,148.6,42.8,49.6,50.4,Clinical,FMD,0.0
MAH-SOL-TAG-1762,SOL,Khillari,4.2,100,38.41,-0.05,38.54,458.5,-1.9,259.0,0.4,84.4,15.6,Healthy,Healthy,-1.0
MAH-SOL-TAG-1762,SOL,Khillari,4.2,176,38.76,-0.01,38.55,437.3,2.8,279.4,-7.5,105.9,-5.9,Healthy,Healthy,-1.0
MAH-SOL-TAG-1762,SOL,Khillari,4.2,207,38.77,-0.13,38.57,392.3,12.8,282.8,-8.8,109.2,-9.2,Healthy,Healthy,-1.0
MAH-SOL-TAG-1762,SOL,Khillari,4.2,254,38.82,-0.05,38.56,405.0,10.0,287.5,-10.6,106.9,-6.9,Healthy,Healthy,-1.0
MAH-KOL-TAG-1763,KOL,Dangi,5.1,105,38.49,0.06,38.22,465.2,-3.4,259.2,0.3,108.4,-8.4,Healthy,Healthy,-1.0
MAH-KOL-TAG-1763,KOL,Dangi,5.1,180,38.94,0.27,38.4,414.2,8.0,228.1,12.3,106.2,-6.2,Sub-clinical,LSD,1.7
MAH-KOL-TAG-1763,KOL,Dangi,5.1,210,38.96,0.34,38.81,314.1,30.2,190.1,26.9,77.8,22.2,Sub-clinical,LSD,0.4
MAH-KOL-TAG-1763,KOL,Dangi,5.1,256,39.83,0.32,39.52,268.1,40.4,166.7,35.9,76.9,23.1,Clinical,LSD,0.0
MAH-NAS-TAG-1764,NAS,Khillari,6.1,139,38.52,-0.02,38.52,432.7,3.8,272.2,-4.7,93.1,6.9,Healthy,Healthy,-1.0
MAH-NAS-TAG-1764,NAS,Khillari,6.1,208,39.09,0.42,38.76,381.6,15.2,255.9,1.6,91.8,8.2,Sub-clinical,FMD,1.3
MAH-NAS-TAG-1764,NAS,Khillari,6.1,232,39.8,0.71,39.27,300.0,33.3,219.9,15.4,77.8,22.2,Sub-clinical,FMD,0.3
MAH-NAS-TAG-1764,NAS,Khillari,6.1,276,40.81,0.35,40.28,216.6,51.9,165.1,36.5,67.4,32.6,Clinical,FMD,0.0
MAH-SAT-TAG-1765,SAT,Gir Cross,3.1,112,38.37,-0.11,38.31,462.7,1.6,305.7,-17.6,119.0,-19.0,Healthy,Healthy,-1.0
MAH-SAT-TAG-1765,SAT,Gir Cross,3.1,190,37.95,-0.04,38.24,412.7,12.2,242.8,6.6,83.3,16.7,Sub-clinical,Ketosis,1.9
MAH-SAT-TAG-1765,SAT,Gir Cross,3.1,224,38.42,-0.01,38.17,401.5,14.6,243.5,6.3,105.2,-5.2,Sub-clinical,Ketosis,0.5
MAH-SAT-TAG-1765,SAT,Gir Cross,3.1,271,37.96,-0.23,38.02,292.9,37.7,182.0,30.0,85.3,14.7,Clinical,Ketosis,0.0
MAH-SAT-TAG-1766,SAT,Red Kandhari,6.3,93,38.31,0.15,38.51,433.1,3.8,241.6,7.1,105.5,-5.5,Healthy,Healthy,-1.0
MAH-SAT-TAG-1766,SAT,Red Kandhari,6.3,160,39.05,0.34,38.67,390.7,13.2,250.5,3.7,114.9,-14.9,Sub-clinical,Mastitis,1.2
MAH-SAT-TAG-1766,SAT,Red Kandhari,6.3,182,39.46,0.41,39.06,365.2,18.8,223.7,14.0,108.9,-8.9,Sub-clinical,Mastitis,0.3
MAH-SAT-TAG-1766,SAT,Red Kandhari,6.3,225,40.25,0.52,39.77,310.1,31.1,198.1,23.8,93.5,6.5,Clinical,Mastitis,0.0
MAH-AHM-TAG-1767,AHM,HF Cross,5.4,151,38.82,0.01,38.71,497.5,-5.9,260.8,-0.3,96.0,4.0,Healthy,Healthy,-1.0
MAH-AHM-TAG-1767,AHM,HF Cross,5.4,221,38.96,0.28,38.91,438.2,6.8,238.4,8.3,88.2,11.8,Sub-clinical,Mastitis,1.4
MAH-AHM-TAG-1767,AHM,HF Cross,5.4,246,39.41,0.25,39.31,387.3,17.6,217.8,16.2,87.4,12.6,Sub-clinical,Mastitis,0.4
MAH-AHM-TAG-1767,AHM,HF Cross,5.4,290,39.68,0.28,39.93,301.0,36.0,176.7,32.0,59.2,40.8,Clinical,Mastitis,0.0
MAH-NAS-TAG-1768,NAS,Red Kandhari,7.4,141,38.28,0.05,38.55,445.1,1.1,257.9,0.8,92.4,7.6,Healthy,Healthy,-1.0
MAH-NAS-TAG-1768,NAS,Red Kandhari,7.4,208,39.11,0.39,38.7,403.6,10.3,237.5,8.7,98.3,1.7,Sub-clinical,LSD,1.2
MAH-NAS-TAG-1768,NAS,Red Kandhari,7.4,230,39.73,0.35,39.15,367.0,18.4,230.7,11.3,95.3,4.7,Sub-clinical,LSD,0.3
MAH-NAS-TAG-1768,NAS,Red Kandhari,7.4,273,40.11,0.25,39.84,356.8,20.7,186.1,28.4,76.4,23.6,Clinical,LSD,0.0
MAH-AHM-TAG-1769,AHM,Gir Cross,7.5,146,38.07,0.01,38.26,461.5,1.8,257.2,1.1,88.8,11.2,Healthy,Healthy,-1.0
MAH-AHM-TAG-1769,AHM,Gir Cross,7.5,224,38.89,0.38,38.51,428.8,8.8,251.0,3.5,101.9,-1.9,Sub-clinical,Mastitis,1.9
MAH-AHM-TAG-1769,AHM,Gir Cross,7.5,257,39.17,0.39,38.91,316.2,32.7,226.5,12.9,97.8,2.2,Sub-clinical,Mastitis,0.5
MAH-AHM-TAG-1769,AHM,Gir Cross,7.5,304,39.87,0.23,39.53,238.3,49.3,210.9,18.9,87.1,12.9,Clinical,Mastitis,0.0
MAH-NAS-TAG-1770,NAS,HF Cross,5.4,115,38.63,-0.04,38.83,426.3,9.3,282.7,-8.7,94.7,5.3,Healthy,Healthy,-1.0
MAH-NAS-TAG-1770,NAS,HF Cross,5.4,190,38.68,0.12,38.84,428.4,8.9,266.8,-2.6,90.6,9.4,Healthy,Healthy,-1.0
MAH-NAS-TAG-1770,NAS,HF Cross,5.4,220,38.8,0.25,38.82,452.9,3.6,269.5,-3.7,99.4,0.6,Healthy,Healthy,-1.0
MAH-NAS-TAG-1770,NAS,HF Cross,5.4,266,38.45,-0.18,38.85,451.2,4.0,274.5,-5.6,98.4,1.6,Healthy,Healthy,-1.0
MAH-SAN-TAG-1771,SAN,Khillari,3.4,48,38.14,0.23,38.29,422.5,6.1,241.3,7.2,82.0,18.0,Healthy,Healthy,-1.0
MAH-SAN-TAG-1771,SAN,Khillari,3.4,113,38.71,0.24,38.42,368.1,18.2,235.8,9.3,90.7,9.3,Sub-clinical,LSD,1.1
MAH-SAN-TAG-1771,SAN,Khillari,3.4,132,39.3,0.26,38.83,363.8,19.2,245.6,5.5,89.1,10.9,Sub-clinical,LSD,0.3
MAH-SAN-TAG-1771,SAN,Khillari,3.4,175,39.86,0.3,39.59,325.6,27.6,176.8,32.0,67.5,32.5,Clinical,LSD,0.0
MAH-SAT-TAG-1772,SAT,Murrah Buffalo,5.4,160,38.47,-0.07,38.4,408.4,9.2,264.9,-1.9,108.3,-8.3,Healthy,Healthy,-1.0
MAH-SAT-TAG-1772,SAT,Murrah Buffalo,5.4,232,38.46,-0.01,38.38,407.3,9.5,281.1,-8.1,112.6,-12.6,Healthy,Healthy,-1.0
MAH-SAT-TAG-1772,SAT,Murrah Buffalo,5.4,259,38.33,-0.18,38.41,399.3,11.3,249.8,3.9,95.3,4.7,Healthy,Healthy,-1.0
MAH-SAT-TAG-1772,SAT,Murrah Buffalo,5.4,304,38.39,-0.24,38.38,410.2,8.8,271.7,-4.5,113.6,-13.6,Healthy,Healthy,-1.0
MAH-SOL-TAG-1773,SOL,Khillari,8.5,141,38.41,0.16,38.48,469.7,-4.4,268.9,-3.4,94.0,6.0,Healthy,Healthy,-1.0
MAH-SOL-TAG-1773,SOL,Khillari,8.5,212,38.72,0.37,38.67,443.9,1.4,234.5,9.8,86.6,13.4,Sub-clinical,LSD,1.5
MAH-SOL-TAG-1773,SOL,Khillari,8.5,238,38.93,0.3,39.1,400.9,10.9,209.2,19.5,73.3,26.7,Sub-clinical,LSD,0.4
MAH-SOL-TAG-1773,SOL,Khillari,8.5,283,39.92,0.31,39.82,312.1,30.6,181.5,30.2,68.2,31.8,Clinical,LSD,0.0
MAH-NAS-TAG-1774,NAS,Khillari,3.7,50,38.42,-0.1,38.66,440.4,2.1,259.8,0.1,92.5,7.5,Healthy,Healthy,-1.0
MAH-NAS-TAG-1774,NAS,Khillari,3.7,120,38.71,0.26,38.83,393.5,12.6,223.7,14.0,86.1,13.9,Sub-clinical,Mastitis,1.4
MAH-NAS-TAG-1774,NAS,Khillari,3.7,145,39.24,0.47,39.22,354.3,21.3,205.3,21.0,80.0,20.0,Sub-clinical,Mastitis,0.4
MAH-NAS-TAG-1774,NAS,Khillari,3.7,189,39.78,0.27,39.91,247.5,45.0,183.9,29.3,77.8,22.2,Clinical,Mastitis,0.0
MAH-NAS-TAG-1775,NAS,Murrah Buffalo,4.1,115,38.27,-0.1,38.38,422.8,6.0,241.8,7.0,98.9,1.1,Healthy,Healthy,-1.0
MAH-NAS-TAG-1775,NAS,Murrah Buffalo,4.1,192,37.93,-0.08,38.32,401.1,10.9,185.2,28.8,76.9,23.1,Sub-clinical,Ketosis,1.9
MAH-NAS-TAG-1775,NAS,Murrah Buffalo,4.1,226,38.54,0.04,38.26,357.7,20.5,209.3,19.5,99.8,0.2,Sub-clinical,Ketosis,0.5
MAH-NAS-TAG-1775,NAS,Murrah Buffalo,4.1,273,38.34,-0.13,38.1,266.2,40.8,141.8,45.5,87.3,12.7,Clinical,Ketosis,0.0
MAH-SAT-TAG-1776,SAT,HF Cross,6.2,96,37.92,0.06,38.24,478.1,-1.7,266.6,-2.5,82.3,17.7,Healthy,Healthy,-1.0
MAH-SAT-TAG-1776,SAT,HF Cross,6.2,162,38.7,0.43,38.38,418.9,10.9,272.5,-4.8,89.1,10.9,Sub-clinical,BRD,1.2
MAH-SAT-TAG-1776,SAT,HF Cross,6.2,182,39.19,0.37,38.74,400.2,14.9,260.4,-0.2,100.8,-0.8,Sub-clinical,BRD,0.3
MAH-SAT-TAG-1776,SAT,HF Cross,6.2,225,39.73,0.21,39.42,357.2,24.0,217.7,16.3,81.5,18.5,Clinical,BRD,0.0
MAH-SAT-TAG-1777,SAT,HF Cross,6.3,146,38.2,0.1,38.45,474.0,-0.9,216.8,16.6,83.8,16.2,Healthy,Healthy,-1.0
MAH-SAT-TAG-1777,SAT,HF Cross,6.3,215,38.56,0.47,38.61,423.4,9.9,188.7,27.4,75.0,25.0,Sub-clinical,Mastitis,1.3
MAH-SAT-TAG-1777,SAT,HF Cross,6.3,239,38.89,0.33,39.03,371.5,21.0,158.4,39.1,66.9,33.1,Sub-clinical,Mastitis,0.3
MAH-SAT-TAG-1777,SAT,HF Cross,6.3,283,39.74,0.25,39.72,265.7,43.5,160.7,38.2,71.6,28.4,Clinical,Mastitis,0.0
MAH-PUN-TAG-1778,PUN,Murrah Buffalo,7.4,52,38.17,-0.05,38.33,460.6,-2.4,235.4,9.5,91.4,8.6,Healthy,Healthy,-1.0
MAH-PUN-TAG-1778,PUN,Murrah Buffalo,7.4,119,37.9,0.0,38.29,422.5,6.1,223.1,14.2,86.5,13.5,Healthy,Healthy,-1.0
MAH-PUN-TAG-1778,PUN,Murrah Buffalo,7.4,139,38.18,-0.04,38.34,416.7,7.4,242.6,6.7,94.1,5.9,Healthy,Healthy,-1.0
MAH-PUN-TAG-1778,PUN,Murrah Buffalo,7.4,182,38.67,-0.15,38.35,415.5,7.7,272.3,-4.7,120.1,-20.1,Healthy,Healthy,-1.0
MAH-SAT-TAG-1779,SAT,Dangi,8.1,67,38.23,-0.09,38.28,414.0,8.0,264.2,-1.6,87.5,12.5,Healthy,Healthy,-1.0
MAH-SAT-TAG-1779,SAT,Dangi,8.1,135,38.61,-0.09,38.31,436.5,3.0,299.1,-15.0,97.8,2.2,Healthy,Healthy,-1.0
MAH-SAT-TAG-1779,SAT,Dangi,8.1,158,38.63,-0.03,38.36,431.2,4.2,296.6,-14.1,98.5,1.5,Healthy,Healthy,-1.0
MAH-SAT-TAG-1779,SAT,Dangi,8.1,201,38.54,-0.09,38.32,474.5,-5.4,295.7,-13.7,104.6,-4.6,Healthy,Healthy,-1.0
MAH-NAS-TAG-1780,NAS,Murrah Buffalo,8.4,158,38.67,-0.07,38.34,442.0,1.8,304.0,-16.9,91.5,8.5,Healthy,Healthy,-1.0
MAH-NAS-TAG-1780,NAS,Murrah Buffalo,8.4,232,38.44,-0.11,38.31,425.0,5.6,297.9,-14.6,91.9,8.1,Healthy,Healthy,-1.0
MAH-NAS-TAG-1780,NAS,Murrah Buffalo,8.4,261,38.04,0.04,38.29,446.9,0.7,287.0,-10.4,68.9,31.1,Healthy,Healthy,-1.0
MAH-NAS-TAG-1780,NAS,Murrah Buffalo,8.4,307,38.19,-0.09,38.3,424.7,5.6,286.0,-10.0,86.9,13.1,Healthy,Healthy,-1.0
MAH-KOL-TAG-1781,KOL,Red Kandhari,8.2,110,39.06,0.05,38.67,420.0,6.7,275.3,-5.9,115.3,-15.3,Healthy,Healthy,-1.0
MAH-KOL-TAG-1781,KOL,Red Kandhari,8.2,177,39.09,0.24,38.79,402.6,10.5,249.1,4.2,103.6,-3.6,Sub-clinical,BRD,1.2
MAH-KOL-TAG-1781,KOL,Red Kandhari,8.2,199,39.32,0.36,39.13,381.9,15.1,209.7,19.3,88.3,11.7,Sub-clinical,BRD,0.3
MAH-KOL-TAG-1781,KOL,Red Kandhari,8.2,242,39.61,0.27,39.83,287.3,36.2,152.8,41.2,59.9,40.1,Clinical,BRD,0.0
MAH-SAT-TAG-1782,SAT,Gir Cross,7.1,60,38.64,-0.02,38.29,487.2,-3.7,292.2,-12.4,117.0,-17.0,Healthy,Healthy,-1.0
MAH-SAT-TAG-1782,SAT,Gir Cross,7.1,130,38.55,-0.02,38.27,502.9,-7.0,286.7,-10.3,112.0,-12.0,Healthy,Healthy,-1.0
MAH-SAT-TAG-1782,SAT,Gir Cross,7.1,154,38.52,-0.03,38.3,502.8,-7.0,292.0,-12.3,112.1,-12.1,Healthy,Healthy,-1.0
MAH-SAT-TAG-1782,SAT,Gir Cross,7.1,199,38.26,-0.11,38.28,512.6,-9.1,265.7,-2.2,106.9,-6.9,Healthy,Healthy,-1.0
MAH-KOL-TAG-1783,KOL,Khillari,8.8,153,38.66,0.03,38.54,471.3,-4.7,270.5,-4.0,112.2,-12.2,Healthy,Healthy,-1.0
MAH-KOL-TAG-1783,KOL,Khillari,8.8,219,38.2,-0.14,38.52,472.7,-5.0,236.3,9.1,96.3,3.7,Healthy,Healthy,-1.0
MAH-KOL-TAG-1783,KOL,Khillari,8.8,240,38.15,-0.07,38.52,460.1,-2.2,238.8,8.2,82.9,17.1,Healthy,Healthy,-1.0
MAH-KOL-TAG-1783,KOL,Khillari,8.8,283,38.4,-0.02,38.54,426.2,5.3,255.7,1.7,101.6,-1.6,Healthy,Healthy,-1.0
MAH-NAS-TAG-1784,NAS,Red Kandhari,3.5,72,37.97,-0.02,38.3,423.7,5.8,249.7,4.0,95.6,4.4,Healthy,Healthy,-1.0
MAH-NAS-TAG-1784,NAS,Red Kandhari,3.5,144,38.07,-0.02,38.32,433.1,3.8,268.5,-3.3,91.7,8.3,Healthy,Healthy,-1.0
MAH-NAS-TAG-1784,NAS,Red Kandhari,3.5,173,38.28,0.1,38.33,464.3,-3.2,278.6,-7.2,104.4,-4.4,Healthy,Healthy,-1.0
MAH-NAS-TAG-1784,NAS,Red Kandhari,3.5,218,38.07,-0.1,38.34,445.3,1.0,263.3,-1.3,95.7,4.3,Healthy,Healthy,-1.0
MAH-AHM-TAG-1785,AHM,Khillari,6.4,96,38.16,0.02,38.45,462.0,-2.7,241.6,7.1,76.2,23.8,Healthy,Healthy,-1.0
MAH-AHM-TAG-1785,AHM,Khillari,6.4,173,38.63,0.39,38.61,449.8,0.0,243.3,6.4,83.3,16.7,Sub-clinical,BRD,1.9
MAH-AHM-TAG-1785,AHM,Khillari,6.4,207,39.4,0.23,39.03,353.1,21.5,232.4,10.6,94.3,5.7,Sub-clinical,BRD,0.5
MAH-AHM-TAG-1785,AHM,Khillari,6.4,254,40.16,0.29,39.62,298.7,33.6,196.8,24.3,80.5,19.5,Clinical,BRD,0.0
MAH-PUN-TAG-1786,PUN,Red Kandhari,5.6,69,37.81,-0.14,38.27,405.1,10.0,251.3,3.3,82.3,17.7,Healthy,Healthy,-1.0
MAH-PUN-TAG-1786,PUN,Red Kandhari,5.6,140,38.37,0.28,38.41,376.5,16.3,243.4,6.4,86.0,14.0,Sub-clinical,Mastitis,1.5
MAH-PUN-TAG-1786,PUN,Red Kandhari,5.6,166,38.71,0.39,38.81,340.5,24.3,209.3,19.5,70.3,29.7,Sub-clinical,Mastitis,0.4
MAH-PUN-TAG-1786,PUN,Red Kandhari,5.6,211,39.66,0.38,39.52,252.5,43.9,186.7,28.2,76.7,23.3,Clinical,Mastitis,0.0
MAH-SAT-TAG-1787,SAT,Gir Cross,3.3,117,38.21,-0.05,38.51,451.5,3.9,247.2,4.9,91.6,8.4,Healthy,Healthy,-1.0
MAH-SAT-TAG-1787,SAT,Gir Cross,3.3,183,39.14,0.32,38.69,393.7,16.2,238.6,8.2,99.5,0.5,Sub-clinical,FMD,1.2
MAH-SAT-TAG-1787,SAT,Gir Cross,3.3,204,39.91,0.59,39.25,338.4,28.0,200.0,23.1,85.5,14.5,Sub-clinical,FMD,0.3
MAH-SAT-TAG-1787,SAT,Gir Cross,3.3,247,40.53,0.36,40.27,261.6,44.3,136.4,47.5,55.6,44.4,Clinical,FMD,0.0
MAH-AHM-TAG-1788,AHM,Gir Cross,8.6,158,38.72,-0.11,38.47,445.1,5.3,321.5,-23.7,102.6,-2.6,Healthy,Healthy,-1.0
MAH-AHM-TAG-1788,AHM,Gir Cross,8.6,225,38.98,0.37,38.58,444.1,5.5,289.3,-11.3,95.1,4.9,Sub-clinical,BRD,1.2
MAH-AHM-TAG-1788,AHM,Gir Cross,8.6,247,39.24,0.37,38.95,379.8,19.2,257.8,0.8,81.4,18.6,Sub-clinical,BRD,0.3
MAH-AHM-TAG-1788,AHM,Gir Cross,8.6,290,39.49,0.38,39.61,322.9,31.3,209.9,19.3,44.4,55.6,Clinical,BRD,0.0
MAH-KOL-TAG-1789,KOL,HF Cross,6.1,117,37.9,0.0,38.22,432.2,8.0,226.8,12.8,83.4,16.6,Healthy,Healthy,-1.0
MAH-KOL-TAG-1789,KOL,HF Cross,6.1,191,37.82,0.02,38.19,436.1,7.2,238.3,8.3,72.0,28.0,Healthy,Healthy,-1.0
MAH-KOL-TAG-1789,KOL,HF Cross,6.1,220,38.1,0.03,38.2,470.4,-0.1,227.1,12.7,78.2,21.8,Healthy,Healthy,-1.0
MAH-KOL-TAG-1789,KOL,HF Cross,6.1,266,37.79,-0.13,38.21,480.2,-2.2,228.7,12.0,75.3,24.7,Healthy,Healthy,-1.0
MAH-NAS-TAG-1790,NAS,Khillari,5.1,141,38.07,0.15,38.27,406.9,9.6,260.9,-0.3,87.3,12.7,Healthy,Healthy,-1.0
MAH-NAS-TAG-1790,NAS,Khillari,5.1,207,38.47,0.01,38.29,426.0,5.3,283.7,-9.1,113.7,-13.7,Healthy,Healthy,-1.0
MAH-NAS-TAG-1790,NAS,Khillari,5.1,228,38.69,0.14,38.28,431.8,4.0,294.7,-13.3,121.7,-21.7,Healthy,Healthy,-1.0
MAH-NAS-TAG-1790,NAS,Khillari,5.1,271,38.28,-0.09,38.26,481.1,-6.9,279.8,-7.6,107.3,-7.3,Healthy,Healthy,-1.0
MAH-AHM-TAG-1791,AHM,Murrah Buffalo,7.9,117,38.1,0.09,38.26,441.8,1.8,223.2,14.2,90.1,9.9,Healthy,Healthy,-1.0
MAH-AHM-TAG-1791,AHM,Murrah Buffalo,7.9,191,38.4,0.55,38.47,445.6,1.0,220.3,15.3,79.9,20.1,Sub-clinical,Mastitis,1.6
MAH-AHM-TAG-1791,AHM,Murrah Buffalo,7.9,220,38.96,0.48,38.86,400.7,11.0,202.2,22.2,78.5,21.5,Sub-clinical,Mastitis,0.4
MAH-AHM-TAG-1791,AHM,Murrah Buffalo,7.9,266,39.29,0.11,39.51,330.0,26.7,178.5,31.3,68.0,32.0,Clinical,Mastitis,0.0
MAH-SAN-TAG-1792,SAN,Dangi,2.7,146,38.09,0.05,38.33,458.1,-1.8,276.1,-6.2,85.5,14.5,Healthy,Healthy,-1.0
MAH-SAN-TAG-1792,SAN,Dangi,2.7,215,38.43,0.53,38.5,404.2,10.2,249.4,4.1,89.5,10.5,Sub-clinical,Mastitis,1.3
MAH-SAN-TAG-1792,SAN,Dangi,2.7,239,38.71,0.28,38.9,364.3,19.0,232.7,10.5,76.0,24.0,Sub-clinical,Mastitis,0.3
MAH-SAN-TAG-1792,SAN,Dangi,2.7,283,39.65,0.32,39.59,275.6,38.8,208.0,20.0,77.4,22.6,Clinical,Mastitis,0.0
MAH-KOL-TAG-1793,KOL,Dangi,4.6,48,38.7,-0.01,39.03,475.6,-5.7,228.0,12.3,73.6,26.4,Healthy,Healthy,-1.0
MAH-KOL-TAG-1793,KOL,Dangi,4.6,120,39.0,0.34,39.22,426.6,5.2,201.7,22.4,57.3,42.7,Sub-clinical,LSD,1.6
MAH-KOL-TAG-1793,KOL,Dangi,4.6,149,39.81,0.29,39.65,430.7,4.3,202.9,22.0,59.3,40.7,Sub-clinical,LSD,0.4
MAH-KOL-TAG-1793,KOL,Dangi,4.6,194,40.09,0.37,40.35,343.3,23.7,143.7,44.7,43.1,56.9,Clinical,LSD,0.0
MAH-AHM-TAG-1794,AHM,Gir Cross,3.9,165,38.24,0.08,38.4,415.9,11.5,256.3,1.4,92.7,7.3,Healthy,Healthy,-1.0
MAH-AHM-TAG-1794,AHM,Gir Cross,3.9,241,38.0,-0.03,38.38,436.8,7.1,257.3,1.0,92.2,7.8,Healthy,Healthy,-1.0
MAH-AHM-TAG-1794,AHM,Gir Cross,3.9,272,38.6,-0.01,38.4,461.6,1.8,283.2,-8.9,116.7,-16.7,Healthy,Healthy,-1.0
MAH-AHM-TAG-1794,AHM,Gir Cross,3.9,319,38.54,0.12,38.41,464.7,1.1,277.7,-6.8,112.7,-12.7,Healthy,Healthy,-1.0
MAH-NAS-TAG-1795,NAS,HF Cross,4.3,132,38.98,0.09,38.6,489.2,-4.1,287.5,-10.6,119.2,-19.2,Healthy,Healthy,-1.0
MAH-NAS-TAG-1795,NAS,HF Cross,4.3,202,38.98,-0.04,38.65,523.2,-11.3,270.9,-4.2,109.9,-9.9,Healthy,Healthy,-1.0
MAH-NAS-TAG-1795,NAS,HF Cross,4.3,226,38.87,-0.11,38.6,518.9,-10.4,278.9,-7.3,112.6,-12.6,Healthy,Healthy,-1.0
MAH-NAS-TAG-1795,NAS,HF Cross,4.3,271,38.82,0.07,38.59,534.0,-13.6,267.4,-2.8,103.0,-3.0,Healthy,Healthy,-1.0
MAH-KOL-TAG-1796,KOL,Khillari,2.7,153,38.61,-0.06,38.46,488.0,-8.4,280.1,-7.7,117.3,-17.3,Healthy,Healthy,-1.0
MAH-KOL-TAG-1796,KOL,Khillari,2.7,221,38.62,0.29,38.52,441.9,1.8,247.5,4.8,93.2,6.8,Sub-clinical,Mastitis,1.3
MAH-KOL-TAG-1796,KOL,Khillari,2.7,244,39.03,0.53,38.96,382.8,14.9,223.8,13.9,82.5,17.5,Sub-clinical,Mastitis,0.3
MAH-KOL-TAG-1796,KOL,Khillari,2.7,288,39.48,0.37,39.66,293.4,34.8,177.1,31.9,73.2,26.8,Clinical,Mastitis,0.0
MAH-SAT-TAG-1797,SAT,HF Cross,7.2,141,38.55,0.08,38.72,394.4,16.1,278.6,-7.2,98.3,1.7,Healthy,Healthy,-1.0
MAH-SAT-TAG-1797,SAT,HF Cross,7.2,216,38.77,0.25,38.89,387.2,17.6,257.1,1.1,87.3,12.7,Sub-clinical,BRD,1.7
MAH-SAT-TAG-1797,SAT,HF Cross,7.2,246,39.43,0.25,39.27,368.8,21.5,244.8,5.8,88.5,11.5,Sub-clinical,BRD,0.4
MAH-SAT-TAG-1797,SAT,HF Cross,7.2,292,39.99,0.35,39.91,301.0,36.0,208.0,20.0,73.5,26.5,Clinical,BRD,0.0
MAH-AHM-TAG-1798,AHM,HF Cross,6.4,139,38.38,-0.14,38.55,433.3,7.8,268.4,-3.2,90.3,9.7,Healthy,Healthy,-1.0
MAH-AHM-TAG-1798,AHM,HF Cross,6.4,206,39.28,0.3,38.69,399.4,15.0,285.2,-9.7,104.0,-4.0,Sub-clinical,BRD,1.2
MAH-AHM-TAG-1798,AHM,HF Cross,6.4,228,39.81,0.68,39.07,373.3,20.6,254.1,2.3,103.0,-3.0,Sub-clinical,BRD,0.3
MAH-AHM-TAG-1798,AHM,HF Cross,6.4,271,39.93,0.31,39.76,345.6,26.5,206.4,20.6,69.1,30.9,Clinical,BRD,0.0
MAH-SAT-TAG-1799,SAT,HF Cross,6.2,72,38.37,0.11,38.67,467.6,0.5,203.2,21.8,90.8,9.2,Healthy,Healthy,-1.0
MAH-SAT-TAG-1799,SAT,HF Cross,6.2,141,38.94,0.49,38.91,389.1,17.2,167.5,35.6,88.1,11.9,Sub-clinical,FMD,1.3
MAH-SAT-TAG-1799,SAT,HF Cross,6.2,164,39.69,0.68,39.43,325.5,30.7,147.9,43.1,73.9,26.1,Sub-clinical,FMD,0.4
MAH-SAT-TAG-1799,SAT,HF Cross,6.2,208,40.78,0.47,40.43,214.9,54.3,93.9,63.9,67.4,32.6,Clinical,FMD,0.0
MAH-KOL-TAG-1800,KOL,HF Cross,8.0,156,38.84,-0.02,38.48,481.1,-2.4,287.0,-10.4,110.3,-10.3,Healthy,Healthy,-1.0
MAH-KOL-TAG-1800,KOL,HF Cross,8.0,223,38.56,-0.01,38.47,458.5,2.4,245.6,5.5,88.5,11.5,Sub-clinical,Ketosis,1.2
MAH-KOL-TAG-1800,KOL,HF Cross,8.0,244,38.2,-0.04,38.35,383.0,18.5,183.5,29.4,70.3,29.7,Sub-clinical,Ketosis,0.3
MAH-KOL-TAG-1800,KOL,HF Cross,8.0,288,37.87,-0.13,38.22,272.4,42.0,137.2,47.2,49.7,50.3,Clinical,Ketosis,0.0
MAH-PUN-TAG-1801,PUN,Murrah Buffalo,7.2,120,37.62,-0.21,38.02,439.7,2.3,221.9,14.7,92.3,7.7,Healthy,Healthy,-1.0
MAH-PUN-TAG-1801,PUN,Murrah Buffalo,7.2,195,37.73,-0.09,38.03,439.9,2.2,233.5,10.2,88.2,11.8,Healthy,Healthy,-1.0
MAH-PUN-TAG-1801,PUN,Murrah Buffalo,7.2,227,38.33,0.03,38.07,435.7,3.2,260.9,-0.3,112.2,-12.2,Healthy,Healthy,-1.0
MAH-PUN-TAG-1801,PUN,Murrah Buffalo,7.2,273,38.32,0.12,38.04,443.6,1.4,254.8,2.0,113.8,-13.8,Healthy,Healthy,-1.0
MAH-SOL-TAG-1802,SOL,Gir Cross,7.9,139,38.36,-0.02,38.43,416.7,11.3,273.3,-5.1,86.2,13.8,Healthy,Healthy,-1.0
MAH-SOL-TAG-1802,SOL,Gir Cross,7.9,216,38.49,0.23,38.74,370.2,21.2,224.0,13.8,69.6,30.4,Sub-clinical,FMD,1.9
MAH-SOL-TAG-1802,SOL,Gir Cross,7.9,250,39.79,0.34,39.35,330.8,29.6,215.6,17.1,83.3,16.7,Sub-clinical,FMD,0.5
MAH-SOL-TAG-1802,SOL,Gir Cross,7.9,297,40.68,0.43,40.22,229.2,51.2,156.9,39.7,57.3,42.7,Clinical,FMD,0.0
MAH-SOL-TAG-1803,SOL,Dangi,8.9,88,38.75,-0.25,38.76,401.4,10.8,283.1,-8.9,113.6,-13.6,Healthy,Healthy,-1.0
MAH-SOL-TAG-1803,SOL,Dangi,8.9,166,38.88,0.28,38.98,382.3,15.0,231.7,10.9,74.5,25.5,Sub-clinical,LSD,1.9
MAH-SOL-TAG-1803,SOL,Dangi,8.9,200,39.66,0.27,39.39,385.4,14.4,219.5,15.6,91.3,8.7,Sub-clinical,LSD,0.5
MAH-SOL-TAG-1803,SOL,Dangi,8.9,247,40.28,0.33,40.05,316.4,29.7,182.7,29.7,79.4,20.6,Clinical,LSD,0.0
MAH-SAT-TAG-1804,SAT,Khillari,7.1,50,38.34,0.1,38.58,480.3,-6.7,250.6,3.6,85.1,14.9,Healthy,Healthy,-1.0
MAH-SAT-TAG-1804,SAT,Khillari,7.1,127,39.26,0.51,38.9,428.9,4.7,236.8,8.9,85.2,14.8,Sub-clinical,FMD,1.8
MAH-SAT-TAG-1804,SAT,Khillari,7.1,159,39.91,0.38,39.43,303.2,32.6,205.7,20.9,78.9,21.1,Sub-clinical,FMD,0.5
MAH-SAT-TAG-1804,SAT,Khillari,7.1,206,40.79,0.23,40.34,217.8,51.6,138.7,46.7,67.7,32.3,Clinical,FMD,0.0
MAH-SAT-TAG-1805,SAT,Red Kandhari,4.6,122,38.4,0.06,38.58,447.2,0.6,258.6,0.5,83.9,16.1,Healthy,Healthy,-1.0
MAH-SAT-TAG-1805,SAT,Red Kandhari,4.6,195,38.7,0.34,38.75,432.8,3.8,238.2,8.4,79.6,20.4,Sub-clinical,BRD,1.6
MAH-SAT-TAG-1805,SAT,Red Kandhari,4.6,223,39.51,0.43,39.18,391.7,13.0,241.5,7.1,83.1,16.9,Sub-clinical,BRD,0.4
MAH-SAT-TAG-1805,SAT,Red Kandhari,4.6,268,39.7,0.23,39.77,318.4,29.2,178.0,31.5,69.0,31.0,Clinical,BRD,0.0
MAH-SOL-TAG-1806,SOL,Murrah Buffalo,7.4,112,38.58,0.02,38.41,440.8,2.0,231.3,11.0,100.2,-0.2,Healthy,Healthy,-1.0
MAH-SOL-TAG-1806,SOL,Murrah Buffalo,7.4,182,38.78,0.07,38.43,444.2,1.3,243.5,6.3,112.8,-12.8,Healthy,Healthy,-1.0
MAH-SOL-TAG-1806,SOL,Murrah Buffalo,7.4,207,38.69,0.07,38.42,454.2,-0.9,244.2,6.1,111.2,-11.2,Healthy,Healthy,-1.0
MAH-SOL-TAG-1806,SOL,Murrah Buffalo,7.4,252,38.74,0.04,38.38,469.3,-4.3,242.8,6.6,114.9,-14.9,Healthy,Healthy,-1.0
MAH-NAS-TAG-1807,NAS,Dangi,2.6,134,38.56,0.11,38.2,410.8,8.7,273.8,-5.3,119.8,-19.8,Healthy,Healthy,-1.0
MAH-NAS-TAG-1807,NAS,Dangi,2.6,205,38.53,0.04,38.22,402.7,10.5,280.2,-7.8,116.6,-16.6,Healthy,Healthy,-1.0
MAH-NAS-TAG-1807,NAS,Dangi,2.6,231,38.39,0.04,38.23,402.0,10.7,278.1,-7.0,107.4,-7.4,Healthy,Healthy,-1.0
MAH-NAS-TAG-1807,NAS,Dangi,2.6,276,38.54,-0.07,38.21,418.7,7.0,269.6,-3.7,123.3,-23.3,Healthy,Healthy,-1.0
MAH-SAT-TAG-1808,SAT,Murrah Buffalo,4.0,100,38.12,0.07,38.21,455.4,-1.2,254.5,2.1,105.5,-5.5,Healthy,Healthy,-1.0
MAH-SAT-TAG-1808,SAT,Murrah Buffalo,4.0,170,38.47,0.61,38.4,393.2,12.6,220.5,15.2,83.0,17.0,Sub-clinical,FMD,1.4
MAH-SAT-TAG-1808,SAT,Murrah Buffalo,4.0,195,38.94,0.55,38.98,333.3,25.9,173.0,33.5,62.2,37.8,Sub-clinical,FMD,0.4
MAH-SAT-TAG-1808,SAT,Murrah Buffalo,4.0,240,39.85,0.41,39.96,211.2,53.1,100.0,61.5,38.4,61.6,Clinical,FMD,0.0
MAH-AHM-TAG-1809,AHM,Gir Cross,7.6,55,38.82,0.23,38.56,499.7,-6.3,269.2,-3.5,84.9,15.1,Healthy,Healthy,-1.0
MAH-AHM-TAG-1809,AHM,Gir Cross,7.6,128,38.99,0.43,38.72,439.2,6.6,261.2,-0.5,90.0,10.0,Sub-clinical,BRD,1.6
MAH-AHM-TAG-1809,AHM,Gir Cross,7.6,156,39.72,0.37,39.1,366.4,22.0,240.0,7.7,88.6,11.4,Sub-clinical,BRD,0.4
MAH-AHM-TAG-1809,AHM,Gir Cross,7.6,201,40.17,0.4,39.73,351.0,25.3,216.3,16.8,67.1,32.9,Clinical,BRD,0.0
MAH-PUN-TAG-1810,PUN,Red Kandhari,4.5,81,38.51,0.02,38.32,471.8,-4.8,256.4,1.4,118.5,-18.5,Healthy,Healthy,-1.0
MAH-PUN-TAG-1810,PUN,Red Kandhari,4.5,158,38.53,-0.03,38.25,387.2,14.0,229.3,11.8,116.7,-16.7,Sub-clinical,Ketosis,1.8
MAH-PUN-TAG-1810,PUN,Red Kandhari,4.5,190,37.94,-0.05,38.15,321.4,28.6,159.1,38.8,74.4,25.6,Sub-clinical,Ketosis,0.5
MAH-PUN-TAG-1810,PUN,Red Kandhari,4.5,237,37.78,0.02,37.99,221.2,50.8,113.5,56.3,72.3,27.7,Clinical,Ketosis,0.0
MAH-PUN-TAG-1811,PUN,HF Cross,3.9,158,38.94,-0.06,38.67,472.9,-0.6,278.6,-7.2,114.4,-14.4,Healthy,Healthy,-1.0
MAH-PUN-TAG-1811,PUN,HF Cross,3.9,236,38.43,0.06,38.59,430.2,8.5,231.7,10.9,85.0,15.0,Sub-clinical,Ketosis,1.9
MAH-PUN-TAG-1811,PUN,HF Cross,3.9,269,38.33,-0.2,38.5,423.0,10.0,201.3,22.6,84.9,15.1,Sub-clinical,Ketosis,0.5
MAH-PUN-TAG-1811,PUN,HF Cross,3.9,316,38.27,0.12,38.35,319.9,31.9,140.4,46.0,76.0,24.0,Clinical,Ketosis,0.0
MAH-KOL-TAG-1812,KOL,Red Kandhari,7.7,50,38.45,0.11,38.6,450.9,-0.2,235.5,9.4,63.6,36.4,Healthy,Healthy,-1.0
MAH-KOL-TAG-1812,KOL,Red Kandhari,7.7,123,38.8,0.38,38.75,402.5,10.6,223.6,14.0,75.2,24.8,Sub-clinical,Mastitis,1.6
MAH-KOL-TAG-1812,KOL,Red Kandhari,7.7,151,39.48,0.51,39.17,365.9,18.7,220.9,15.0,74.4,25.6,Sub-clinical,Mastitis,0.4
MAH-KOL-TAG-1812,KOL,Red Kandhari,7.7,196,39.63,0.03,39.81,289.2,35.7,171.1,34.2,49.6,50.4,Clinical,Mastitis,0.0
MAH-SAN-TAG-1813,SAN,HF Cross,7.8,129,38.73,0.03,38.44,452.9,3.6,260.5,-0.2,112.8,-12.8,Healthy,Healthy,-1.0
MAH-SAN-TAG-1813,SAN,HF Cross,7.8,208,38.88,0.36,38.64,355.3,24.4,233.5,10.2,95.2,4.8,Sub-clinical,BRD,1.9
MAH-SAN-TAG-1813,SAN,HF Cross,7.8,242,38.83,0.25,38.99,364.3,22.5,186.2,28.4,75.0,25.0,Sub-clinical,BRD,0.5
MAH-SAN-TAG-1813,SAN,HF Cross,7.8,290,39.28,0.09,39.61,292.2,37.8,156.8,39.7,62.4,37.6,Clinical,BRD,0.0
MAH-KOL-TAG-1814,KOL,Gir Cross,7.6,100,38.41,0.09,38.56,495.4,-5.4,265.4,-2.1,101.4,-1.4,Healthy,Healthy,-1.0
MAH-KOL-TAG-1814,KOL,Gir Cross,7.6,168,38.15,-0.17,38.59,473.6,-0.8,262.6,-1.0,89.1,10.9,Healthy,Healthy,-1.0
MAH-KOL-TAG-1814,KOL,Gir Cross,7.6,191,38.34,0.15,38.55,458.2,2.5,255.5,1.7,91.2,8.8,Healthy,Healthy,-1.0
MAH-KOL-TAG-1814,KOL,Gir Cross,7.6,235,38.38,-0.08,38.59,435.4,7.4,277.9,-6.9,101.2,-1.2,Healthy,Healthy,-1.0
MAH-SAT-TAG-1815,SAT,Khillari,2.9,108,38.67,-0.01,38.44,469.5,-4.3,270.2,-3.9,109.9,-9.9,Healthy,Healthy,-1.0
MAH-SAT-TAG-1815,SAT,Khillari,2.9,178,39.34,0.46,38.73,413.7,8.1,234.2,9.9,94.3,5.7,Sub-clinical,FMD,1.4
MAH-SAT-TAG-1815,SAT,Khillari,2.9,202,39.7,0.36,39.24,335.5,25.4,178.4,31.4,80.9,19.1,Sub-clinical,FMD,0.4
MAH-SAT-TAG-1815,SAT,Khillari,2.9,247,40.55,0.4,40.22,273.9,39.1,110.9,57.3,50.8,49.2,Clinical,FMD,0.0
MAH-PUN-TAG-1816,PUN,Murrah Buffalo,6.0,57,38.54,0.01,38.27,461.1,-2.5,269.9,-3.8,107.1,-7.1,Healthy,Healthy,-1.0
MAH-PUN-TAG-1816,PUN,Murrah Buffalo,6.0,122,37.98,-0.02,38.26,463.7,-3.0,252.8,2.8,77.3,22.7,Healthy,Healthy,-1.0
MAH-PUN-TAG-1816,PUN,Murrah Buffalo,6.0,142,38.05,0.19,38.27,438.0,2.7,236.4,9.1,72.5,27.5,Healthy,Healthy,-1.0
MAH-PUN-TAG-1816,PUN,Murrah Buffalo,6.0,184,38.46,-0.06,38.31,396.9,11.8,280.3,-7.8,97.2,2.8,Healthy,Healthy,-1.0
MAH-PUN-TAG-1817,PUN,Gir Cross,8.7,79,38.9,-0.06,38.72,452.1,3.8,242.6,6.7,108.0,-8.0,Healthy,Healthy,-1.0
MAH-PUN-TAG-1817,PUN,Gir Cross,8.7,149,38.5,-0.04,38.68,464.0,1.3,226.5,12.9,90.8,9.2,Healthy,Healthy,-1.0
MAH-PUN-TAG-1817,PUN,Gir Cross,8.7,174,38.78,0.11,38.75,456.7,2.8,235.4,9.5,100.9,-0.9,Healthy,Healthy,-1.0
MAH-PUN-TAG-1817,PUN,Gir Cross,8.7,218,38.35,-0.08,38.68,429.0,8.7,217.6,16.3,93.3,6.7,Healthy,Healthy,-1.0
MAH-NAS-TAG-1818,NAS,HF Cross,4.4,158,38.9,0.32,38.5,414.7,11.8,252.2,3.0,123.5,-23.5,Healthy,Healthy,-1.0
MAH-NAS-TAG-1818,NAS,HF Cross,4.4,227,39.17,0.39,38.64,423.0,10.0,246.1,5.3,115.3,-15.3,Sub-clinical,LSD,1.3
MAH-NAS-TAG-1818,NAS,HF Cross,4.4,251,39.6,0.43,39.08,365.6,22.2,209.0,19.6,102.3,-2.3,Sub-clinical,LSD,0.3
MAH-NAS-TAG-1818,NAS,HF Cross,4.4,295,40.0,0.17,39.82,335.2,28.7,154.8,40.5,72.8,27.2,Clinical,LSD,0.0
MAH-SAT-TAG-1819,SAT,Gir Cross,7.3,134,38.61,0.11,38.26,433.9,7.7,274.6,-5.6,111.3,-11.3,Healthy,Healthy,-1.0
MAH-SAT-TAG-1819,SAT,Gir Cross,7.3,213,38.41,0.4,38.54,358.0,23.8,222.9,14.3,83.3,16.7,Sub-clinical,FMD,1.9
MAH-SAT-TAG-1819,SAT,Gir Cross,7.3,247,39.38,0.36,39.11,335.5,28.6,192.0,26.2,89.1,10.9,Sub-clinical,FMD,0.5
MAH-SAT-TAG-1819,SAT,Gir Cross,7.3,295,40.12,0.3,39.98,237.9,49.4,133.9,48.5,61.5,38.5,Clinical,FMD,0.0
MAH-SAN-TAG-1820,SAN,Red Kandhari,7.9,52,38.31,0.01,38.39,450.9,-0.2,281.6,-8.3,84.3,15.7,Healthy,Healthy,-1.0
MAH-SAN-TAG-1820,SAN,Red Kandhari,7.9,125,38.69,0.27,38.59,413.9,8.0,256.1,1.5,88.9,11.1,Sub-clinical,LSD,1.6
MAH-SAN-TAG-1820,SAN,Red Kandhari,7.9,153,39.48,0.4,39.04,368.7,18.1,247.8,4.7,84.5,15.5,Sub-clinical,LSD,0.4
MAH-SAN-TAG-1820,SAN,Red Kandhari,7.9,199,40.03,0.33,39.75,302.9,32.7,190.1,26.9,63.0,37.0,Clinical,LSD,0.0
MAH-SAN-TAG-1821,SAN,Gir Cross,5.1,148,38.02,-0.04,38.29,468.6,0.3,247.9,4.7,85.5,14.5,Healthy,Healthy,-1.0
MAH-SAN-TAG-1821,SAN,Gir Cross,5.1,217,38.44,0.4,38.46,403.9,14.1,232.1,10.7,79.7,20.3,Sub-clinical,Mastitis,1.4
MAH-SAN-TAG-1821,SAN,Gir Cross,5.1,241,38.63,0.19,38.85,363.4,22.7,203.4,21.8,79.4,20.6,Sub-clinical,Mastitis,0.4
MAH-SAN-TAG-1821,SAN,Gir Cross,5.1,285,39.49,0.38,39.58,258.4,45.0,175.0,32.7,66.4,33.6,Clinical,Mastitis,0.0
MAH-SAN-TAG-1822,SAN,Red Kandhari,7.4,112,38.52,-0.28,38.49,411.0,8.7,262.1,-0.8,108.5,-8.5,Healthy,Healthy,-1.0
MAH-SAN-TAG-1822,SAN,Red Kandhari,7.4,189,38.55,0.26,38.67,387.8,13.8,215.6,17.1,86.1,13.9,Sub-clinical,Mastitis,1.8
MAH-SAN-TAG-1822,SAN,Red Kandhari,7.4,222,39.24,0.39,39.07,382.4,15.0,212.2,18.4,95.2,4.8,Sub-clinical,Mastitis,0.4
MAH-SAN-TAG-1822,SAN,Red Kandhari,7.4,268,39.66,0.19,39.7,308.1,31.5,167.1,35.7,83.1,16.9,Clinical,Mastitis,0.0
MAH-SAT-TAG-1823,SAT,HF Cross,2.4,62,38.73,-0.31,38.66,477.0,-1.5,294.5,-13.3,115.3,-15.3,Healthy,Healthy,-1.0
MAH-SAT-TAG-1823,SAT,HF Cross,2.4,134,39.2,0.3,38.83,434.3,7.6,275.0,-5.8,110.9,-10.9,Sub-clinical,LSD,1.5
MAH-SAT-TAG-1823,SAT,HF Cross,2.4,161,39.52,0.42,39.24,384.7,18.1,228.4,12.2,86.3,13.7,Sub-clinical,LSD,0.4
MAH-SAT-TAG-1823,SAT,HF Cross,2.4,206,40.46,0.35,39.99,345.5,26.5,208.2,19.9,85.9,14.1,Clinical,LSD,0.0
MAH-SAN-TAG-1824,SAN,Khillari,8.8,151,38.47,-0.1,38.41,491.8,-9.3,302.2,-16.2,112.1,-12.1,Healthy,Healthy,-1.0
MAH-SAN-TAG-1824,SAN,Khillari,8.8,225,38.93,0.32,38.61,432.6,3.9,305.8,-17.6,111.3,-11.3,Sub-clinical,Mastitis,1.6
MAH-SAN-TAG-1824,SAN,Khillari,8.8,254,39.41,0.29,39.02,366.5,18.6,286.0,-10.0,107.5,-7.5,Sub-clinical,Mastitis,0.4
MAH-SAN-TAG-1824,SAN,Khillari,8.8,300,40.14,0.36,39.67,303.2,32.6,256.4,1.4,106.5,-6.5,Clinical,Mastitis,0.0
MAH-KOL-TAG-1825,KOL,Khillari,4.0,153,38.74,-0.02,38.66,452.4,-0.5,262.2,-0.8,96.0,4.0,Healthy,Healthy,-1.0
MAH-KOL-TAG-1825,KOL,Khillari,4.0,226,38.82,-0.23,38.63,394.6,12.3,234.8,9.7,100.6,-0.6,Sub-clinical,Ketosis,1.6
MAH-KOL-TAG-1825,KOL,Khillari,4.0,254,38.75,-0.26,38.54,318.1,29.3,218.2,16.1,90.4,9.6,Sub-clinical,Ketosis,0.4
MAH-KOL-TAG-1825,KOL,Khillari,4.0,300,38.76,-0.02,38.38,227.3,49.5,166.4,36.0,82.7,17.3,Clinical,Ketosis,0.0
MAH-KOL-TAG-1826,KOL,Gir Cross,5.5,139,38.65,-0.11,38.78,446.8,4.9,254.5,2.1,104.7,-4.7,Healthy,Healthy,-1.0
MAH-KOL-TAG-1826,KOL,Gir Cross,5.5,215,38.82,0.25,39.01,424.8,9.6,231.9,10.8,87.7,12.3,Sub-clinical,Mastitis,1.7
MAH-KOL-TAG-1826,KOL,Gir Cross,5.5,246,39.63,0.36,39.41,424.1,9.8,228.0,12.3,92.4,7.6,Sub-clinical,Mastitis,0.4
MAH-KOL-TAG-1826,KOL,Gir Cross,5.5,292,39.97,0.19,40.03,340.7,27.5,186.9,28.1,76.6,23.4,Clinical,Mastitis,0.0
MAH-SAT-TAG-1827,SAT,Murrah Buffalo,4.2,98,38.11,0.05,38.36,462.7,-2.8,241.0,7.3,97.1,2.9,Healthy,Healthy,-1.0
MAH-SAT-TAG-1827,SAT,Murrah Buffalo,4.2,170,38.45,0.36,38.53,436.6,3.0,221.5,14.8,85.9,14.1,Sub-clinical,LSD,1.5
MAH-SAT-TAG-1827,SAT,Murrah Buffalo,4.2,197,39.02,0.28,38.96,422.8,6.0,211.7,18.6,73.1,26.9,Sub-clinical,LSD,0.4
MAH-SAT-TAG-1827,SAT,Murrah Buffalo,4.2,242,39.53,0.31,39.67,340.6,24.3,169.1,35.0,54.3,45.7,Clinical,LSD,0.0
MAH-PUN-TAG-1828,PUN,HF Cross,9.0,100,38.64,0.06,38.67,503.9,-7.2,250.3,3.7,90.9,9.1,Healthy,Healthy,-1.0
MAH-PUN-TAG-1828,PUN,HF Cross,9.0,174,38.48,-0.19,38.65,458.7,2.4,242.3,6.8,97.2,2.8,Sub-clinical,Ketosis,1.7
MAH-PUN-TAG-1828,PUN,HF Cross,9.0,203,38.88,-0.05,38.58,380.9,19.0,232.5,10.6,107.1,-7.1,Sub-clinical,Ketosis,0.4
MAH-PUN-TAG-1828,PUN,HF Cross,9.0,249,38.51,-0.29,38.43,304.3,35.3,175.9,32.3,86.9,13.1,Clinical,Ketosis,0.0
MAH-SOL-TAG-1829,SOL,Murrah Buffalo,7.4,100,38.19,-0.03,38.25,476.6,-5.9,224.4,13.7,92.8,7.2,Healthy,Healthy,-1.0
MAH-SOL-TAG-1829,SOL,Murrah Buffalo,7.4,175,38.78,0.4,38.45,444.4,1.2,232.5,10.6,91.0,9.0,Sub-clinical,LSD,1.7
MAH-SOL-TAG-1829,SOL,Murrah Buffalo,7.4,205,39.19,0.2,38.89,376.3,16.4,230.2,11.5,94.5,5.5,Sub-clinical,LSD,0.5
MAH-SOL-TAG-1829,SOL,Murrah Buffalo,7.4,252,40.04,0.18,39.61,322.5,28.3,188.5,27.5,81.9,18.1,Clinical,LSD,0.0
MAH-PUN-TAG-1830,PUN,Dangi,4.1,151,38.87,0.23,38.65,476.8,-6.0,266.1,-2.3,97.9,2.1,Healthy,Healthy,-1.0
MAH-PUN-TAG-1830,PUN,Dangi,4.1,225,38.83,-0.07,38.63,446.9,0.7,276.9,-6.5,112.2,-12.2,Healthy,Healthy,-1.0
MAH-PUN-TAG-1830,PUN,Dangi,4.1,254,39.03,-0.06,38.65,428.9,4.7,289.4,-11.3,122.2,-22.2,Healthy,Healthy,-1.0
MAH-PUN-TAG-1830,PUN,Dangi,4.1,300,38.88,-0.21,38.64,443.5,1.4,280.5,-7.9,117.4,-17.4,Healthy,Healthy,-1.0
MAH-KOL-TAG-1831,KOL,Red Kandhari,3.0,144,38.01,-0.09,38.45,463.2,-2.9,245.8,5.5,88.9,11.1,Healthy,Healthy,-1.0
MAH-KOL-TAG-1831,KOL,Red Kandhari,3.0,213,38.25,0.09,38.48,414.4,7.9,251.5,3.3,92.3,7.7,Healthy,Healthy,-1.0
MAH-KOL-TAG-1831,KOL,Red Kandhari,3.0,236,38.34,-0.1,38.49,429.1,4.6,254.7,2.0,96.6,3.4,Healthy,Healthy,-1.0
MAH-KOL-TAG-1831,KOL,Red Kandhari,3.0,280,38.75,-0.01,38.5,417.9,7.1,278.9,-7.3,114.2,-14.2,Healthy,Healthy,-1.0
MAH-PUN-TAG-1832,PUN,Murrah Buffalo,7.4,139,38.56,0.18,38.58,379.5,15.7,248.1,4.6,91.8,8.2,Healthy,Healthy,-1.0
MAH-PUN-TAG-1832,PUN,Murrah Buffalo,7.4,214,38.26,0.1,38.53,357.3,20.6,220.4,15.2,73.3,26.7,Sub-clinical,Ketosis,1.7
MAH-PUN-TAG-1832,PUN,Murrah Buffalo,7.4,244,38.19,-0.19,38.45,318.8,29.2,186.3,28.3,75.9,24.1,Sub-clinical,Ketosis,0.4
MAH-PUN-TAG-1832,PUN,Murrah Buffalo,7.4,290,38.09,-0.08,38.32,220.6,51.0,119.6,54.0,61.7,38.3,Clinical,Ketosis,0.0
MAH-SAT-TAG-1833,SAT,Dangi,3.5,136,38.64,0.1,38.39,441.5,1.9,263.2,-1.2,118.3,-18.3,Healthy,Healthy,-1.0
MAH-SAT-TAG-1833,SAT,Dangi,3.5,208,38.59,0.14,38.36,430.4,4.4,266.3,-2.4,111.6,-11.6,Healthy,Healthy,-1.0
MAH-SAT-TAG-1833,SAT,Dangi,3.5,235,38.46,0.23,38.4,445.8,0.9,239.7,7.8,104.2,-4.2,Healthy,Healthy,-1.0
MAH-SAT-TAG-1833,SAT,Dangi,3.5,280,38.5,0.07,38.4,445.8,0.9,255.4,1.8,107.8,-7.8,Healthy,Healthy,-1.0
MAH-KOL-TAG-1834,KOL,Gir Cross,2.1,105,38.77,0.04,38.52,486.4,-3.5,251.1,3.4,98.8,1.2,Healthy,Healthy,-1.0
MAH-KOL-TAG-1834,KOL,Gir Cross,2.1,180,38.84,0.0,38.5,409.3,12.9,239.1,8.0,97.6,2.4,Sub-clinical,Ketosis,1.7
MAH-KOL-TAG-1834,KOL,Gir Cross,2.1,210,38.3,-0.25,38.4,311.5,33.7,195.9,24.7,71.6,28.4,Sub-clinical,Ketosis,0.4
MAH-KOL-TAG-1834,KOL,Gir Cross,2.1,256,38.4,-0.11,38.26,229.0,51.3,156.6,39.8,74.2,25.8,Clinical,Ketosis,0.0
MAH-AHM-TAG-1835,AHM,Murrah Buffalo,8.0,136,38.46,-0.2,38.43,394.2,12.4,252.1,3.0,99.6,0.4,Healthy,Healthy,-1.0
MAH-AHM-TAG-1835,AHM,Murrah Buffalo,8.0,212,38.13,-0.16,38.4,408.5,9.2,257.1,1.1,79.1,20.9,Healthy,Healthy,-1.0
MAH-AHM-TAG-1835,AHM,Murrah Buffalo,8.0,243,38.13,0.01,38.38,427.0,5.1,242.0,6.9,89.2,10.8,Healthy,Healthy,-1.0
MAH-AHM-TAG-1835,AHM,Murrah Buffalo,8.0,290,38.1,-0.14,38.4,425.9,5.4,237.6,8.6,77.4,22.6,Healthy,Healthy,-1.0
MAH-SOL-TAG-1836,SOL,Red Kandhari,6.3,151,38.56,0.02,38.51,478.1,-6.2,258.9,0.4,102.7,-2.7,Healthy,Healthy,-1.0
MAH-SOL-TAG-1836,SOL,Red Kandhari,6.3,221,39.08,0.71,38.73,402.0,10.7,220.0,15.4,78.4,21.6,Sub-clinical,FMD,1.4
MAH-SOL-TAG-1836,SOL,Red Kandhari,6.3,246,39.63,0.61,39.32,344.1,23.5,171.7,34.0,74.6,25.4,Sub-clinical,FMD,0.4
MAH-SOL-TAG-1836,SOL,Red Kandhari,6.3,290,40.21,0.53,40.21,216.5,51.9,81.4,68.7,38.3,61.7,Clinical,FMD,0.0
MAH-SAT-TAG-1837,SAT,Khillari,3.4,74,38.25,0.01,38.46,436.7,3.0,231.3,11.0,86.7,13.3,Healthy,Healthy,-1.0
MAH-SAT-TAG-1837,SAT,Khillari,3.4,153,38.77,0.11,38.48,447.4,0.6,253.1,2.7,116.4,-16.4,Healthy,Healthy,-1.0
MAH-SAT-TAG-1837,SAT,Khillari,3.4,187,38.32,-0.01,38.47,396.5,11.9,235.8,9.3,92.1,7.9,Healthy,Healthy,-1.0
MAH-SAT-TAG-1837,SAT,Khillari,3.4,235,38.44,0.12,38.47,396.7,11.8,240.1,7.7,93.4,6.6,Healthy,Healthy,-1.0
MAH-SOL-TAG-1838,SOL,Dangi,7.0,148,38.38,0.01,38.6,470.6,-4.6,262.4,-0.9,100.7,-0.7,Healthy,Healthy,-1.0
MAH-SOL-TAG-1838,SOL,Dangi,7.0,222,38.96,0.29,38.8,438.9,2.5,245.9,5.4,98.7,1.3,Sub-clinical,LSD,1.6
MAH-SOL-TAG-1838,SOL,Dangi,7.0,251,39.69,0.32,39.25,371.3,17.5,245.1,5.7,107.5,-7.5,Sub-clinical,LSD,0.4
MAH-SOL-TAG-1838,SOL,Dangi,7.0,297,40.3,0.22,39.95,310.7,31.0,206.4,20.6,88.2,11.8,Clinical,LSD,0.0
MAH-KOL-TAG-1839,KOL,HF Cross,2.5,96,38.21,0.12,38.56,474.0,-0.9,240.8,7.4,87.7,12.3,Healthy,Healthy,-1.0
MAH-KOL-TAG-1839,KOL,HF Cross,2.5,165,38.3,-0.04,38.54,377.0,19.8,222.6,14.4,75.0,25.0,Sub-clinical,Ketosis,1.3
MAH-KOL-TAG-1839,KOL,HF Cross,2.5,188,38.32,-0.01,38.47,319.6,32.0,179.9,30.8,79.4,20.6,Sub-clinical,Ketosis,0.4
MAH-KOL-TAG-1839,KOL,HF Cross,2.5,232,38.33,-0.16,38.28,216.6,53.9,161.7,37.8,79.7,20.3,Clinical,Ketosis,0.0
MAH-KOL-TAG-1840,KOL,HF Cross,2.7,76,38.21,-0.04,38.36,485.8,-3.4,263.7,-1.4,102.9,-2.9,Healthy,Healthy,-1.0
MAH-KOL-TAG-1840,KOL,HF Cross,2.7,147,38.37,0.31,38.49,453.4,3.5,245.6,5.5,89.7,10.3,Sub-clinical,LSD,1.5
MAH-KOL-TAG-1840,KOL,HF Cross,2.7,173,39.04,0.45,38.92,412.9,12.1,232.5,10.6,86.0,14.0,Sub-clinical,LSD,0.4
MAH-KOL-TAG-1840,KOL,HF Cross,2.7,218,39.54,0.47,39.68,335.2,28.7,181.0,30.4,66.3,33.7,Clinical,LSD,0.0
MAH-SAN-TAG-1841,SAN,Red Kandhari,5.1,74,38.17,-0.31,38.49,458.9,-2.0,260.8,-0.3,82.0,18.0,Healthy,Healthy,-1.0
MAH-SAN-TAG-1841,SAN,Red Kandhari,5.1,143,38.67,0.54,38.73,382.3,15.0,228.6,12.1,67.9,32.1,Sub-clinical,FMD,1.3
MAH-SAN-TAG-1841,SAN,Red Kandhari,5.1,167,39.15,0.48,39.27,302.9,32.7,199.6,23.2,55.0,45.0,Sub-clinical,FMD,0.3
MAH-SAN-TAG-1841,SAN,Red Kandhari,5.1,211,40.32,0.45,40.26,182.1,59.5,137.4,47.2,43.5,56.5,Clinical,FMD,0.0
MAH-SAN-TAG-1842,SAN,Murrah Buffalo,6.1,110,38.42,-0.09,38.19,465.6,-3.5,283.2,-8.9,107.2,-7.2,Healthy,Healthy,-1.0
MAH-SAN-TAG-1842,SAN,Murrah Buffalo,6.1,177,38.85,0.33,38.31,443.9,1.4,260.9,-0.3,108.0,-8.0,Sub-clinical,Mastitis,1.2
MAH-SAN-TAG-1842,SAN,Murrah Buffalo,6.1,199,38.92,0.37,38.71,414.2,8.0,233.8,10.1,89.3,10.7,Sub-clinical,Mastitis,0.3
MAH-SAN-TAG-1842,SAN,Murrah Buffalo,6.1,242,39.15,0.06,39.39,327.0,27.3,186.5,28.3,69.8,30.2,Clinical,Mastitis,0.0
MAH-NAS-TAG-1843,NAS,Murrah Buffalo,4.5,64,38.66,-0.14,38.51,436.4,3.0,282.1,-8.5,100.5,-0.5,Healthy,Healthy,-1.0
MAH-NAS-TAG-1843,NAS,Murrah Buffalo,4.5,138,38.51,-0.01,38.54,427.7,5.0,281.4,-8.2,93.0,7.0,Healthy,Healthy,-1.0
MAH-NAS-TAG-1843,NAS,Murrah Buffalo,4.5,167,38.21,-0.04,38.51,456.7,-1.5,263.0,-1.2,77.3,22.7,Healthy,Healthy,-1.0
MAH-NAS-TAG-1843,NAS,Murrah Buffalo,4.5,213,38.27,0.01,38.5,420.6,6.5,265.0,-1.9,86.3,13.7,Healthy,Healthy,-1.0
MAH-SAT-TAG-1844,SAT,Gir Cross,4.5,84,39.19,-0.22,38.96,450.2,4.2,268.7,-3.3,103.9,-3.9,Healthy,Healthy,-1.0
MAH-SAT-TAG-1844,SAT,Gir Cross,4.5,159,39.13,-0.1,38.95,413.1,12.1,274.6,-5.6,106.2,-6.2,Healthy,Healthy,-1.0
MAH-SAT-TAG-1844,SAT,Gir Cross,4.5,191,38.53,-0.01,38.92,427.8,9.0,241.2,7.2,70.2,29.8,Healthy,Healthy,-1.0
MAH-SAT-TAG-1844,SAT,Gir Cross,4.5,237,38.68,-0.2,38.97,427.5,9.0,249.0,4.2,71.9,28.1,Healthy,Healthy,-1.0
MAH-SAT-TAG-1845,SAT,Murrah Buffalo,3.8,98,38.09,0.07,38.36,462.8,-2.8,225.2,13.4,96.2,3.8,Healthy,Healthy,-1.0
MAH-SAT-TAG-1845,SAT,Murrah Buffalo,3.8,170,38.54,0.44,38.6,413.5,8.1,203.9,21.6,79.6,20.4,Sub-clinical,FMD,1.5
MAH-SAT-TAG-1845,SAT,Murrah Buffalo,3.8,197,39.35,0.43,39.17,341.5,24.1,176.0,32.3,77.6,22.4,Sub-clinical,FMD,0.4
MAH-SAT-TAG-1845,SAT,Murrah Buffalo,3.8,242,39.79,0.14,40.07,236.3,47.5,100.3,61.4,36.2,63.8,Clinical,FMD,0.0
MAH-AHM-TAG-1846,AHM,Dangi,3.1,132,38.51,-0.06,38.28,419.6,6.8,285.3,-9.7,119.1,-19.1,Healthy,Healthy,-1.0
MAH-AHM-TAG-1846,AHM,Dangi,3.1,203,38.54,0.03,38.26,427.1,5.1,284.7,-9.5,119.3,-19.3,Healthy,Healthy,-1.0
MAH-AHM-TAG-1846,AHM,Dangi,3.1,228,38.73,0.19,38.25,439.5,2.3,297.2,-14.3,114.3,-14.3,Healthy,Healthy,-1.0
MAH-AHM-TAG-1846,AHM,Dangi,3.1,273,38.38,-0.25,38.27,457.7,-1.7,291.9,-12.3,106.7,-6.7,Healthy,Healthy,-1.0
MAH-SAT-TAG-1847,SAT,Murrah Buffalo,7.8,57,38.46,-0.02,38.3,473.8,-5.3,280.5,-7.9,113.3,-13.3,Healthy,Healthy,-1.0
MAH-SAT-TAG-1847,SAT,Murrah Buffalo,7.8,123,37.92,-0.18,38.31,471.5,-4.8,252.3,3.0,91.5,8.5,Healthy,Healthy,-1.0
MAH-SAT-TAG-1847,SAT,Murrah Buffalo,7.8,144,38.0,0.04,38.29,448.1,0.4,241.0,7.3,89.5,10.5,Healthy,Healthy,-1.0
MAH-SAT-TAG-1847,SAT,Murrah Buffalo,7.8,187,38.2,-0.13,38.31,421.5,6.3,262.1,-0.8,98.7,1.3,Healthy,Healthy,-1.0
MAH-KOL-TAG-1848,KOL,Murrah Buffalo,5.2,139,38.46,-0.1,38.56,427.1,5.1,230.1,11.5,76.3,23.7,Healthy,Healthy,-1.0
MAH-KOL-TAG-1848,KOL,Murrah Buffalo,5.2,214,38.78,0.48,38.83,380.6,15.4,192.6,25.9,55.7,44.3,Sub-clinical,FMD,1.7
MAH-KOL-TAG-1848,KOL,Murrah Buffalo,5.2,244,39.28,0.31,39.38,361.4,19.7,158.3,39.1,52.2,47.8,Sub-clinical,FMD,0.4
MAH-KOL-TAG-1848,KOL,Murrah Buffalo,5.2,290,40.18,0.52,40.3,239.1,46.9,91.2,64.9,16.0,84.0,Clinical,FMD,0.0
MAH-SAN-TAG-1849,SAN,HF Cross,8.2,57,38.68,-0.02,38.48,487.3,-3.7,285.3,-9.7,113.6,-13.6,Healthy,Healthy,-1.0
MAH-SAN-TAG-1849,SAN,HF Cross,8.2,124,38.34,0.09,38.49,489.5,-4.1,266.9,-2.7,95.6,4.4,Healthy,Healthy,-1.0
MAH-SAN-TAG-1849,SAN,HF Cross,8.2,146,37.98,-0.32,38.44,473.6,-0.8,255.7,1.7,94.1,5.9,Healthy,Healthy,-1.0
MAH-SAN-TAG-1849,SAN,HF Cross,8.2,189,38.18,-0.15,38.47,447.3,4.8,273.2,-5.1,100.1,-0.1,Healthy,Healthy,-1.0
MAH-PUN-TAG-1850,PUN,Gir Cross,6.8,148,38.15,-0.04,38.39,463.7,1.3,250.7,3.6,96.2,3.8,Healthy,Healthy,-1.0
MAH-PUN-TAG-1850,PUN,Gir Cross,6.8,215,38.03,-0.08,38.36,381.1,18.9,216.9,16.6,85.3,14.7,Sub-clinical,Ketosis,1.1
MAH-PUN-TAG-1850,PUN,Gir Cross,6.8,235,38.28,0.01,38.31,309.0,34.3,198.9,23.5,101.8,-1.8,Sub-clinical,Ketosis,0.3
MAH-PUN-TAG-1850,PUN,Gir Cross,6.8,278,38.42,-0.09,38.16,210.5,55.2,184.9,28.9,108.5,-8.5,Clinical,Ketosis,0.0
MAH-SAT-TAG-1851,SAT,HF Cross,6.5,64,38.92,0.17,38.67,401.0,14.7,283.1,-8.9,107.5,-7.5,Healthy,Healthy,-1.0
MAH-SAT-TAG-1851,SAT,HF Cross,6.5,132,39.34,0.33,38.79,425.0,9.6,269.4,-3.6,105.2,-5.2,Sub-clinical,LSD,1.3
MAH-SAT-TAG-1851,SAT,HF Cross,6.5,155,39.87,0.37,39.25,368.8,21.5,236.8,8.9,88.3,11.7,Sub-clinical,LSD,0.3
MAH-SAT-TAG-1851,SAT,HF Cross,6.5,199,40.17,0.41,39.95,350.1,25.5,181.3,30.3,62.9,37.1,Clinical,LSD,0.0
MAH-KOL-TAG-1852,KOL,Red Kandhari,2.4,153,38.83,0.09,38.55,477.7,-6.2,273.7,-5.3,104.2,-4.2,Healthy,Healthy,-1.0
MAH-KOL-TAG-1852,KOL,Red Kandhari,2.4,231,38.92,0.2,38.53,432.7,3.8,281.1,-8.1,98.5,1.5,Healthy,Healthy,-1.0
MAH-KOL-TAG-1852,KOL,Red Kandhari,2.4,264,38.13,-0.08,38.51,460.2,-2.3,235.7,9.3,81.0,19.0,Healthy,Healthy,-1.0
MAH-KOL-TAG-1852,KOL,Red Kandhari,2.4,312,38.22,0.05,38.49,441.9,1.8,232.0,10.8,83.8,16.2,Healthy,Healthy,-1.0
MAH-PUN-TAG-1853,PUN,Gir Cross,7.5,148,38.68,0.09,38.71,492.1,-4.7,252.4,2.9,95.2,4.8,Healthy,Healthy,-1.0
MAH-PUN-TAG-1853,PUN,Gir Cross,7.5,217,38.82,0.4,38.85,439.7,6.4,220.1,15.3,79.7,20.3,Sub-clinical,LSD,1.4
MAH-PUN-TAG-1853,PUN,Gir Cross,7.5,241,39.1,0.28,39.29,404.0,14.0,194.0,25.4,70.7,29.3,Sub-clinical,LSD,0.4
MAH-PUN-TAG-1853,PUN,Gir Cross,7.5,285,39.82,0.23,40.01,308.0,34.5,175.5,32.5,54.6,45.4,Clinical,LSD,0.0
MAH-SAN-TAG-1854,SAN,Khillari,4.7,93,38.51,-0.07,38.84,428.9,4.7,256.6,1.3,89.1,10.9,Healthy,Healthy,-1.0
MAH-SAN-TAG-1854,SAN,Khillari,4.7,164,38.68,-0.1,38.85,413.0,8.2,259.7,0.1,87.5,12.5,Healthy,Healthy,-1.0
MAH-SAN-TAG-1854,SAN,Khillari,4.7,190,38.44,-0.08,38.8,439.1,2.4,246.3,5.3,80.7,19.3,Healthy,Healthy,-1.0
MAH-SAN-TAG-1854,SAN,Khillari,4.7,235,38.68,-0.14,38.84,425.3,5.5,273.5,-5.2,86.6,13.4,Healthy,Healthy,-1.0
MAH-AHM-TAG-1855,AHM,Dangi,6.7,69,38.21,-0.02,38.54,402.7,10.5,246.1,5.3,81.9,18.1,Healthy,Healthy,-1.0
MAH-AHM-TAG-1855,AHM,Dangi,6.7,137,38.74,0.17,38.55,396.3,11.9,271.9,-4.6,93.3,6.7,Healthy,Healthy,-1.0
MAH-AHM-TAG-1855,AHM,Dangi,6.7,160,38.56,-0.07,38.54,380.8,15.4,271.0,-4.2,104.3,-4.3,Healthy,Healthy,-1.0
MAH-AHM-TAG-1855,AHM,Dangi,6.7,204,38.78,-0.03,38.52,436.6,3.0,285.8,-9.9,107.1,-7.1,Healthy,Healthy,-1.0
MAH-SAN-TAG-1856,SAN,Dangi,3.3,98,38.01,-0.1,38.35,453.6,-0.8,217.9,16.2,93.7,6.3,Healthy,Healthy,-1.0
MAH-SAN-TAG-1856,SAN,Dangi,3.3,172,38.21,-0.06,38.36,477.9,-6.2,222.7,14.3,97.1,2.9,Healthy,Healthy,-1.0
MAH-SAN-TAG-1856,SAN,Dangi,3.3,201,38.64,-0.01,38.36,481.9,-7.1,245.4,5.6,120.4,-20.4,Healthy,Healthy,-1.0
MAH-SAN-TAG-1856,SAN,Dangi,3.3,247,38.5,0.16,38.36,474.2,-5.4,235.6,9.4,99.7,0.3,Healthy,Healthy,-1.0
MAH-PUN-TAG-1857,PUN,Murrah Buffalo,9.0,136,38.67,0.14,38.38,427.8,4.9,265.8,-2.2,93.2,6.8,Healthy,Healthy,-1.0
MAH-PUN-TAG-1857,PUN,Murrah Buffalo,9.0,208,38.85,0.27,38.55,382.2,15.1,243.4,6.4,95.6,4.4,Sub-clinical,LSD,1.5
MAH-PUN-TAG-1857,PUN,Murrah Buffalo,9.0,235,39.07,0.24,38.97,354.7,21.2,207.6,20.2,68.8,31.2,Sub-clinical,LSD,0.4
MAH-PUN-TAG-1857,PUN,Murrah Buffalo,9.0,280,39.95,0.24,39.68,282.2,37.3,179.8,30.8,67.9,32.1,Clinical,LSD,0.0
MAH-PUN-TAG-1858,PUN,Gir Cross,2.5,57,38.56,-0.15,38.46,501.6,-6.7,257.8,0.8,106.4,-6.4,Healthy,Healthy,-1.0
MAH-PUN-TAG-1858,PUN,Gir Cross,2.5,136,39.0,0.13,38.72,417.7,11.1,233.6,10.2,90.6,9.4,Sub-clinical,LSD,1.9
MAH-PUN-TAG-1858,PUN,Gir Cross,2.5,170,39.02,0.22,39.09,420.7,10.5,187.8,27.8,65.8,34.2,Sub-clinical,LSD,0.5
MAH-PUN-TAG-1858,PUN,Gir Cross,2.5,218,39.44,0.09,39.76,360.7,23.3,155.8,40.1,45.6,54.4,Clinical,LSD,0.0
MAH-NAS-TAG-1859,NAS,Dangi,3.1,93,38.26,0.05,38.56,452.6,-0.6,258.7,0.5,83.2,16.8,Healthy,Healthy,-1.0
MAH-NAS-TAG-1859,NAS,Dangi,3.1,167,38.89,0.49,38.83,417.5,7.2,211.8,18.5,64.6,35.4,Sub-clinical,FMD,1.6
MAH-NAS-TAG-1859,NAS,Dangi,3.1,196,39.37,0.44,39.37,383.9,14.7,187.6,27.8,60.7,39.3,Sub-clinical,FMD,0.4
MAH-NAS-TAG-1859,NAS,Dangi,3.1,242,40.17,0.49,40.29,246.0,45.3,122.1,53.0,35.1,64.9,Clinical,FMD,0.0
MAH-PUN-TAG-1860,PUN,Red Kandhari,5.0,134,38.84,-0.01,38.45,415.8,7.6,281.3,-8.2,113.2,-13.2,Healthy,Healthy,-1.0
MAH-PUN-TAG-1860,PUN,Red Kandhari,5.0,208,38.7,0.18,38.46,406.0,9.8,282.5,-8.7,105.0,-5.0,Healthy,Healthy,-1.0
MAH-PUN-TAG-1860,PUN,Red Kandhari,5.0,237,38.3,0.05,38.44,397.8,11.6,256.5,1.3,93.1,6.9,Healthy,Healthy,-1.0
MAH-PUN-TAG-1860,PUN,Red Kandhari,5.0,283,38.39,0.08,38.45,397.3,11.7,255.4,1.8,89.5,10.5,Healthy,Healthy,-1.0
MAH-SAN-TAG-1861,SAN,Dangi,6.9,98,38.12,-0.04,38.41,435.0,3.3,227.1,12.7,80.7,19.3,Healthy,Healthy,-1.0
MAH-SAN-TAG-1861,SAN,Dangi,6.9,174,38.89,0.34,38.64,420.7,6.5,211.1,18.8,80.8,19.2,Sub-clinical,LSD,1.8
MAH-SAN-TAG-1861,SAN,Dangi,6.9,205,39.59,0.43,39.11,346.5,23.0,206.9,20.4,89.6,10.4,Sub-clinical,LSD,0.5
MAH-SAN-TAG-1861,SAN,Dangi,6.9,252,40.26,0.2,39.77,286.6,36.3,187.1,28.0,78.9,21.1,Clinical,LSD,0.0
MAH-KOL-TAG-1862,KOL,Khillari,7.9,79,38.87,-0.07,38.83,474.6,-5.5,276.1,-6.2,111.2,-11.2,Healthy,Healthy,-1.0
MAH-KOL-TAG-1862,KOL,Khillari,7.9,155,39.51,0.38,39.02,399.1,11.3,286.4,-10.2,123.4,-23.4,Sub-clinical,Mastitis,1.7
MAH-KOL-TAG-1862,KOL,Khillari,7.9,186,39.59,0.44,39.45,314.2,30.2,232.1,10.7,94.9,5.1,Sub-clinical,Mastitis,0.4
MAH-KOL-TAG-1862,KOL,Khillari,7.9,232,40.44,0.32,40.06,234.8,47.8,229.0,11.9,98.9,1.1,Clinical,Mastitis,0.0
MAH-AHM-TAG-1863,AHM,HF Cross,6.9,72,38.09,-0.09,38.52,424.8,9.6,224.3,13.7,91.8,8.2,Healthy,Healthy,-1.0
MAH-AHM-TAG-1863,AHM,HF Cross,6.9,138,38.49,-0.05,38.51,340.4,27.6,208.5,19.8,104.5,-4.5,Sub-clinical,Ketosis,1.2
MAH-AHM-TAG-1863,AHM,HF Cross,6.9,158,38.82,0.04,38.44,326.0,30.6,200.0,23.1,115.8,-15.8,Sub-clinical,Ketosis,0.3
MAH-AHM-TAG-1863,AHM,HF Cross,6.9,201,38.6,0.02,38.28,244.6,48.0,150.5,42.1,96.2,3.8,Clinical,Ketosis,0.0
MAH-SOL-TAG-1864,SOL,Khillari,4.2,110,38.96,0.0,38.72,448.0,0.4,252.3,3.0,116.1,-16.1,Healthy,Healthy,-1.0
MAH-SOL-TAG-1864,SOL,Khillari,4.2,186,39.09,0.34,38.91,388.6,13.6,214.2,17.6,95.1,4.9,Sub-clinical,Mastitis,1.8
MAH-SOL-TAG-1864,SOL,Khillari,4.2,217,39.23,0.44,39.28,376.7,16.3,183.5,29.4,74.6,25.4,Sub-clinical,Mastitis,0.5
MAH-SOL-TAG-1864,SOL,Khillari,4.2,264,39.62,0.28,39.9,315.1,30.0,153.8,40.8,65.9,34.1,Clinical,Mastitis,0.0
MAH-PUN-TAG-1865,PUN,Dangi,6.6,79,38.41,-0.12,38.28,491.8,-9.3,271.2,-4.3,109.0,-9.0,Healthy,Healthy,-1.0
MAH-PUN-TAG-1865,PUN,Dangi,6.6,147,38.04,0.07,38.27,482.4,-7.2,249.9,3.9,89.4,10.6,Healthy,Healthy,-1.0
MAH-PUN-TAG-1865,PUN,Dangi,6.6,170,37.98,0.07,38.25,484.0,-7.6,251.5,3.3,85.8,14.2,Healthy,Healthy,-1.0
MAH-PUN-TAG-1865,PUN,Dangi,6.6,213,37.98,0.02,38.29,451.9,-0.4,264.0,-1.5,84.4,15.6,Healthy,Healthy,-1.0
MAH-KOL-TAG-1866,KOL,Dangi,5.3,79,38.51,-0.08,38.5,487.6,-8.4,277.1,-6.6,112.1,-12.1,Healthy,Healthy,-1.0
MAH-KOL-TAG-1866,KOL,Dangi,5.3,152,39.02,0.37,38.66,449.5,0.1,252.7,2.8,106.7,-6.7,Sub-clinical,BRD,1.6
MAH-KOL-TAG-1866,KOL,Dangi,5.3,180,39.55,0.32,39.08,384.5,14.6,259.7,0.1,101.8,-1.8,Sub-clinical,BRD,0.4
MAH-KOL-TAG-1866,KOL,Dangi,5.3,225,39.99,0.29,39.69,325.3,27.7,205.5,21.0,81.6,18.4,Clinical,BRD,0.0
MAH-PUN-TAG-1867,PUN,Murrah Buffalo,4.5,79,38.59,0.19,38.36,441.4,1.9,287.6,-10.6,104.2,-4.2,Healthy,Healthy,-1.0
MAH-PUN-TAG-1867,PUN,Murrah Buffalo,4.5,148,38.15,-0.13,38.41,429.9,4.5,254.6,2.1,91.7,8.3,Healthy,Healthy,-1.0
MAH-PUN-TAG-1867,PUN,Murrah Buffalo,4.5,172,38.34,0.19,38.38,442.9,1.6,250.7,3.6,98.1,1.9,Healthy,Healthy,-1.0
MAH-PUN-TAG-1867,PUN,Murrah Buffalo,4.5,216,38.01,0.03,38.38,390.5,13.2,246.5,5.2,84.1,15.9,Healthy,Healthy,-1.0
MAH-AHM-TAG-1868,AHM,Gir Cross,4.9,127,38.57,-0.29,38.56,502.2,-6.9,228.6,12.1,111.7,-11.7,Healthy,Healthy,-1.0
MAH-AHM-TAG-1868,AHM,Gir Cross,4.9,194,38.34,-0.07,38.58,494.7,-5.3,211.2,18.8,88.2,11.8,Healthy,Healthy,-1.0
MAH-AHM-TAG-1868,AHM,Gir Cross,4.9,216,38.32,0.15,38.58,486.8,-3.6,210.4,19.1,85.8,14.2,Healthy,Healthy,-1.0
MAH-AHM-TAG-1868,AHM,Gir Cross,4.9,259,38.63,0.12,38.58,448.8,4.5,220.4,15.2,97.7,2.3,Healthy,Healthy,-1.0
MAH-SOL-TAG-1869,SOL,Khillari,7.4,132,38.78,0.09,38.43,433.0,3.8,261.3,-0.5,121.3,-21.3,Healthy,Healthy,-1.0
MAH-SOL-TAG-1869,SOL,Khillari,7.4,206,38.58,-0.11,38.45,429.2,4.6,265.4,-2.1,114.8,-14.8,Healthy,Healthy,-1.0
MAH-SOL-TAG-1869,SOL,Khillari,7.4,237,38.21,0.03,38.43,414.6,7.9,225.4,13.3,96.6,3.4,Healthy,Healthy,-1.0
MAH-SOL-TAG-1869,SOL,Khillari,7.4,283,38.61,0.14,38.45,400.6,11.0,224.2,13.8,104.1,-4.1,Healthy,Healthy,-1.0
MAH-KOL-TAG-1870,KOL,Gir Cross,3.2,136,38.56,-0.1,38.5,389.2,17.2,262.5,-1.0,107.6,-7.6,Healthy,Healthy,-1.0
MAH-KOL-TAG-1870,KOL,Gir Cross,3.2,204,39.21,0.29,38.62,377.5,19.7,247.6,4.8,117.1,-17.1,Sub-clinical,Mastitis,1.2
MAH-KOL-TAG-1870,KOL,Gir Cross,3.2,225,39.52,0.42,39.02,356.7,24.1,229.1,11.9,99.3,0.7,Sub-clinical,Mastitis,0.3
MAH-KOL-TAG-1870,KOL,Gir Cross,3.2,268,39.63,0.23,39.68,280.5,40.3,174.4,32.9,74.7,25.3,Clinical,Mastitis,0.0
MAH-AHM-TAG-1871,AHM,Murrah Buffalo,8.4,115,38.52,-0.16,38.64,429.9,4.5,236.2,9.2,95.3,4.7,Healthy,Healthy,-1.0
MAH-AHM-TAG-1871,AHM,Murrah Buffalo,8.4,193,38.3,-0.01,38.65,460.1,-2.2,224.9,13.5,87.8,12.2,Healthy,Healthy,-1.0
MAH-AHM-TAG-1871,AHM,Murrah Buffalo,8.4,228,38.99,-0.1,38.67,456.4,-1.4,268.0,-3.1,116.3,-16.3,Healthy,Healthy,-1.0
MAH-AHM-TAG-1871,AHM,Murrah Buffalo,8.4,276,39.04,0.0,38.66,447.6,0.5,259.8,0.1,106.4,-6.4,Healthy,Healthy,-1.0
MAH-NAS-TAG-1872,NAS,Dangi,4.8,62,39.07,-0.09,38.79,437.5,2.8,258.4,0.6,103.0,-3.0,Healthy,Healthy,-1.0
MAH-NAS-TAG-1872,NAS,Dangi,4.8,129,38.98,-0.05,38.8,474.1,-5.4,248.4,4.5,112.0,-12.0,Healthy,Healthy,-1.0
MAH-NAS-TAG-1872,NAS,Dangi,4.8,151,38.91,0.13,38.76,470.6,-4.6,230.9,11.2,104.8,-4.8,Healthy,Healthy,-1.0
MAH-NAS-TAG-1872,NAS,Dangi,4.8,194,38.45,-0.08,38.77,460.8,-2.4,206.3,20.7,83.5,16.5,Healthy,Healthy,-1.0
MAH-SOL-TAG-1873,SOL,Khillari,8.4,124,38.04,-0.16,38.39,483.8,-7.5,246.1,5.3,99.6,0.4,Healthy,Healthy,-1.0
MAH-SOL-TAG-1873,SOL,Khillari,8.4,199,38.92,0.27,38.61,438.5,2.6,241.9,7.0,104.9,-4.9,Sub-clinical,LSD,1.7
MAH-SOL-TAG-1873,SOL,Khillari,8.4,229,39.71,0.48,39.03,368.7,18.1,238.3,8.3,101.6,-1.6,Sub-clinical,LSD,0.5
MAH-SOL-TAG-1873,SOL,Khillari,8.4,276,40.33,0.45,39.71,320.8,28.7,203.2,21.8,84.7,15.3,Clinical,LSD,0.0
MAH-AHM-TAG-1874,AHM,Dangi,2.6,158,38.88,-0.01,38.62,463.0,-2.9,289.6,-11.4,120.7,-20.7,Healthy,Healthy,-1.0
MAH-AHM-TAG-1874,AHM,Dangi,2.6,227,39.22,0.37,38.75,437.2,2.8,263.7,-1.4,110.9,-10.9,Sub-clinical,BRD,1.3
MAH-AHM-TAG-1874,AHM,Dangi,2.6,251,39.64,0.42,39.16,377.6,16.1,254.1,2.3,98.5,1.5,Sub-clinical,BRD,0.3
MAH-AHM-TAG-1874,AHM,Dangi,2.6,295,40.02,0.07,39.82,341.7,24.1,204.9,21.2,77.8,22.2,Clinical,BRD,0.0
MAH-PUN-TAG-1875,PUN,HF Cross,4.4,105,38.9,0.2,38.5,499.9,-6.4,233.0,10.4,111.3,-11.3,Healthy,Healthy,-1.0
MAH-PUN-TAG-1875,PUN,HF Cross,4.4,173,38.64,0.35,38.59,480.5,-2.2,187.2,28.0,95.1,4.9,Sub-clinical,LSD,1.3
MAH-PUN-TAG-1875,PUN,HF Cross,4.4,196,39.14,0.5,39.03,439.5,6.5,175.0,32.7,70.9,29.1,Sub-clinical,LSD,0.3
MAH-PUN-TAG-1875,PUN,HF Cross,4.4,240,39.48,0.24,39.77,352.1,25.1,123.8,52.4,59.3,40.7,Clinical,LSD,0.0
MAH-AHM-TAG-1876,AHM,HF Cross,4.2,153,38.75,-0.01,38.56,501.1,-6.6,311.4,-19.8,101.3,-1.3,Healthy,Healthy,-1.0
MAH-AHM-TAG-1876,AHM,HF Cross,4.2,220,38.78,0.45,38.68,455.1,3.2,265.9,-2.3,80.1,19.9,Sub-clinical,Mastitis,1.2
MAH-AHM-TAG-1876,AHM,HF Cross,4.2,242,39.1,0.53,39.07,400.6,14.8,235.7,9.3,67.9,32.1,Sub-clinical,Mastitis,0.3
MAH-AHM-TAG-1876,AHM,HF Cross,4.2,285,39.62,0.23,39.78,288.8,38.6,209.1,19.6,63.2,36.8,Clinical,Mastitis,0.0
MAH-SOL-TAG-1877,SOL,HF Cross,3.7,153,38.99,0.02,38.72,500.2,-6.4,256.9,1.2,124.6,-24.6,Healthy,Healthy,-1.0
MAH-SOL-TAG-1877,SOL,HF Cross,3.7,226,39.0,-0.17,38.7,481.4,-2.4,255.9,1.6,126.5,-26.5,Healthy,Healthy,-1.0
MAH-SOL-TAG-1877,SOL,HF Cross,3.7,254,39.1,0.01,38.75,448.2,4.6,259.0,0.4,125.8,-25.8,Healthy,Healthy,-1.0
MAH-SOL-TAG-1877,SOL,HF Cross,3.7,300,39.12,0.0,38.77,466.9,0.7,267.1,-2.7,131.8,-31.8,Healthy,Healthy,-1.0
MAH-SAN-TAG-1878,SAN,Gir Cross,6.2,55,38.6,-0.05,38.47,536.2,-14.1,283.4,-9.0,108.9,-8.9,Healthy,Healthy,-1.0
MAH-SAN-TAG-1878,SAN,Gir Cross,6.2,130,38.8,0.08,38.42,467.6,0.5,276.8,-6.5,109.5,-9.5,Sub-clinical,Ketosis,1.7
MAH-SAN-TAG-1878,SAN,Gir Cross,6.2,160,38.39,-0.11,38.31,359.6,23.5,229.5,11.7,95.6,4.4,Sub-clinical,Ketosis,0.4
MAH-SAN-TAG-1878,SAN,Gir Cross,6.2,206,38.48,-0.02,38.18,271.5,42.2,196.4,24.5,95.0,5.0,Clinical,Ketosis,0.0
MAH-KOL-TAG-1879,KOL,HF Cross,7.5,139,38.35,-0.1,38.47,442.5,5.9,279.8,-7.6,99.3,0.7,Healthy,Healthy,-1.0
MAH-KOL-TAG-1879,KOL,HF Cross,7.5,207,39.23,0.46,38.7,403.5,14.1,269.0,-3.5,98.2,1.8,Sub-clinical,FMD,1.3
MAH-KOL-TAG-1879,KOL,HF Cross,7.5,230,39.75,0.37,39.27,347.4,26.1,226.8,12.8,85.7,14.3,Sub-clinical,FMD,0.3
MAH-KOL-TAG-1879,KOL,HF Cross,7.5,273,40.54,0.38,40.17,289.8,38.3,155.1,40.3,60.7,39.3,Clinical,FMD,0.0
MAH-SAT-TAG-1880,SAT,Murrah Buffalo,3.1,153,38.7,-0.07,38.56,481.9,-7.1,271.8,-4.5,115.4,-15.4,Healthy,Healthy,-1.0
MAH-SAT-TAG-1880,SAT,Murrah Buffalo,3.1,227,39.45,0.47,38.82,393.4,12.6,238.6,8.2,102.4,-2.4,Sub-clinical,FMD,1.6
MAH-SAT-TAG-1880,SAT,Murrah Buffalo,3.1,256,39.61,0.23,39.37,291.8,35.2,179.3,31.0,85.5,14.5,Sub-clinical,FMD,0.4
MAH-SAT-TAG-1880,SAT,Murrah Buffalo,3.1,302,40.72,0.43,40.3,211.8,52.9,122.1,53.0,70.9,29.1,Clinical,FMD,0.0
MAH-NAS-TAG-1881,NAS,Red Kandhari,2.8,50,38.31,0.07,38.5,511.3,-13.6,241.1,7.3,92.4,7.6,Healthy,Healthy,-1.0
MAH-NAS-TAG-1881,NAS,Red Kandhari,2.8,129,39.07,0.28,38.76,493.0,-9.6,242.0,6.9,104.0,-4.0,Sub-clinical,LSD,1.9
MAH-NAS-TAG-1881,NAS,Red Kandhari,2.8,163,39.22,0.32,39.14,392.0,12.9,230.3,11.4,78.3,21.7,Sub-clinical,LSD,0.5
MAH-NAS-TAG-1881,NAS,Red Kandhari,2.8,211,39.79,0.25,39.82,340.6,24.3,178.5,31.3,65.5,34.5,Clinical,LSD,0.0
MAH-SAN-TAG-1882,SAN,Red Kandhari,6.2,163,38.33,0.0,38.37,425.0,5.6,245.5,5.6,109.0,-9.0,Healthy,Healthy,-1.0
MAH-SAN-TAG-1882,SAN,Red Kandhari,6.2,236,38.59,0.44,38.52,395.0,12.2,219.9,15.4,92.4,7.6,Sub-clinical,LSD,1.6
MAH-SAN-TAG-1882,SAN,Red Kandhari,6.2,264,38.64,-0.02,38.96,383.7,14.7,186.6,28.2,74.0,26.0,Sub-clinical,LSD,0.4
MAH-SAN-TAG-1882,SAN,Red Kandhari,6.2,309,39.53,0.25,39.65,305.9,32.0,153.5,41.0,69.3,30.7,Clinical,LSD,0.0
MAH-SAT-TAG-1883,SAT,HF Cross,5.2,144,38.67,0.15,38.83,494.1,-5.1,255.1,1.9,76.7,23.3,Healthy,Healthy,-1.0
MAH-SAT-TAG-1883,SAT,HF Cross,5.2,216,38.35,-0.03,38.8,437.6,6.9,239.4,7.9,66.9,33.1,Sub-clinical,Ketosis,1.5
MAH-SAT-TAG-1883,SAT,HF Cross,5.2,243,38.35,-0.12,38.73,411.7,12.4,209.6,19.4,69.0,31.0,Sub-clinical,Ketosis,0.4
MAH-SAT-TAG-1883,SAT,HF Cross,5.2,288,38.23,-0.05,38.57,279.7,40.5,172.3,33.7,54.5,45.5,Clinical,Ketosis,0.0
MAH-SAN-TAG-1884,SAN,Red Kandhari,5.6,91,38.52,-0.04,38.53,463.5,-3.0,239.0,8.1,98.0,2.0,Healthy,Healthy,-1.0
MAH-SAN-TAG-1884,SAN,Red Kandhari,5.6,167,38.46,0.19,38.69,448.9,0.2,200.3,23.0,86.5,13.5,Sub-clinical,BRD,1.7
MAH-SAN-TAG-1884,SAN,Red Kandhari,5.6,198,39.29,0.29,39.09,423.5,5.9,201.3,22.6,84.1,15.9,Sub-clinical,BRD,0.4
MAH-SAN-TAG-1884,SAN,Red Kandhari,5.6,244,39.68,0.4,39.7,356.3,20.8,155.4,40.2,71.3,28.7,Clinical,BRD,0.0
MAH-SAN-TAG-1885,SAN,Dangi,6.0,146,37.93,-0.13,38.39,453.2,-0.7,247.9,4.7,101.9,-1.9,Healthy,Healthy,-1.0
MAH-SAN-TAG-1885,SAN,Dangi,6.0,213,38.49,0.38,38.54,392.1,12.9,237.4,8.7,99.5,0.5,Sub-clinical,BRD,1.2
MAH-SAN-TAG-1885,SAN,Dangi,6.0,235,39.15,0.63,38.9,314.6,30.1,218.2,16.1,88.3,11.7,Sub-clinical,BRD,0.3
MAH-SAN-TAG-1885,SAN,Dangi,6.0,278,40.12,0.3,39.61,283.0,37.1,206.9,20.4,92.4,7.6,Clinical,BRD,0.0
MAH-AHM-TAG-1886,AHM,Gir Cross,8.9,64,38.63,-0.03,38.49,442.0,6.0,282.3,-8.6,104.6,-4.6,Healthy,Healthy,-1.0
MAH-AHM-TAG-1886,AHM,Gir Cross,8.9,143,38.75,0.47,38.81,406.9,13.4,209.8,19.3,77.5,22.5,Sub-clinical,FMD,1.9
MAH-AHM-TAG-1886,AHM,Gir Cross,8.9,178,39.79,0.26,39.37,356.7,24.1,213.0,18.1,79.1,20.9,Sub-clinical,FMD,0.5
MAH-AHM-TAG-1886,AHM,Gir Cross,8.9,225,40.78,0.51,40.24,266.6,43.3,147.8,43.2,56.4,43.6,Clinical,FMD,0.0
MAH-KOL-TAG-1887,KOL,Murrah Buffalo,3.2,153,38.77,-0.03,38.46,475.3,-5.6,232.9,10.4,108.9,-8.9,Healthy,Healthy,-1.0
MAH-KOL-TAG-1887,KOL,Murrah Buffalo,3.2,230,39.33,0.52,38.75,362.2,19.5,186.3,28.3,96.3,3.7,Sub-clinical,FMD,1.8
MAH-KOL-TAG-1887,KOL,Murrah Buffalo,3.2,262,39.27,0.53,39.28,296.0,34.2,121.8,53.2,59.1,40.9,Sub-clinical,FMD,0.5
MAH-KOL-TAG-1887,KOL,Murrah Buffalo,3.2,309,40.12,0.5,40.13,193.6,57.0,63.7,75.5,42.6,57.4,Clinical,FMD,0.0
MAH-PUN-TAG-1888,PUN,Khillari,2.8,105,38.73,-0.08,38.56,481.6,-7.0,274.1,-5.4,115.9,-15.9,Healthy,Healthy,-1.0
MAH-PUN-TAG-1888,PUN,Khillari,2.8,181,39.31,0.33,38.74,409.5,9.0,265.9,-2.3,122.3,-22.3,Sub-clinical,BRD,1.8
MAH-PUN-TAG-1888,PUN,Khillari,2.8,212,39.24,0.59,39.12,352.7,21.6,209.8,19.3,94.2,5.8,Sub-clinical,BRD,0.5
MAH-PUN-TAG-1888,PUN,Khillari,2.8,259,39.43,-0.13,39.71,280.9,37.6,180.5,30.6,75.6,24.4,Clinical,BRD,0.0
MAH-SAN-TAG-1889,SAN,Murrah Buffalo,2.7,117,38.23,0.27,38.3,429.2,4.6,233.4,10.2,95.9,4.1,Healthy,Healthy,-1.0
MAH-SAN-TAG-1889,SAN,Murrah Buffalo,2.7,192,38.47,0.47,38.51,404.4,10.1,195.0,25.0,71.4,28.6,Sub-clinical,LSD,1.7
MAH-SAN-TAG-1889,SAN,Murrah Buffalo,2.7,222,38.98,0.19,38.96,405.0,10.0,194.3,25.3,80.3,19.7,Sub-clinical,LSD,0.4
MAH-SAN-TAG-1889,SAN,Murrah Buffalo,2.7,268,39.48,0.1,39.64,348.7,22.5,142.4,45.2,63.5,36.5,Clinical,LSD,0.0
MAH-AHM-TAG-1890,AHM,Dangi,4.6,108,38.73,0.0,38.44,442.1,1.8,270.3,-4.0,114.8,-14.8,Healthy,Healthy,-1.0
MAH-AHM-TAG-1890,AHM,Dangi,4.6,182,38.71,-0.05,38.42,432.5,3.9,280.3,-7.8,106.3,-6.3,Healthy,Healthy,-1.0
MAH-AHM-TAG-1890,AHM,Dangi,4.6,213,38.21,0.14,38.41,432.0,4.0,245.3,5.7,83.3,16.7,Healthy,Healthy,-1.0
MAH-AHM-TAG-1890,AHM,Dangi,4.6,259,38.4,0.02,38.44,405.3,9.9,250.2,3.8,92.6,7.4,Healthy,Healthy,-1.0
MAH-NAS-TAG-1891,NAS,Gir Cross,4.9,139,38.33,-0.01,38.47,465.1,1.0,268.5,-3.3,104.5,-4.5,Healthy,Healthy,-1.0
MAH-NAS-TAG-1891,NAS,Gir Cross,4.9,217,37.94,-0.11,38.39,459.3,2.3,222.6,14.4,87.2,12.8,Sub-clinical,Ketosis,2.0
MAH-NAS-TAG-1891,NAS,Gir Cross,4.9,252,38.61,-0.04,38.34,391.0,16.8,226.3,13.0,107.5,-7.5,Sub-clinical,Ketosis,0.5
MAH-NAS-TAG-1891,NAS,Gir Cross,4.9,300,38.54,0.08,38.2,291.2,38.0,174.5,32.9,90.4,9.6,Clinical,Ketosis,0.0
MAH-SAT-TAG-1892,SAT,Gir Cross,8.5,57,38.4,-0.03,38.25,489.6,-4.2,265.6,-2.2,107.1,-7.1,Healthy,Healthy,-1.0
MAH-SAT-TAG-1892,SAT,Gir Cross,8.5,123,37.81,-0.06,38.17,440.4,6.3,214.0,17.7,77.1,22.9,Sub-clinical,Ketosis,1.2
MAH-SAT-TAG-1892,SAT,Gir Cross,8.5,144,37.72,0.0,38.07,368.5,21.6,171.6,34.0,70.2,29.8,Sub-clinical,Ketosis,0.3
MAH-SAT-TAG-1892,SAT,Gir Cross,8.5,187,37.94,-0.02,37.94,245.7,47.7,134.6,48.2,58.6,41.4,Clinical,Ketosis,0.0
MAH-SOL-TAG-1893,SOL,Gir Cross,3.2,93,37.89,-0.04,38.21,463.6,1.4,246.3,5.3,84.1,15.9,Healthy,Healthy,-1.0
MAH-SOL-TAG-1893,SOL,Gir Cross,3.2,167,38.32,0.33,38.5,424.5,9.7,210.1,19.2,75.1,24.9,Sub-clinical,FMD,1.6
MAH-SOL-TAG-1893,SOL,Gir Cross,3.2,196,39.05,0.3,39.05,388.0,17.4,171.1,34.2,56.3,43.7,Sub-clinical,FMD,0.4
MAH-SOL-TAG-1893,SOL,Gir Cross,3.2,242,39.76,0.39,39.95,273.4,41.8,105.4,59.5,36.9,63.1,Clinical,FMD,0.0
MAH-SAT-TAG-1894,SAT,HF Cross,5.2,139,38.57,-0.05,38.65,454.3,3.3,251.6,3.2,106.3,-6.3,Healthy,Healthy,-1.0
MAH-SAT-TAG-1894,SAT,HF Cross,5.2,216,38.53,0.13,38.86,452.8,3.7,220.1,15.3,90.5,9.5,Sub-clinical,BRD,1.8
MAH-SAT-TAG-1894,SAT,HF Cross,5.2,248,39.36,0.06,39.23,444.8,5.4,223.1,14.2,96.9,3.1,Sub-clinical,BRD,0.5
MAH-SAT-TAG-1894,SAT,HF Cross,5.2,295,40.03,0.12,39.84,382.3,18.7,188.3,27.6,74.8,25.2,Clinical,BRD,0.0
MAH-NAS-TAG-1895,NAS,Red Kandhari,6.0,165,38.05,-0.11,38.34,423.4,5.9,233.8,10.1,84.5,15.5,Healthy,Healthy,-1.0
MAH-NAS-TAG-1895,NAS,Red Kandhari,6.0,236,38.46,0.28,38.5,366.5,18.6,218.3,16.0,80.9,19.1,Sub-clinical,BRD,1.5
MAH-NAS-TAG-1895,NAS,Red Kandhari,6.0,262,38.67,0.22,38.85,359.0,20.2,185.7,28.6,63.6,36.4,Sub-clinical,BRD,0.4
MAH-NAS-TAG-1895,NAS,Red Kandhari,6.0,307,39.63,0.23,39.55,248.7,44.7,167.1,35.7,60.9,39.1,Clinical,BRD,0.0
MAH-NAS-TAG-1896,NAS,Murrah Buffalo,4.5,108,38.84,-0.06,38.55,447.5,0.6,297.0,-14.2,110.2,-10.2,Healthy,Healthy,-1.0
MAH-NAS-TAG-1896,NAS,Murrah Buffalo,4.5,180,39.21,0.34,38.69,430.3,4.4,273.4,-5.2,97.8,2.2,Sub-clinical,BRD,1.6
MAH-NAS-TAG-1896,NAS,Murrah Buffalo,4.5,209,39.31,0.32,39.1,360.6,19.9,243.4,6.4,83.5,16.5,Sub-clinical,BRD,0.4
MAH-NAS-TAG-1896,NAS,Murrah Buffalo,4.5,254,40.12,0.28,39.69,321.1,28.6,225.7,13.2,78.4,21.6,Clinical,BRD,0.0
MAH-NAS-TAG-1897,NAS,Red Kandhari,6.2,93,38.2,-0.09,38.49,403.9,10.2,253.4,2.5,86.2,13.8,Healthy,Healthy,-1.0
MAH-NAS-TAG-1897,NAS,Red Kandhari,6.2,168,38.6,0.3,38.76,362.4,19.5,212.4,18.3,61.1,38.9,Sub-clinical,FMD,1.7
MAH-NAS-TAG-1897,NAS,Red Kandhari,6.2,198,39.55,0.45,39.31,332.2,26.2,191.5,26.3,73.4,26.6,Sub-clinical,FMD,0.4
MAH-NAS-TAG-1897,NAS,Red Kandhari,6.2,244,40.14,0.25,40.22,222.7,50.5,128.8,50.5,42.0,58.0,Clinical,FMD,0.0
MAH-SAT-TAG-1898,SAT,Khillari,2.5,69,37.98,-0.1,38.22,444.9,1.1,240.4,7.5,69.9,30.1,Healthy,Healthy,-1.0
MAH-SAT-TAG-1898,SAT,Khillari,2.5,135,38.47,-0.09,38.21,426.1,5.3,265.7,-2.2,82.9,17.1,Healthy,Healthy,-1.0
MAH-SAT-TAG-1898,SAT,Khillari,2.5,156,38.58,0.0,38.25,457.0,-1.6,275.3,-5.9,94.8,5.2,Healthy,Healthy,-1.0
MAH-SAT-TAG-1898,SAT,Khillari,2.5,199,38.38,-0.04,38.25,493.2,-9.6,265.9,-2.3,83.0,17.0,Healthy,Healthy,-1.0
MAH-SAN-TAG-1899,SAN,Dangi,2.4,108,38.86,-0.13,38.53,456.5,-1.4,265.6,-2.2,120.1,-20.1,Healthy,Healthy,-1.0
MAH-SAN-TAG-1899,SAN,Dangi,2.4,183,39.08,0.2,38.7,395.4,12.1,236.5,9.0,113.1,-13.1,Sub-clinical,BRD,1.8
MAH-SAN-TAG-1899,SAN,Dangi,2.4,215,38.79,0.23,39.06,378.6,15.9,180.1,30.7,77.6,22.4,Sub-clinical,BRD,0.4
MAH-SAN-TAG-1899,SAN,Dangi,2.4,261,39.56,0.4,39.67,291.5,35.2,142.8,45.1,65.1,34.9,Clinical,BRD,0.0
MAH-AHM-TAG-1900,AHM,Red Kandhari,4.3,84,38.59,-0.12,38.31,450.4,-0.1,294.2,-13.2,113.7,-13.7,Healthy,Healthy,-1.0
MAH-AHM-TAG-1900,AHM,Red Kandhari,4.3,149,38.21,-0.05,38.28,453.4,-0.8,283.7,-9.1,101.7,-1.7,Healthy,Healthy,-1.0
MAH-AHM-TAG-1900,AHM,Red Kandhari,4.3,168,37.92,-0.06,38.28,447.0,0.7,257.4,1.0,89.5,10.5,Healthy,Healthy,-1.0
MAH-AHM-TAG-1900,AHM,Red Kandhari,4.3,211,38.14,-0.03,38.27,416.2,7.5,278.5,-7.1,96.0,4.0,Healthy,Healthy,-1.0
MAH-PUN-TAG-1901,PUN,Gir Cross,2.8,79,38.69,-0.07,38.62,493.3,-5.0,267.5,-2.9,106.4,-6.4,Healthy,Healthy,-1.0
MAH-PUN-TAG-1901,PUN,Gir Cross,2.8,154,39.34,0.38,38.83,433.2,7.8,260.3,-0.1,115.0,-15.0,Sub-clinical,Mastitis,1.7
MAH-PUN-TAG-1901,PUN,Gir Cross,2.8,184,39.61,0.41,39.21,348.9,25.8,227.0,12.7,101.5,-1.5,Sub-clinical,Mastitis,0.4
MAH-PUN-TAG-1901,PUN,Gir Cross,2.8,230,40.26,0.35,39.85,284.3,39.5,208.7,19.7,97.4,2.6,Clinical,Mastitis,0.0
MAH-SAN-TAG-1902,SAN,Gir Cross,4.0,134,38.99,0.07,38.59,416.4,11.4,291.9,-12.3,115.8,-15.8,Healthy,Healthy,-1.0
MAH-SAN-TAG-1902,SAN,Gir Cross,4.0,211,38.87,0.38,38.8,365.3,22.3,257.6,0.9,88.6,11.4,Sub-clinical,Mastitis,1.8
MAH-SAN-TAG-1902,SAN,Gir Cross,4.0,243,39.16,0.37,39.18,374.2,20.4,223.8,13.9,83.1,16.9,Sub-clinical,Mastitis,0.5
MAH-SAN-TAG-1902,SAN,Gir Cross,4.0,290,39.72,0.48,39.79,276.3,41.2,192.3,26.0,73.1,26.9,Clinical,Mastitis,0.0
MAH-SAN-TAG-1903,SAN,Khillari,2.1,67,38.58,0.24,38.56,407.8,9.4,237.5,8.7,93.1,6.9,Healthy,Healthy,-1.0
MAH-SAN-TAG-1903,SAN,Khillari,2.1,134,39.1,0.2,38.73,380.3,15.5,248.4,4.5,101.4,-1.4,Sub-clinical,BRD,1.2
MAH-SAN-TAG-1903,SAN,Khillari,2.1,156,39.69,0.51,39.09,345.8,23.2,223.2,14.2,87.8,12.2,Sub-clinical,BRD,0.3
MAH-SAN-TAG-1903,SAN,Khillari,2.1,199,40.05,0.47,39.76,317.3,29.5,177.3,31.8,68.5,31.5,Clinical,BRD,0.0
MAH-SAN-TAG-1904,SAN,Gir Cross,7.9,74,38.36,0.14,38.62,438.9,6.6,271.3,-4.3,77.2,22.8,Healthy,Healthy,-1.0
MAH-SAN-TAG-1904,SAN,Gir Cross,7.9,147,38.47,-0.03,38.66,469.1,0.2,263.9,-1.5,92.8,7.2,Healthy,Healthy,-1.0
MAH-SAN-TAG-1904,SAN,Gir Cross,7.9,175,38.71,0.01,38.66,473.3,-0.7,292.6,-12.5,100.6,-0.6,Healthy,Healthy,-1.0
MAH-SAN-TAG-1904,SAN,Gir Cross,7.9,220,38.43,-0.06,38.66,462.3,1.6,260.5,-0.2,92.8,7.2,Healthy,Healthy,-1.0
MAH-SAN-TAG-1905,SAN,Red Kandhari,8.9,98,38.17,-0.01,38.44,451.2,-0.3,251.8,3.2,81.0,19.0,Healthy,Healthy,-1.0
MAH-SAN-TAG-1905,SAN,Red Kandhari,8.9,167,38.6,0.46,38.68,365.9,18.7,228.4,12.2,65.2,34.8,Sub-clinical,FMD,1.3
MAH-SAN-TAG-1905,SAN,Red Kandhari,8.9,191,39.19,0.59,39.23,317.1,29.5,186.2,28.4,63.3,36.7,Sub-clinical,FMD,0.3
MAH-SAN-TAG-1905,SAN,Red Kandhari,8.9,235,40.29,0.27,40.21,182.5,59.4,138.0,46.9,50.4,49.6,Clinical,FMD,0.0
MAH-NAS-TAG-1906,NAS,Dangi,5.9,144,38.56,0.21,38.77,465.7,-3.5,248.8,4.3,86.1,13.9,Healthy,Healthy,-1.0
MAH-NAS-TAG-1906,NAS,Dangi,5.9,209,39.11,0.29,38.93,385.9,14.2,254.7,2.0,106.2,-6.2,Sub-clinical,BRD,1.1
MAH-NAS-TAG-1906,NAS,Dangi,5.9,228,39.78,0.39,39.27,385.3,14.4,236.7,9.0,104.4,-4.4,Sub-clinical,BRD,0.3
MAH-NAS-TAG-1906,NAS,Dangi,5.9,271,40.22,0.39,39.98,350.9,22.0,191.8,26.2,78.4,21.6,Clinical,BRD,0.0
MAH-SOL-TAG-1907,SOL,Dangi,4.5,122,38.43,-0.02,38.74,458.6,-1.9,249.1,4.2,86.0,14.0,Healthy,Healthy,-1.0
MAH-SOL-TAG-1907,SOL,Dangi,4.5,193,38.81,0.55,38.89,413.0,8.2,245.4,5.6,77.9,22.1,Sub-clinical,Mastitis,1.5
MAH-SOL-TAG-1907,SOL,Dangi,4.5,219,39.13,0.26,39.31,380.8,15.4,219.7,15.5,58.3,41.7,Sub-clinical,Mastitis,0.4
MAH-SOL-TAG-1907,SOL,Dangi,4.5,264,39.78,0.34,39.92,259.0,42.4,188.5,27.5,61.3,38.7,Clinical,Mastitis,0.0
MAH-SOL-TAG-1908,SOL,HF Cross,6.8,117,38.71,-0.06,38.9,446.2,5.1,231.6,10.9,92.1,7.9,Healthy,Healthy,-1.0
MAH-SOL-TAG-1908,SOL,HF Cross,6.8,188,38.65,-0.02,38.87,384.8,18.1,216.1,16.9,84.2,15.8,Sub-clinical,Ketosis,1.5
MAH-SOL-TAG-1908,SOL,HF Cross,6.8,214,38.22,-0.34,38.73,334.8,28.8,173.9,33.1,75.5,24.5,Sub-clinical,Ketosis,0.4
MAH-SOL-TAG-1908,SOL,HF Cross,6.8,259,38.48,-0.16,38.62,225.3,52.1,131.0,49.6,76.0,24.0,Clinical,Ketosis,0.0
MAH-SAT-TAG-1909,SAT,HF Cross,8.8,146,38.03,0.06,38.29,465.0,1.1,256.8,1.2,81.8,18.2,Healthy,Healthy,-1.0
MAH-SAT-TAG-1909,SAT,HF Cross,8.8,212,38.31,0.1,38.25,442.0,6.0,277.3,-6.7,87.5,12.5,Healthy,Healthy,-1.0
MAH-SAT-TAG-1909,SAT,HF Cross,8.8,233,38.35,0.07,38.29,427.6,9.0,289.0,-11.2,93.2,6.8,Healthy,Healthy,-1.0
MAH-SAT-TAG-1909,SAT,HF Cross,8.8,276,38.57,0.04,38.29,462.9,1.5,290.5,-11.7,104.9,-4.9,Healthy,Healthy,-1.0
MAH-AHM-TAG-1910,AHM,Murrah Buffalo,3.8,132,38.65,-0.14,38.42,436.7,3.0,283.3,-9.0,121.0,-21.0,Healthy,Healthy,-1.0
MAH-AHM-TAG-1910,AHM,Murrah Buffalo,3.8,206,38.61,-0.19,38.42,403.0,10.4,278.1,-7.0,111.7,-11.7,Healthy,Healthy,-1.0
MAH-AHM-TAG-1910,AHM,Murrah Buffalo,3.8,237,38.11,-0.03,38.42,402.6,10.5,253.8,2.4,92.0,8.0,Healthy,Healthy,-1.0
MAH-AHM-TAG-1910,AHM,Murrah Buffalo,3.8,283,38.36,-0.02,38.43,394.0,12.4,260.1,-0.0,99.6,0.4,Healthy,Healthy,-1.0
MAH-SAT-TAG-1911,SAT,HF Cross,6.5,160,38.63,-0.13,38.57,458.2,2.5,269.1,-3.5,114.5,-14.5,Healthy,Healthy,-1.0
MAH-SAT-TAG-1911,SAT,HF Cross,6.5,232,38.63,-0.23,38.54,399.1,15.1,250.7,3.6,105.5,-5.5,Sub-clinical,Ketosis,1.5
MAH-SAT-TAG-1911,SAT,HF Cross,6.5,259,38.32,-0.03,38.44,339.2,27.8,193.7,25.5,81.3,18.7,Sub-clinical,Ketosis,0.4
MAH-SAT-TAG-1911,SAT,HF Cross,6.5,304,38.5,0.11,38.24,250.8,46.6,189.6,27.1,88.2,11.8,Clinical,Ketosis,0.0
MAH-NAS-TAG-1912,NAS,Khillari,7.1,93,38.17,0.06,38.33,452.8,-0.6,251.6,3.2,86.6,13.4,Healthy,Healthy,-1.0
MAH-NAS-TAG-1912,NAS,Khillari,7.1,162,38.83,0.5,38.52,392.7,12.7,242.0,6.9,92.6,7.4,Sub-clinical,FMD,1.4
MAH-NAS-TAG-1912,NAS,Khillari,7.1,186,39.44,0.61,39.12,321.2,28.6,185.7,28.6,76.6,23.4,Sub-clinical,FMD,0.4
MAH-NAS-TAG-1912,NAS,Khillari,7.1,230,40.55,0.48,40.07,236.1,47.5,149.9,42.3,65.8,34.2,Clinical,FMD,0.0
MAH-KOL-TAG-1913,KOL,HF Cross,4.3,117,37.88,-0.27,38.34,457.9,2.6,248.6,4.4,89.6,10.4,Healthy,Healthy,-1.0
MAH-KOL-TAG-1913,KOL,HF Cross,4.3,189,38.51,0.34,38.59,386.5,17.8,211.3,18.7,85.0,15.0,Sub-clinical,FMD,1.5
MAH-KOL-TAG-1913,KOL,HF Cross,4.3,216,39.14,0.54,39.13,349.7,25.6,169.9,34.7,56.2,43.8,Sub-clinical,FMD,0.4
MAH-KOL-TAG-1913,KOL,HF Cross,4.3,261,40.04,0.37,40.06,224.5,52.2,108.4,58.3,43.4,56.6,Clinical,FMD,0.0
MAH-SOL-TAG-1914,SOL,Gir Cross,7.3,108,38.84,0.11,38.51,458.6,2.4,267.7,-3.0,116.6,-16.6,Healthy,Healthy,-1.0
MAH-SOL-TAG-1914,SOL,Gir Cross,7.3,182,38.68,-0.14,38.52,454.8,3.2,266.7,-2.6,118.7,-18.7,Healthy,Healthy,-1.0
MAH-SOL-TAG-1914,SOL,Gir Cross,7.3,213,38.33,0.05,38.5,458.9,2.4,235.0,9.6,85.3,14.7,Healthy,Healthy,-1.0
MAH-SOL-TAG-1914,SOL,Gir Cross,7.3,259,38.34,-0.17,38.5,438.3,6.7,239.4,7.9,99.8,0.2,Healthy,Healthy,-1.0
MAH-SAN-TAG-1915,SAN,HF Cross,6.0,146,38.24,-0.12,38.58,452.7,3.7,274.4,-5.5,87.2,12.8,Healthy,Healthy,-1.0
MAH-SAN-TAG-1915,SAN,HF Cross,6.0,224,38.75,-0.06,38.59,454.2,3.4,297.3,-14.3,102.1,-2.1,Healthy,Healthy,-1.0
MAH-SAN-TAG-1915,SAN,HF Cross,6.0,257,38.64,0.06,38.58,419.1,10.8,297.6,-14.5,106.3,-6.3,Healthy,Healthy,-1.0
MAH-SAN-TAG-1915,SAN,HF Cross,6.0,304,38.73,-0.1,38.6,397.9,15.3,300.4,-15.5,111.4,-11.4,Healthy,Healthy,-1.0
MAH-AHM-TAG-1916,AHM,Murrah Buffalo,4.2,156,38.66,-0.08,38.36,465.7,-3.5,261.7,-0.7,116.0,-16.0,Healthy,Healthy,-1.0
MAH-AHM-TAG-1916,AHM,Murrah Buffalo,4.2,232,38.35,-0.06,38.32,388.8,13.6,234.2,9.9,102.6,-2.6,Sub-clinical,Ketosis,1.8
MAH-AHM-TAG-1916,AHM,Murrah Buffalo,4.2,265,37.78,-0.22,38.22,361.8,19.6,173.5,33.3,69.7,30.3,Sub-clinical,Ketosis,0.5
MAH-AHM-TAG-1916,AHM,Murrah Buffalo,4.2,312,37.72,0.05,38.07,258.5,42.6,123.9,52.3,48.8,51.2,Clinical,Ketosis,0.0
MAH-SAT-TAG-1917,SAT,Khillari,7.0,48,38.14,-0.11,38.44,472.5,-5.0,279.9,-7.7,75.6,24.4,Healthy,Healthy,-1.0
MAH-SAT-TAG-1917,SAT,Khillari,7.0,114,38.46,0.14,38.48,443.0,1.6,302.6,-16.4,95.5,4.5,Healthy,Healthy,-1.0
MAH-SAT-TAG-1917,SAT,Khillari,7.0,134,38.62,-0.07,38.48,473.4,-5.2,312.4,-20.2,104.8,-4.8,Healthy,Healthy,-1.0
MAH-SAT-TAG-1917,SAT,Khillari,7.0,177,38.63,-0.15,38.51,498.3,-10.7,296.0,-13.8,105.2,-5.2,Healthy,Healthy,-1.0
MAH-NAS-TAG-1918,NAS,Murrah Buffalo,6.2,96,38.2,0.04,38.52,459.1,-2.0,235.8,9.3,87.8,12.2,Healthy,Healthy,-1.0
MAH-NAS-TAG-1918,NAS,Murrah Buffalo,6.2,169,38.22,0.15,38.5,382.4,15.0,198.0,23.8,85.0,15.0,Sub-clinical,Ketosis,1.7
MAH-NAS-TAG-1918,NAS,Murrah Buffalo,6.2,199,38.45,-0.17,38.4,355.4,21.0,184.5,29.0,98.3,1.7,Sub-clinical,Ketosis,0.4
MAH-NAS-TAG-1918,NAS,Murrah Buffalo,6.2,244,38.08,-0.11,38.27,260.9,42.0,135.8,47.8,74.7,25.3,Clinical,Ketosis,0.0
MAH-KOL-TAG-1919,KOL,Murrah Buffalo,8.8,81,38.44,0.05,38.24,502.8,-11.7,254.4,2.2,103.8,-3.8,Healthy,Healthy,-1.0
MAH-KOL-TAG-1919,KOL,Murrah Buffalo,8.8,151,38.31,-0.06,38.27,465.8,-3.5,233.2,10.3,95.3,4.7,Sub-clinical,Ketosis,1.4
MAH-KOL-TAG-1919,KOL,Murrah Buffalo,8.8,176,38.42,0.1,38.14,401.3,10.8,201.8,22.4,92.5,7.5,Sub-clinical,Ketosis,0.4
MAH-KOL-TAG-1919,KOL,Murrah Buffalo,8.8,220,37.72,-0.17,37.97,304.2,32.4,137.3,47.2,58.6,41.4,Clinical,Ketosis,0.0
MAH-KOL-TAG-1920,KOL,Khillari,4.1,139,38.19,-0.19,38.38,399.4,11.2,255.7,1.7,96.1,3.9,Healthy,Healthy,-1.0
MAH-KOL-TAG-1920,KOL,Khillari,4.1,210,38.74,0.3,38.53,378.9,15.8,243.3,6.4,86.8,13.2,Sub-clinical,Mastitis,1.4
MAH-KOL-TAG-1920,KOL,Khillari,4.1,236,39.01,0.44,38.96,303.2,32.6,223.2,14.2,79.7,20.3,Sub-clinical,Mastitis,0.4
MAH-KOL-TAG-1920,KOL,Khillari,4.1,280,39.91,0.28,39.63,246.9,45.1,201.2,22.6,87.4,12.6,Clinical,Mastitis,0.0
MAH-PUN-TAG-1921,PUN,Dangi,3.7,153,38.68,0.11,38.47,507.7,-12.8,297.5,-14.4,116.3,-16.3,Healthy,Healthy,-1.0
MAH-PUN-TAG-1921,PUN,Dangi,3.7,225,39.02,0.36,38.65,466.9,-3.8,264.1,-1.6,108.1,-8.1,Sub-clinical,LSD,1.5
MAH-PUN-TAG-1921,PUN,Dangi,3.7,252,39.63,0.37,39.11,405.4,9.9,249.3,4.1,101.0,-1.0,Sub-clinical,LSD,0.4
MAH-PUN-TAG-1921,PUN,Dangi,3.7,297,40.2,0.3,39.85,375.1,16.6,207.6,20.2,87.8,12.2,Clinical,LSD,0.0
MAH-SAN-TAG-1922,SAN,Dangi,8.2,64,38.71,-0.02,38.54,415.2,7.7,295.2,-13.5,105.1,-5.1,Healthy,Healthy,-1.0
MAH-SAN-TAG-1922,SAN,Dangi,8.2,131,38.82,-0.05,38.51,451.1,-0.2,293.0,-12.7,111.9,-11.9,Healthy,Healthy,-1.0
MAH-SAN-TAG-1922,SAN,Dangi,8.2,151,38.55,-0.04,38.5,474.5,-5.4,294.0,-13.1,104.3,-4.3,Healthy,Healthy,-1.0
MAH-SAN-TAG-1922,SAN,Dangi,8.2,194,38.16,0.01,38.49,466.2,-3.6,266.4,-2.5,83.3,16.7,Healthy,Healthy,-1.0
MAH-NAS-TAG-1923,NAS,Dangi,5.2,88,38.77,0.03,38.6,419.9,6.7,265.4,-2.1,110.6,-10.6,Healthy,Healthy,-1.0
MAH-NAS-TAG-1923,NAS,Dangi,5.2,165,38.27,0.09,38.53,371.2,17.5,209.7,19.3,78.8,21.2,Sub-clinical,Ketosis,1.8
MAH-NAS-TAG-1923,NAS,Dangi,5.2,198,38.48,0.05,38.47,354.1,21.3,192.6,25.9,90.9,9.1,Sub-clinical,Ketosis,0.4
MAH-NAS-TAG-1923,NAS,Dangi,5.2,244,38.1,-0.15,38.31,264.5,41.2,140.4,46.0,68.0,32.0,Clinical,Ketosis,0.0
MAH-AHM-TAG-1924,AHM,Dangi,2.7,91,38.3,-0.02,38.43,443.4,1.5,236.9,8.9,101.5,-1.5,Healthy,Healthy,-1.0
MAH-AHM-TAG-1924,AHM,Dangi,2.7,163,38.42,0.08,38.44,459.2,-2.0,223.0,14.2,96.3,3.7,Healthy,Healthy,-1.0
MAH-AHM-TAG-1924,AHM,Dangi,2.7,190,38.14,0.02,38.4,468.2,-4.0,219.6,15.5,78.0,22.0,Healthy,Healthy,-1.0
MAH-AHM-TAG-1924,AHM,Dangi,2.7,235,38.32,0.09,38.38,445.3,1.0,249.5,4.0,99.9,0.1,Healthy,Healthy,-1.0
MAH-PUN-TAG-1925,PUN,Gir Cross,3.5,60,39.11,-0.18,38.82,483.7,-2.9,268.1,-3.1,132.1,-32.1,Healthy,Healthy,-1.0
MAH-PUN-TAG-1925,PUN,Gir Cross,3.5,127,38.82,-0.05,38.83,509.6,-8.4,265.2,-2.0,114.1,-14.1,Healthy,Healthy,-1.0
MAH-PUN-TAG-1925,PUN,Gir Cross,3.5,148,38.68,0.0,38.8,505.7,-7.6,247.5,4.8,105.0,-5.0,Healthy,Healthy,-1.0
MAH-PUN-TAG-1925,PUN,Gir Cross,3.5,192,38.43,-0.12,38.79,483.1,-2.8,237.5,8.7,98.3,1.7,Healthy,Healthy,-1.0
MAH-KOL-TAG-1926,KOL,HF Cross,5.8,165,38.49,-0.06,38.74,463.6,1.4,246.3,5.3,89.2,10.8,Healthy,Healthy,-1.0
MAH-KOL-TAG-1926,KOL,HF Cross,5.8,241,38.31,-0.14,38.7,491.6,-4.6,239.4,7.9,82.3,17.7,Healthy,Healthy,-1.0
MAH-KOL-TAG-1926,KOL,HF Cross,5.8,272,38.9,0.05,38.7,505.9,-7.6,272.6,-4.8,101.8,-1.8,Healthy,Healthy,-1.0
MAH-KOL-TAG-1926,KOL,HF Cross,5.8,319,38.9,0.12,38.7,506.0,-7.7,270.1,-3.9,107.1,-7.1,Healthy,Healthy,-1.0
MAH-SAN-TAG-1927,SAN,Dangi,2.0,74,38.36,0.07,38.57,467.6,-3.9,246.3,5.3,92.2,7.8,Healthy,Healthy,-1.0
MAH-SAN-TAG-1927,SAN,Dangi,2.0,140,38.86,0.33,38.75,378.8,15.8,228.4,12.2,88.6,11.4,Sub-clinical,LSD,1.2
MAH-SAN-TAG-1927,SAN,Dangi,2.0,161,39.66,0.54,39.19,337.9,24.9,226.6,12.8,78.3,21.7,Sub-clinical,LSD,0.3
MAH-SAN-TAG-1927,SAN,Dangi,2.0,204,40.5,0.38,39.93,305.7,32.1,198.7,23.6,82.0,18.0,Clinical,LSD,0.0
MAH-SAN-TAG-1928,SAN,HF Cross,6.4,98,38.39,0.16,38.49,472.4,-0.5,237.1,8.8,82.6,17.4,Healthy,Healthy,-1.0
MAH-SAN-TAG-1928,SAN,HF Cross,6.4,176,39.14,0.4,38.72,433.8,7.7,252.9,2.7,92.9,7.1,Sub-clinical,Mastitis,1.9
MAH-SAN-TAG-1928,SAN,HF Cross,6.4,209,39.37,0.37,39.13,336.0,28.5,231.7,10.9,86.9,13.1,Sub-clinical,Mastitis,0.5
MAH-SAN-TAG-1928,SAN,HF Cross,6.4,256,40.0,0.23,39.76,249.6,46.9,194.8,25.1,81.8,18.2,Clinical,Mastitis,0.0
MAH-SAN-TAG-1929,SAN,Murrah Buffalo,7.1,117,38.19,0.05,38.38,444.1,1.3,265.3,-2.0,88.4,11.6,Healthy,Healthy,-1.0
MAH-SAN-TAG-1929,SAN,Murrah Buffalo,7.1,185,38.51,0.01,38.41,418.0,7.1,281.1,-8.1,97.4,2.6,Healthy,Healthy,-1.0
MAH-SAN-TAG-1929,SAN,Murrah Buffalo,7.1,208,38.41,-0.17,38.39,434.4,3.5,303.5,-16.7,108.7,-8.7,Healthy,Healthy,-1.0
MAH-SAN-TAG-1929,SAN,Murrah Buffalo,7.1,252,38.87,0.11,38.39,450.1,-0.0,295.9,-13.8,107.0,-7.0,Healthy,Healthy,-1.0
MAH-PUN-TAG-1930,PUN,Khillari,7.6,139,38.37,-0.05,38.46,449.9,0.0,248.3,4.5,95.6,4.4,Healthy,Healthy,-1.0
MAH-PUN-TAG-1930,PUN,Khillari,7.6,208,38.53,-0.19,38.41,384.3,14.6,229.6,11.7,103.9,-3.9,Sub-clinical,Ketosis,1.3
MAH-PUN-TAG-1930,PUN,Khillari,7.6,232,38.37,-0.16,38.31,323.5,28.1,212.0,18.5,99.4,0.6,Sub-clinical,Ketosis,0.3
MAH-PUN-TAG-1930,PUN,Khillari,7.6,276,38.42,0.02,38.18,273.9,39.1,172.0,33.8,89.4,10.6,Clinical,Ketosis,0.0
MAH-KOL-TAG-1931,KOL,Khillari,5.9,108,38.77,-0.07,38.49,439.8,2.3,274.9,-5.7,107.6,-7.6,Healthy,Healthy,-1.0
MAH-KOL-TAG-1931,KOL,Khillari,5.9,182,39.25,0.33,38.69,408.0,9.3,254.1,2.3,96.5,3.5,Sub-clinical,LSD,1.7
MAH-KOL-TAG-1931,KOL,Khillari,5.9,213,39.15,0.37,39.11,341.2,24.2,193.3,25.7,65.1,34.9,Sub-clinical,LSD,0.4
MAH-KOL-TAG-1931,KOL,Khillari,5.9,259,39.9,0.41,39.78,284.5,36.8,166.8,35.8,49.4,50.6,Clinical,LSD,0.0
MAH-PUN-TAG-1932,PUN,Khillari,2.2,103,39.01,-0.05,38.85,512.9,-14.0,281.3,-8.2,95.5,4.5,Healthy,Healthy,-1.0
MAH-PUN-TAG-1932,PUN,Khillari,2.2,174,38.83,-0.13,38.84,511.4,-13.6,275.1,-5.8,95.7,4.3,Healthy,Healthy,-1.0
MAH-PUN-TAG-1932,PUN,Khillari,2.2,200,39.11,-0.04,38.85,503.2,-11.8,283.8,-9.2,101.9,-1.9,Healthy,Healthy,-1.0
MAH-PUN-TAG-1932,PUN,Khillari,2.2,244,38.75,-0.03,38.86,498.5,-10.8,274.4,-5.5,88.5,11.5,Healthy,Healthy,-1.0
MAH-AHM-TAG-1933,AHM,Dangi,3.4,153,38.53,0.01,38.33,463.3,-3.0,255.7,1.7,117.0,-17.0,Healthy,Healthy,-1.0
MAH-AHM-TAG-1933,AHM,Dangi,3.4,218,38.41,0.46,38.45,421.6,6.3,220.5,15.2,81.8,18.2,Sub-clinical,Mastitis,1.1
MAH-AHM-TAG-1933,AHM,Dangi,3.4,238,38.75,0.47,38.79,356.5,20.8,201.1,22.7,70.6,29.4,Sub-clinical,Mastitis,0.3
MAH-AHM-TAG-1933,AHM,Dangi,3.4,280,39.88,0.35,39.58,273.3,39.3,195.1,25.0,94.0,6.0,Clinical,Mastitis,0.0
MAH-PUN-TAG-1934,PUN,Red Kandhari,7.1,79,38.46,-0.05,38.35,482.8,-7.3,257.9,0.8,106.8,-6.8,Healthy,Healthy,-1.0
MAH-PUN-TAG-1934,PUN,Red Kandhari,7.1,154,39.07,0.41,38.59,421.9,6.2,258.6,0.5,109.6,-9.6,Sub-clinical,LSD,1.7
MAH-PUN-TAG-1934,PUN,Red Kandhari,7.1,184,39.18,0.08,38.95,330.0,26.7,224.7,13.6,86.4,13.6,Sub-clinical,LSD,0.4
MAH-PUN-TAG-1934,PUN,Red Kandhari,7.1,230,39.95,0.13,39.66,292.5,35.0,186.1,28.4,88.3,11.7,Clinical,LSD,0.0
MAH-SOL-TAG-1935,SOL,HF Cross,7.4,165,38.07,-0.22,38.4,482.9,-2.7,241.7,7.0,94.2,5.8,Healthy,Healthy,-1.0
MAH-SOL-TAG-1935,SOL,HF Cross,7.4,232,38.96,0.37,38.55,444.4,5.4,258.0,0.8,103.2,-3.2,Sub-clinical,LSD,1.2
MAH-SOL-TAG-1935,SOL,HF Cross,7.4,254,39.54,0.47,38.97,410.1,12.7,236.7,9.0,95.1,4.9,Sub-clinical,LSD,0.3
MAH-SOL-TAG-1935,SOL,HF Cross,7.4,297,40.0,0.25,39.72,392.0,16.6,184.2,29.2,74.8,25.2,Clinical,LSD,0.0
MAH-SOL-TAG-1936,SOL,Gir Cross,7.7,60,38.63,0.0,38.31,487.7,-3.8,274.7,-5.7,117.8,-17.8,Healthy,Healthy,-1.0
MAH-SOL-TAG-1936,SOL,Gir Cross,7.7,125,38.56,0.37,38.4,469.5,0.1,235.0,9.6,94.0,6.0,Sub-clinical,Mastitis,1.1
MAH-SOL-TAG-1936,SOL,Gir Cross,7.7,144,38.72,0.66,38.79,386.7,17.7,198.8,23.5,84.3,15.7,Sub-clinical,Mastitis,0.3
MAH-SOL-TAG-1936,SOL,Gir Cross,7.7,187,39.59,0.36,39.54,308.3,34.4,186.7,28.2,82.1,17.9,Clinical,Mastitis,0.0
MAH-KOL-TAG-1937,KOL,Red Kandhari,6.5,110,38.71,-0.25,38.52,460.0,-2.2,260.2,-0.1,111.0,-11.0,Healthy,Healthy,-1.0
MAH-KOL-TAG-1937,KOL,Red Kandhari,6.5,184,39.21,0.48,38.73,419.7,6.7,235.5,9.4,97.0,3.0,Sub-clinical,LSD,1.6
MAH-KOL-TAG-1937,KOL,Red Kandhari,6.5,213,39.04,0.47,39.09,386.1,14.2,186.9,28.1,64.6,35.4,Sub-clinical,LSD,0.4
MAH-KOL-TAG-1937,KOL,Red Kandhari,6.5,259,39.94,0.26,39.79,332.8,26.0,155.9,40.0,63.0,37.0,Clinical,LSD,0.0
MAH-NAS-TAG-1938,NAS,Murrah Buffalo,5.6,79,38.48,0.07,38.31,467.0,-3.8,288.1,-10.8,88.5,11.5,Healthy,Healthy,-1.0
MAH-NAS-TAG-1938,NAS,Murrah Buffalo,5.6,149,38.57,0.28,38.45,432.4,3.9,263.7,-1.4,73.6,26.4,Sub-clinical,LSD,1.4
MAH-NAS-TAG-1938,NAS,Murrah Buffalo,5.6,174,39.14,0.51,38.9,391.8,12.9,232.7,10.5,64.5,35.5,Sub-clinical,LSD,0.3
MAH-NAS-TAG-1938,NAS,Murrah Buffalo,5.6,218,39.35,0.1,39.57,330.5,26.6,180.6,30.5,36.9,63.1,Clinical,LSD,0.0
MAH-SOL-TAG-1939,SOL,Gir Cross,2.5,144,37.93,-0.21,38.3,435.4,7.4,240.9,7.3,83.0,17.0,Healthy,Healthy,-1.0
MAH-SOL-TAG-1939,SOL,Gir Cross,2.5,216,38.46,0.53,38.52,396.9,15.6,221.1,15.0,74.4,25.6,Sub-clinical,LSD,1.6
MAH-SOL-TAG-1939,SOL,Gir Cross,2.5,245,39.07,0.35,39.0,388.6,17.3,207.7,20.1,82.7,17.3,Sub-clinical,LSD,0.4
MAH-SOL-TAG-1939,SOL,Gir Cross,2.5,290,39.61,0.42,39.66,312.5,33.5,154.6,40.5,55.4,44.6,Clinical,LSD,0.0
MAH-SAN-TAG-1940,SAN,Dangi,2.1,91,38.72,0.14,38.67,418.6,7.0,225.0,13.5,94.0,6.0,Healthy,Healthy,-1.0
MAH-SAN-TAG-1940,SAN,Dangi,2.1,159,39.32,0.39,38.86,379.7,15.6,216.1,16.9,107.2,-7.2,Sub-clinical,LSD,1.3
MAH-SAN-TAG-1940,SAN,Dangi,2.1,182,39.78,0.56,39.25,352.8,21.6,200.5,22.9,91.8,8.2,Sub-clinical,LSD,0.3
MAH-SAN-TAG-1940,SAN,Dangi,2.1,225,40.37,0.26,39.99,317.5,29.4,158.4,39.1,80.4,19.6,Clinical,LSD,0.0
MAH-PUN-TAG-1941,PUN,HF Cross,6.4,72,37.96,0.02,38.24,476.0,-1.3,217.9,16.2,78.6,21.4,Healthy,Healthy,-1.0
MAH-PUN-TAG-1941,PUN,HF Cross,6.4,147,38.44,0.5,38.43,445.5,5.2,218.6,15.9,91.1,8.9,Sub-clinical,Mastitis,1.8
MAH-PUN-TAG-1941,PUN,HF Cross,6.4,179,39.41,0.35,38.88,367.8,21.7,233.1,10.3,103.5,-3.5,Sub-clinical,Mastitis,0.4
MAH-PUN-TAG-1941,PUN,HF Cross,6.4,225,39.98,0.43,39.51,313.6,33.3,189.5,27.1,93.2,6.8,Clinical,Mastitis,0.0
MAH-KOL-TAG-1942,KOL,Khillari,2.4,151,38.65,0.23,38.49,476.9,-6.0,286.0,-10.0,105.0,-5.0,Healthy,Healthy,-1.0
MAH-KOL-TAG-1942,KOL,Khillari,2.4,228,39.29,0.51,38.79,382.6,15.0,268.1,-3.1,98.0,2.0,Sub-clinical,FMD,1.9
MAH-KOL-TAG-1942,KOL,Khillari,2.4,262,39.28,0.49,39.32,309.9,31.1,176.2,32.2,60.4,39.6,Sub-clinical,FMD,0.5
MAH-KOL-TAG-1942,KOL,Khillari,2.4,309,40.13,0.37,40.2,180.6,59.9,113.7,56.3,42.5,57.5,Clinical,FMD,0.0
MAH-SAN-TAG-1943,SAN,Dangi,4.8,168,38.47,0.22,38.68,469.0,-4.2,217.0,16.5,84.9,15.1,Healthy,Healthy,-1.0
MAH-SAN-TAG-1943,SAN,Dangi,4.8,240,38.58,0.14,38.85,432.3,3.9,199.1,23.4,83.0,17.0,Sub-clinical,Mastitis,1.5
MAH-SAN-TAG-1943,SAN,Dangi,4.8,267,39.14,0.15,39.27,386.6,14.1,193.1,25.7,74.8,25.2,Sub-clinical,Mastitis,0.4
MAH-SAN-TAG-1943,SAN,Dangi,4.8,312,39.69,0.11,39.94,309.8,31.2,144.5,44.4,61.9,38.1,Clinical,Mastitis,0.0
MAH-KOL-TAG-1944,KOL,Red Kandhari,6.7,136,38.66,0.1,38.49,451.4,-0.3,292.0,-12.3,110.7,-10.7,Healthy,Healthy,-1.0
MAH-KOL-TAG-1944,KOL,Red Kandhari,6.7,203,39.43,0.65,38.72,402.2,10.6,254.8,2.0,108.2,-8.2,Sub-clinical,FMD,1.1
MAH-KOL-TAG-1944,KOL,Red Kandhari,6.7,223,39.61,0.61,39.21,378.7,15.8,194.8,25.1,80.3,19.7,Sub-clinical,FMD,0.3
MAH-KOL-TAG-1944,KOL,Red Kandhari,6.7,266,40.14,0.44,40.25,268.5,40.3,121.6,53.2,39.2,60.8,Clinical,FMD,0.0
MAH-SAT-TAG-1945,SAT,Khillari,4.6,60,38.92,0.04,38.49,490.9,-9.1,268.4,-3.2,112.5,-12.5,Healthy,Healthy,-1.0
MAH-SAT-TAG-1945,SAT,Khillari,4.6,133,38.75,-0.09,38.52,479.1,-6.5,269.6,-3.7,119.2,-19.2,Healthy,Healthy,-1.0
MAH-SAT-TAG-1945,SAT,Khillari,4.6,163,38.58,0.22,38.5,451.9,-0.4,238.4,8.3,89.9,10.1,Healthy,Healthy,-1.0
MAH-SAT-TAG-1945,SAT,Khillari,4.6,208,38.7,0.04,38.52,453.0,-0.7,255.8,1.6,104.0,-4.0,Healthy,Healthy,-1.0
MAH-SAN-TAG-1946,SAN,Dangi,7.0,93,38.06,-0.09,38.22,486.5,-8.1,247.8,4.7,98.1,1.9,Healthy,Healthy,-1.0
MAH-SAN-TAG-1946,SAN,Dangi,7.0,169,38.4,0.33,38.5,446.8,0.7,201.8,22.4,75.0,25.0,Sub-clinical,FMD,1.8
MAH-SAN-TAG-1946,SAN,Dangi,7.0,200,39.36,0.36,39.06,392.3,12.8,190.8,26.6,82.9,17.1,Sub-clinical,FMD,0.5
MAH-SAN-TAG-1946,SAN,Dangi,7.0,247,40.15,0.31,39.97,294.7,34.5,121.0,53.5,53.2,46.8,Clinical,FMD,0.0
MAH-NAS-TAG-1947,NAS,Dangi,8.9,134,38.53,-0.2,38.34,474.3,-5.4,283.5,-9.0,118.3,-18.3,Healthy,Healthy,-1.0
MAH-NAS-TAG-1947,NAS,Dangi,8.9,208,38.27,-0.25,38.3,423.6,5.9,245.6,5.5,108.1,-8.1,Sub-clinical,Ketosis,1.6
MAH-NAS-TAG-1947,NAS,Dangi,8.9,237,37.83,-0.24,38.19,355.0,21.1,190.1,26.9,88.0,12.0,Sub-clinical,Ketosis,0.4
MAH-NAS-TAG-1947,NAS,Dangi,8.9,283,37.83,-0.21,38.05,256.5,43.0,152.5,41.3,71.7,28.3,Clinical,Ketosis,0.0
MAH-SAT-TAG-1948,SAT,Gir Cross,3.4,134,38.87,-0.04,38.56,445.8,5.1,271.7,-4.5,110.2,-10.2,Healthy,Healthy,-1.0
MAH-SAT-TAG-1948,SAT,Gir Cross,3.4,209,38.61,0.02,38.59,432.7,7.9,248.6,4.4,102.9,-2.9,Healthy,Healthy,-1.0
MAH-SAT-TAG-1948,SAT,Gir Cross,3.4,239,38.18,-0.03,38.57,470.9,-0.2,239.0,8.1,82.2,17.8,Healthy,Healthy,-1.0
MAH-SAT-TAG-1948,SAT,Gir Cross,3.4,285,38.31,-0.16,38.55,438.5,6.7,247.0,5.0,86.1,13.9,Healthy,Healthy,-1.0
MAH-SAT-TAG-1949,SAT,Gir Cross,3.5,132,38.88,-0.05,38.54,463.6,1.4,283.2,-8.9,108.2,-8.2,Healthy,Healthy,-1.0
MAH-SAT-TAG-1949,SAT,Gir Cross,3.5,201,38.78,-0.18,38.54,431.7,8.1,249.1,4.2,103.3,-3.3,Sub-clinical,Ketosis,1.3
MAH-SAT-TAG-1949,SAT,Gir Cross,3.5,224,38.42,-0.07,38.38,372.9,20.7,222.5,14.4,90.5,9.5,Sub-clinical,Ketosis,0.4
MAH-SAT-TAG-1949,SAT,Gir Cross,3.5,268,38.16,0.03,38.28,273.1,41.9,154.0,40.8,59.3,40.7,Clinical,Ketosis,0.0
MAH-SAN-TAG-1950,SAN,HF Cross,4.9,127,38.95,0.2,38.71,526.7,-12.1,280.8,-8.0,94.4,5.6,Healthy,Healthy,-1.0
MAH-SAN-TAG-1950,SAN,HF Cross,4.9,204,39.57,0.42,38.99,428.7,8.8,264.0,-1.5,101.7,-1.7,Sub-clinical,FMD,1.9
MAH-SAN-TAG-1950,SAN,HF Cross,4.9,238,39.43,0.46,39.53,334.4,28.9,166.4,36.0,60.5,39.5,Sub-clinical,FMD,0.5
MAH-SAN-TAG-1950,SAN,HF Cross,4.9,285,40.27,0.39,40.4,227.4,51.6,132.3,49.1,36.4,63.6,Clinical,FMD,0.0
MAH-AHM-TAG-1951,AHM,Murrah Buffalo,6.8,60,38.46,-0.05,38.2,433.8,3.6,311.8,-19.9,110.5,-10.5,Healthy,Healthy,-1.0
MAH-AHM-TAG-1951,AHM,Murrah Buffalo,6.8,137,38.72,0.46,38.4,361.4,19.7,273.5,-5.2,91.9,8.1,Sub-clinical,BRD,1.9
MAH-AHM-TAG-1951,AHM,Murrah Buffalo,6.8,171,38.54,0.22,38.73,378.8,15.8,227.5,12.5,67.6,32.4,Sub-clinical,BRD,0.5
MAH-AHM-TAG-1951,AHM,Murrah Buffalo,6.8,218,39.07,0.01,39.33,299.7,33.4,193.8,25.5,51.0,49.0,Clinical,BRD,0.0
MAH-SOL-TAG-1952,SOL,HF Cross,6.8,153,38.57,-0.06,38.35,468.1,0.4,270.2,-3.9,91.3,8.7,Healthy,Healthy,-1.0
MAH-SOL-TAG-1952,SOL,HF Cross,6.8,221,38.19,-0.21,38.31,433.2,7.8,217.0,16.5,73.3,26.7,Sub-clinical,Ketosis,1.3
MAH-SOL-TAG-1952,SOL,HF Cross,6.8,244,37.92,-0.12,38.2,360.5,23.3,176.1,32.3,60.4,39.6,Sub-clinical,Ketosis,0.3
MAH-SOL-TAG-1952,SOL,HF Cross,6.8,288,37.61,-0.22,38.04,238.4,49.3,131.5,49.4,42.0,58.0,Clinical,Ketosis,0.0
MAH-SOL-TAG-1953,SOL,Khillari,3.3,165,38.21,0.11,38.51,445.9,0.9,271.7,-4.5,93.8,6.2,Healthy,Healthy,-1.0
MAH-SOL-TAG-1953,SOL,Khillari,3.3,230,38.73,-0.04,38.54,456.0,-1.3,303.0,-16.5,103.3,-3.3,Healthy,Healthy,-1.0
MAH-SOL-TAG-1953,SOL,Khillari,3.3,250,38.76,-0.11,38.54,472.5,-5.0,307.3,-18.2,113.3,-13.3,Healthy,Healthy,-1.0
MAH-SOL-TAG-1953,SOL,Khillari,3.3,292,38.47,0.08,38.55,486.2,-8.0,274.3,-5.5,94.8,5.2,Healthy,Healthy,-1.0
MAH-AHM-TAG-1954,AHM,Gir Cross,5.7,132,38.66,0.14,38.3,471.9,-0.4,280.0,-7.7,113.1,-13.1,Healthy,Healthy,-1.0
MAH-AHM-TAG-1954,AHM,Gir Cross,5.7,202,38.98,0.48,38.48,449.2,4.4,250.1,3.8,105.1,-5.1,Sub-clinical,LSD,1.4
MAH-AHM-TAG-1954,AHM,Gir Cross,5.7,226,39.34,0.36,38.86,407.8,13.2,218.2,16.1,89.6,10.4,Sub-clinical,LSD,0.4
MAH-AHM-TAG-1954,AHM,Gir Cross,5.7,271,39.91,0.38,39.59,370.4,21.2,173.7,33.2,65.3,34.7,Clinical,LSD,0.0
MAH-NAS-TAG-1955,NAS,HF Cross,3.7,100,38.53,0.0,38.65,510.1,-8.5,249.0,4.2,85.9,14.1,Healthy,Healthy,-1.0
MAH-NAS-TAG-1955,NAS,HF Cross,3.7,167,38.76,0.49,38.76,448.6,4.6,202.8,22.0,70.8,29.2,Sub-clinical,BRD,1.1
MAH-NAS-TAG-1955,NAS,HF Cross,3.7,187,39.29,0.41,39.16,375.5,20.1,196.2,24.5,75.0,25.0,Sub-clinical,BRD,0.3
MAH-NAS-TAG-1955,NAS,HF Cross,3.7,230,40.35,0.26,39.86,325.8,30.7,187.0,28.1,80.4,19.6,Clinical,BRD,0.0
MAH-PUN-TAG-1956,PUN,Khillari,2.4,151,38.95,0.15,38.73,464.0,-3.1,267.6,-2.9,92.9,7.1,Healthy,Healthy,-1.0
MAH-PUN-TAG-1956,PUN,Khillari,2.4,228,39.58,0.36,39.0,367.0,18.4,245.3,5.7,94.3,5.7,Sub-clinical,FMD,1.9
MAH-PUN-TAG-1956,PUN,Khillari,2.4,262,39.43,0.32,39.55,282.3,37.3,173.1,33.4,50.2,49.8,Sub-clinical,FMD,0.5
MAH-PUN-TAG-1956,PUN,Khillari,2.4,309,40.4,0.32,40.45,184.7,59.0,119.8,53.9,35.5,64.5,Clinical,FMD,0.0
MAH-SAT-TAG-1957,SAT,HF Cross,3.1,57,38.75,0.04,38.6,483.8,-2.9,264.1,-1.6,118.4,-18.4,Healthy,Healthy,-1.0
MAH-SAT-TAG-1957,SAT,HF Cross,3.1,124,38.56,0.15,38.57,476.7,-1.4,240.7,7.4,100.2,-0.2,Healthy,Healthy,-1.0
MAH-SAT-TAG-1957,SAT,HF Cross,3.1,146,38.32,0.02,38.56,476.2,-1.3,238.7,8.2,93.6,6.4,Healthy,Healthy,-1.0
MAH-SAT-TAG-1957,SAT,HF Cross,3.1,189,38.36,0.02,38.61,463.8,1.3,243.6,6.3,93.2,6.8,Healthy,Healthy,-1.0
MAH-PUN-TAG-1958,PUN,Dangi,4.4,122,38.4,0.07,38.6,503.9,-12.0,242.7,6.7,84.3,15.7,Healthy,Healthy,-1.0
MAH-PUN-TAG-1958,PUN,Dangi,4.4,192,38.25,-0.07,38.59,486.0,-8.0,233.3,10.3,86.4,13.6,Healthy,Healthy,-1.0
MAH-PUN-TAG-1958,PUN,Dangi,4.4,217,38.07,-0.23,38.56,494.8,-10.0,244.8,5.8,81.7,18.3,Healthy,Healthy,-1.0
MAH-PUN-TAG-1958,PUN,Dangi,4.4,261,38.35,0.06,38.6,458.0,-1.8,257.5,1.0,89.7,10.3,Healthy,Healthy,-1.0
MAH-SAT-TAG-1959,SAT,Red Kandhari,5.9,134,38.75,-0.13,38.51,428.7,4.7,290.9,-11.9,115.8,-15.8,Healthy,Healthy,-1.0
MAH-SAT-TAG-1959,SAT,Red Kandhari,5.9,204,38.77,0.11,38.46,447.5,0.6,283.0,-8.8,103.9,-3.9,Healthy,Healthy,-1.0
MAH-SAT-TAG-1959,SAT,Red Kandhari,5.9,229,38.77,-0.17,38.49,427.9,4.9,266.1,-2.3,107.8,-7.8,Healthy,Healthy,-1.0
MAH-SAT-TAG-1959,SAT,Red Kandhari,5.9,273,38.52,-0.09,38.48,471.7,-4.8,280.2,-7.8,105.0,-5.0,Healthy,Healthy,-1.0
MAH-SOL-TAG-1960,SOL,Dangi,6.7,115,38.75,0.0,38.84,393.3,12.6,233.4,10.2,95.7,4.3,Healthy,Healthy,-1.0
MAH-SOL-TAG-1960,SOL,Dangi,6.7,192,38.46,-0.03,38.79,406.3,9.7,213.9,17.7,96.0,4.0,Healthy,Healthy,-1.0
MAH-SOL-TAG-1960,SOL,Dangi,6.7,226,39.15,-0.01,38.81,431.2,4.2,251.1,3.4,120.7,-20.7,Healthy,Healthy,-1.0
MAH-SOL-TAG-1960,SOL,Dangi,6.7,273,39.09,-0.06,38.82,429.3,4.6,246.8,5.1,116.5,-16.5,Healthy,Healthy,-1.0
MAH-SAT-TAG-1961,SAT,Murrah Buffalo,4.3,124,38.21,-0.02,38.47,537.7,-19.5,259.8,0.1,88.4,11.6,Healthy,Healthy,-1.0
MAH-SAT-TAG-1961,SAT,Murrah Buffalo,4.3,192,38.21,0.06,38.43,440.9,2.0,209.9,19.3,86.2,13.8,Sub-clinical,Ketosis,1.2
MAH-SAT-TAG-1961,SAT,Murrah Buffalo,4.3,213,38.05,-0.21,38.36,362.0,19.6,190.5,26.7,74.3,25.7,Sub-clinical,Ketosis,0.3
MAH-SAT-TAG-1961,SAT,Murrah Buffalo,4.3,256,38.51,0.09,38.22,255.7,43.2,157.9,39.3,78.9,21.1,Clinical,Ketosis,0.0
MAH-SOL-TAG-1962,SOL,Khillari,7.6,93,38.26,-0.08,38.55,436.8,2.9,242.2,6.8,74.9,25.1,Healthy,Healthy,-1.0
MAH-SOL-TAG-1962,SOL,Khillari,7.6,162,38.81,0.41,38.7,358.0,20.4,233.7,10.1,79.1,20.9,Sub-clinical,FMD,1.4
MAH-SOL-TAG-1962,SOL,Khillari,7.6,186,39.79,0.98,39.27,299.5,33.4,197.1,24.2,57.9,42.1,Sub-clinical,FMD,0.4
MAH-SOL-TAG-1962,SOL,Khillari,7.6,230,40.71,0.43,40.25,209.5,53.4,137.4,47.2,56.7,43.3,Clinical,FMD,0.0
MAH-PUN-TAG-1963,PUN,Red Kandhari,2.7,81,38.53,-0.09,38.3,466.7,-3.7,242.4,6.8,108.1,-8.1,Healthy,Healthy,-1.0
MAH-PUN-TAG-1963,PUN,Red Kandhari,2.7,148,38.5,0.38,38.45,437.3,2.8,194.2,25.3,82.8,17.2,Sub-clinical,LSD,1.2
MAH-PUN-TAG-1963,PUN,Red Kandhari,2.7,170,38.81,0.44,38.85,390.5,13.2,167.3,35.7,64.2,35.8,Sub-clinical,LSD,0.3
MAH-PUN-TAG-1963,PUN,Red Kandhari,2.7,213,39.51,0.17,39.6,285.6,36.5,129.9,50.0,50.4,49.6,Clinical,LSD,0.0
MAH-SOL-TAG-1964,SOL,Red Kandhari,5.9,120,38.4,0.19,38.65,468.8,-4.2,216.0,16.9,77.7,22.3,Healthy,Healthy,-1.0
MAH-SOL-TAG-1964,SOL,Red Kandhari,5.9,189,38.37,-0.07,38.63,372.9,17.1,201.2,22.6,90.6,9.4,Sub-clinical,Ketosis,1.3
MAH-SOL-TAG-1964,SOL,Red Kandhari,5.9,212,38.3,-0.12,38.56,309.8,31.2,179.8,30.8,72.7,27.3,Sub-clinical,Ketosis,0.4
MAH-SOL-TAG-1964,SOL,Red Kandhari,5.9,256,38.46,-0.21,38.39,219.8,51.2,134.3,48.3,74.5,25.5,Clinical,Ketosis,0.0
MAH-AHM-TAG-1965,AHM,HF Cross,5.4,115,38.27,0.0,38.39,454.7,3.3,232.4,10.6,94.2,5.8,Healthy,Healthy,-1.0
MAH-AHM-TAG-1965,AHM,HF Cross,5.4,180,39.14,0.41,38.55,465.1,1.0,235.0,9.6,115.5,-15.5,Sub-clinical,LSD,1.1
MAH-AHM-TAG-1965,AHM,HF Cross,5.4,199,39.31,0.52,38.95,443.2,5.7,197.4,24.1,90.7,9.3,Sub-clinical,LSD,0.3
MAH-AHM-TAG-1965,AHM,HF Cross,5.4,242,39.56,0.21,39.7,375.5,20.1,140.2,46.1,54.0,46.0,Clinical,LSD,0.0
MAH-SOL-TAG-1966,SOL,Dangi,8.2,50,38.12,-0.08,38.56,446.1,0.9,288.5,-11.0,72.9,27.1,Healthy,Healthy,-1.0
MAH-SOL-TAG-1966,SOL,Dangi,8.2,128,39.11,0.27,38.85,407.8,9.4,268.1,-3.1,92.7,7.3,Sub-clinical,FMD,1.9
MAH-SOL-TAG-1966,SOL,Dangi,8.2,161,39.54,0.29,39.39,281.5,37.4,216.8,16.6,73.4,26.6,Sub-clinical,FMD,0.5
MAH-SOL-TAG-1966,SOL,Dangi,8.2,208,40.45,0.21,40.28,199.8,55.6,173.2,33.4,49.1,50.9,Clinical,FMD,0.0
MAH-NAS-TAG-1967,NAS,HF Cross,4.9,146,38.21,-0.1,38.57,486.6,-3.5,231.9,10.8,91.8,8.2,Healthy,Healthy,-1.0
MAH-NAS-TAG-1967,NAS,HF Cross,4.9,223,38.99,0.22,38.79,482.9,-2.7,230.7,11.3,105.9,-5.9,Sub-clinical,LSD,1.8
MAH-NAS-TAG-1967,NAS,HF Cross,4.9,255,39.47,0.23,39.18,381.9,18.7,219.0,15.8,89.4,10.6,Sub-clinical,LSD,0.5
MAH-NAS-TAG-1967,NAS,HF Cross,4.9,302,40.38,0.39,39.9,330.6,29.7,185.1,28.8,78.8,21.2,Clinical,LSD,0.0
MAH-KOL-TAG-1968,KOL,Dangi,4.2,86,38.83,-0.02,38.62,463.8,-3.1,297.2,-14.3,111.4,-11.4,Healthy,Healthy,-1.0
MAH-KOL-TAG-1968,KOL,Dangi,4.2,157,39.09,0.25,38.63,470.7,-4.6,291.4,-12.1,109.1,-9.1,Healthy,Healthy,-1.0
MAH-KOL-TAG-1968,KOL,Dangi,4.2,183,38.83,0.08,38.63,456.8,-1.5,274.3,-5.5,109.2,-9.2,Healthy,Healthy,-1.0
MAH-KOL-TAG-1968,KOL,Dangi,4.2,228,38.92,-0.07,38.64,478.4,-6.3,291.1,-12.0,110.6,-10.6,Healthy,Healthy,-1.0
MAH-SAN-TAG-1969,SAN,Khillari,6.8,98,37.98,-0.04,38.25,518.5,-15.2,234.5,9.8,100.5,-0.5,Healthy,Healthy,-1.0
MAH-SAN-TAG-1969,SAN,Khillari,6.8,166,38.46,0.54,38.42,442.1,1.8,224.4,13.7,96.9,3.1,Sub-clinical,Mastitis,1.3
MAH-SAN-TAG-1969,SAN,Khillari,6.8,189,38.68,0.27,38.8,378.5,15.9,200.0,23.1,84.8,15.2,Sub-clinical,Mastitis,0.3
MAH-SAN-TAG-1969,SAN,Khillari,6.8,232,39.87,0.27,39.51,295.9,34.2,203.1,21.9,100.0,0.0,Clinical,Mastitis,0.0
MAH-PUN-TAG-1970,PUN,Red Kandhari,7.5,67,38.4,0.07,38.33,412.3,8.4,238.0,8.5,90.1,9.9,Healthy,Healthy,-1.0
MAH-PUN-TAG-1970,PUN,Red Kandhari,7.5,137,38.66,0.08,38.5,383.8,14.7,237.7,8.6,102.2,-2.2,Sub-clinical,Mastitis,1.4
MAH-PUN-TAG-1970,PUN,Red Kandhari,7.5,162,39.15,0.34,38.89,318.1,29.3,206.4,20.6,89.8,10.2,Sub-clinical,Mastitis,0.3
MAH-PUN-TAG-1970,PUN,Red Kandhari,7.5,206,40.0,0.27,39.61,238.0,47.1,184.7,29.0,97.0,3.0,Clinical,Mastitis,0.0
MAH-PUN-TAG-1971,PUN,Gir Cross,7.2,86,38.62,-0.17,38.38,443.1,5.7,265.4,-2.1,102.8,-2.8,Healthy,Healthy,-1.0
MAH-PUN-TAG-1971,PUN,Gir Cross,7.2,162,38.3,-0.06,38.32,440.5,6.3,255.0,1.9,90.1,9.9,Healthy,Healthy,-1.0
MAH-PUN-TAG-1971,PUN,Gir Cross,7.2,193,38.0,0.04,38.32,474.7,-1.0,241.4,7.2,69.0,31.0,Healthy,Healthy,-1.0
MAH-PUN-TAG-1971,PUN,Gir Cross,7.2,240,37.99,-0.06,38.36,464.8,1.1,243.8,6.2,75.1,24.9,Healthy,Healthy,-1.0
MAH-KOL-TAG-1972,KOL,Gir Cross,2.7,81,38.49,0.02,38.21,466.7,0.7,257.8,0.8,108.6,-8.6,Healthy,Healthy,-1.0
MAH-KOL-TAG-1972,KOL,Gir Cross,2.7,147,37.97,-0.04,38.21,465.7,0.9,241.0,7.3,95.8,4.2,Healthy,Healthy,-1.0
MAH-KOL-TAG-1972,KOL,Gir Cross,2.7,168,37.88,0.08,38.18,454.3,3.3,238.1,8.4,94.0,6.0,Healthy,Healthy,-1.0
MAH-KOL-TAG-1972,KOL,Gir Cross,2.7,211,38.09,-0.13,38.2,419.0,10.9,242.0,6.9,94.2,5.8,Healthy,Healthy,-1.0
MAH-NAS-TAG-1973,NAS,Dangi,7.1,160,38.7,0.04,38.53,436.8,2.9,270.3,-4.0,103.7,-3.7,Healthy,Healthy,-1.0
MAH-NAS-TAG-1973,NAS,Dangi,7.1,236,38.53,0.12,38.69,375.5,16.6,235.3,9.5,90.8,9.2,Sub-clinical,Mastitis,1.8
MAH-NAS-TAG-1973,NAS,Dangi,7.1,267,38.98,0.19,39.12,364.3,19.0,198.3,23.7,79.6,20.4,Sub-clinical,Mastitis,0.5
MAH-NAS-TAG-1973,NAS,Dangi,7.1,314,39.64,0.44,39.76,297.1,34.0,173.1,33.4,61.6,38.4,Clinical,Mastitis,0.0
MAH-SAT-TAG-1974,SAT,Murrah Buffalo,6.8,74,38.3,-0.01,38.52,446.5,0.8,252.3,3.0,85.4,14.6,Healthy,Healthy,-1.0
MAH-SAT-TAG-1974,SAT,Murrah Buffalo,6.8,142,38.49,0.28,38.66,380.2,15.5,241.7,7.0,79.6,20.4,Sub-clinical,Mastitis,1.3
MAH-SAT-TAG-1974,SAT,Murrah Buffalo,6.8,165,39.06,0.48,39.06,336.7,25.2,214.4,17.5,69.5,30.5,Sub-clinical,Mastitis,0.3
MAH-SAT-TAG-1974,SAT,Murrah Buffalo,6.8,208,40.12,0.37,39.8,238.4,47.0,211.3,18.7,76.0,24.0,Clinical,Mastitis,0.0
MAH-KOL-TAG-1975,KOL,Gir Cross,7.6,93,38.36,0.05,38.55,409.1,13.0,241.3,7.2,81.5,18.5,Healthy,Healthy,-1.0
MAH-KOL-TAG-1975,KOL,Gir Cross,7.6,172,38.3,0.03,38.53,461.7,1.8,251.3,3.3,78.8,21.2,Healthy,Healthy,-1.0
MAH-KOL-TAG-1975,KOL,Gir Cross,7.6,206,38.99,0.09,38.58,429.4,8.6,268.5,-3.3,100.9,-0.9,Healthy,Healthy,-1.0
MAH-KOL-TAG-1975,KOL,Gir Cross,7.6,254,38.94,0.23,38.55,431.6,8.2,268.7,-3.3,104.9,-4.9,Healthy,Healthy,-1.0
MAH-NAS-TAG-1976,NAS,Dangi,6.1,156,38.78,-0.21,38.56,462.1,-2.7,322.3,-24.0,115.7,-15.7,Healthy,Healthy,-1.0
MAH-NAS-TAG-1976,NAS,Dangi,6.1,223,39.18,0.61,38.7,424.3,5.7,256.2,1.5,94.5,5.5,Sub-clinical,FMD,1.2
MAH-NAS-TAG-1976,NAS,Dangi,6.1,244,39.43,0.71,39.26,358.4,20.4,195.4,24.8,68.7,31.3,Sub-clinical,FMD,0.3
MAH-NAS-TAG-1976,NAS,Dangi,6.1,288,39.96,0.18,40.26,223.1,50.4,141.3,45.7,49.8,50.2,Clinical,FMD,0.0
MAH-SOL-TAG-1977,SOL,HF Cross,7.8,151,38.42,-0.07,38.29,489.4,-4.1,276.4,-6.3,116.0,-16.0,Healthy,Healthy,-1.0
MAH-SOL-TAG-1977,SOL,HF Cross,7.8,222,38.51,0.34,38.43,450.9,4.1,261.2,-0.5,93.5,6.5,Sub-clinical,Mastitis,1.5
MAH-SOL-TAG-1977,SOL,HF Cross,7.8,248,39.28,0.41,38.83,409.1,13.0,242.4,6.8,102.1,-2.1,Sub-clinical,Mastitis,0.4
MAH-SOL-TAG-1977,SOL,HF Cross,7.8,292,39.34,0.27,39.48,320.7,31.8,190.5,26.7,77.4,22.6,Clinical,Mastitis,0.0
MAH-KOL-TAG-1978,KOL,Red Kandhari,5.5,115,38.31,-0.08,38.41,441.0,2.0,232.5,10.6,92.6,7.4,Healthy,Healthy,-1.0
MAH-KOL-TAG-1978,KOL,Red Kandhari,5.5,180,39.24,0.65,38.51,435.1,3.3,249.3,4.1,104.1,-4.1,Sub-clinical,Mastitis,1.1
MAH-KOL-TAG-1978,KOL,Red Kandhari,5.5,199,39.2,0.58,38.89,396.7,11.8,201.0,22.7,88.6,11.4,Sub-clinical,Mastitis,0.3
MAH-KOL-TAG-1978,KOL,Red Kandhari,5.5,242,39.45,0.19,39.61,317.0,29.6,158.2,39.2,65.6,34.4,Clinical,Mastitis,0.0
MAH-AHM-TAG-1979,AHM,Gir Cross,2.1,76,38.18,-0.12,38.32,481.1,-2.4,260.4,-0.2,104.0,-4.0,Healthy,Healthy,-1.0
MAH-AHM-TAG-1979,AHM,Gir Cross,2.1,144,38.12,0.06,38.38,457.1,2.7,258.1,0.7,89.3,10.7,Healthy,Healthy,-1.0
MAH-AHM-TAG-1979,AHM,Gir Cross,2.1,165,38.06,0.05,38.37,430.0,8.5,250.3,3.7,92.9,7.1,Healthy,Healthy,-1.0
MAH-AHM-TAG-1979,AHM,Gir Cross,2.1,208,38.48,-0.03,38.38,423.7,9.9,283.8,-9.2,109.6,-9.6,Healthy,Healthy,-1.0
MAH-NAS-TAG-1980,NAS,Red Kandhari,4.4,115,38.66,-0.1,38.78,419.0,6.9,247.5,4.8,97.5,2.5,Healthy,Healthy,-1.0
MAH-NAS-TAG-1980,NAS,Red Kandhari,4.4,185,39.26,0.4,38.96,382.5,15.0,238.2,8.4,103.1,-3.1,Sub-clinical,Mastitis,1.4
MAH-NAS-TAG-1980,NAS,Red Kandhari,4.4,210,39.59,0.43,39.35,334.3,25.7,210.1,19.2,90.2,9.8,Sub-clinical,Mastitis,0.3
MAH-NAS-TAG-1980,NAS,Red Kandhari,4.4,254,40.54,0.27,40.06,268.4,40.4,195.6,24.8,96.9,3.1,Clinical,Mastitis,0.0
MAH-PUN-TAG-1981,PUN,Murrah Buffalo,8.0,115,38.34,-0.2,38.43,418.1,7.1,240.6,7.5,91.5,8.5,Healthy,Healthy,-1.0
MAH-PUN-TAG-1981,PUN,Murrah Buffalo,8.0,191,38.15,0.09,38.42,464.9,-3.3,233.4,10.2,78.8,21.2,Healthy,Healthy,-1.0
MAH-PUN-TAG-1981,PUN,Murrah Buffalo,8.0,222,38.3,-0.12,38.42,474.5,-5.4,241.6,7.1,102.4,-2.4,Healthy,Healthy,-1.0
MAH-PUN-TAG-1981,PUN,Murrah Buffalo,8.0,268,38.28,0.15,38.41,482.3,-7.2,234.4,9.8,82.3,17.7,Healthy,Healthy,-1.0
MAH-AHM-TAG-1982,AHM,Dangi,5.7,81,38.79,0.13,38.47,456.7,-1.5,298.1,-14.7,108.5,-8.5,Healthy,Healthy,-1.0
MAH-AHM-TAG-1982,AHM,Dangi,5.7,149,38.33,0.02,38.42,419.2,6.8,249.9,3.9,92.7,7.3,Sub-clinical,Ketosis,1.3
MAH-AHM-TAG-1982,AHM,Dangi,5.7,172,38.19,0.18,38.34,356.6,20.8,209.9,19.3,80.9,19.1,Sub-clinical,Ketosis,0.3
MAH-AHM-TAG-1982,AHM,Dangi,5.7,216,37.71,-0.21,38.18,218.4,51.5,156.4,39.8,68.1,31.9,Clinical,Ketosis,0.0
MAH-NAS-TAG-1983,NAS,Murrah Buffalo,5.4,158,38.98,0.12,38.65,467.3,-3.8,295.2,-13.5,109.2,-9.2,Healthy,Healthy,-1.0
MAH-NAS-TAG-1983,NAS,Murrah Buffalo,5.4,230,39.27,0.25,38.83,406.8,9.6,271.9,-4.6,101.6,-1.6,Sub-clinical,Mastitis,1.5
MAH-NAS-TAG-1983,NAS,Murrah Buffalo,5.4,257,39.43,0.43,39.23,352.3,21.7,236.5,9.0,95.5,4.5,Sub-clinical,Mastitis,0.4
MAH-NAS-TAG-1983,NAS,Murrah Buffalo,5.4,302,40.29,0.4,39.9,287.6,36.1,220.5,15.2,88.0,12.0,Clinical,Mastitis,0.0
MAH-SAN-TAG-1984,SAN,Dangi,2.5,132,39.0,0.04,38.6,413.2,8.2,314.0,-20.8,131.7,-31.7,Healthy,Healthy,-1.0
MAH-SAN-TAG-1984,SAN,Dangi,2.5,198,38.6,0.06,38.59,403.0,10.4,261.2,-0.5,102.9,-2.9,Sub-clinical,Ketosis,1.2
MAH-SAN-TAG-1984,SAN,Dangi,2.5,218,38.24,0.09,38.48,349.8,22.3,204.7,21.3,81.1,18.9,Sub-clinical,Ketosis,0.3
MAH-SAN-TAG-1984,SAN,Dangi,2.5,261,37.96,-0.1,38.35,212.6,52.8,158.6,39.0,70.8,29.2,Clinical,Ketosis,0.0
MAH-SAT-TAG-1985,SAT,Dangi,3.7,160,38.73,-0.07,38.57,400.5,11.0,297.1,-14.3,121.0,-21.0,Healthy,Healthy,-1.0
MAH-SAT-TAG-1985,SAT,Dangi,3.7,233,38.55,-0.03,38.6,401.9,10.7,282.7,-8.7,116.0,-16.0,Healthy,Healthy,-1.0
MAH-SAT-TAG-1985,SAT,Dangi,3.7,261,38.44,0.03,38.59,419.1,6.9,274.4,-5.5,108.3,-8.3,Healthy,Healthy,-1.0
MAH-SAT-TAG-1985,SAT,Dangi,3.7,307,38.5,0.04,38.59,408.8,9.2,264.2,-1.6,104.0,-4.0,Healthy,Healthy,-1.0
MAH-NAS-TAG-1986,NAS,Khillari,2.4,67,38.33,-0.13,38.45,448.3,0.4,234.5,9.8,81.3,18.7,Healthy,Healthy,-1.0
MAH-NAS-TAG-1986,NAS,Khillari,2.4,136,38.91,0.28,38.63,413.6,8.1,230.7,11.3,91.4,8.6,Sub-clinical,LSD,1.3
MAH-NAS-TAG-1986,NAS,Khillari,2.4,160,39.35,0.44,39.09,365.7,18.7,209.0,19.6,81.3,18.7,Sub-clinical,LSD,0.3
MAH-NAS-TAG-1986,NAS,Khillari,2.4,204,40.24,0.32,39.81,335.0,25.6,178.6,31.3,72.4,27.6,Clinical,LSD,0.0
MAH-AHM-TAG-1987,AHM,Gir Cross,6.0,115,38.27,-0.14,38.52,465.4,1.0,213.7,17.8,94.6,5.4,Healthy,Healthy,-1.0
MAH-AHM-TAG-1987,AHM,Gir Cross,6.0,192,38.5,0.33,38.68,437.3,7.0,183.8,29.3,89.2,10.8,Sub-clinical,Mastitis,1.9
MAH-AHM-TAG-1987,AHM,Gir Cross,6.0,226,39.57,0.34,39.11,414.0,11.9,188.7,27.4,113.3,-13.3,Sub-clinical,Mastitis,0.5
MAH-AHM-TAG-1987,AHM,Gir Cross,6.0,273,40.19,0.28,39.76,335.2,28.7,165.3,36.4,95.0,5.0,Clinical,Mastitis,0.0
MAH-SAN-TAG-1988,SAN,HF Cross,5.0,158,38.6,0.06,38.26,458.1,2.5,289.2,-11.2,115.2,-15.2,Healthy,Healthy,-1.0
MAH-SAN-TAG-1988,SAN,HF Cross,5.0,224,38.9,0.53,38.4,472.1,-0.4,269.3,-3.6,106.3,-6.3,Sub-clinical,Mastitis,1.2
MAH-SAN-TAG-1988,SAN,HF Cross,5.0,245,38.84,0.33,38.75,409.0,13.0,234.4,9.8,83.3,16.7,Sub-clinical,Mastitis,0.3
MAH-SAN-TAG-1988,SAN,HF Cross,5.0,288,39.25,0.28,39.5,317.5,32.4,182.5,29.8,64.2,35.8,Clinical,Mastitis,0.0
MAH-NAS-TAG-1989,NAS,Dangi,4.9,98,38.49,0.26,38.68,487.5,-8.3,271.2,-4.3,94.3,5.7,Healthy,Healthy,-1.0
MAH-NAS-TAG-1989,NAS,Dangi,4.9,171,38.35,-0.14,38.68,506.0,-12.4,269.6,-3.7,95.8,4.2,Healthy,Healthy,-1.0
MAH-NAS-TAG-1989,NAS,Dangi,4.9,199,38.72,-0.06,38.7,510.5,-13.4,288.8,-11.1,114.0,-14.0,Healthy,Healthy,-1.0
MAH-NAS-TAG-1989,NAS,Dangi,4.9,244,38.49,-0.04,38.69,496.4,-10.3,266.7,-2.6,99.3,0.7,Healthy,Healthy,-1.0
MAH-PUN-TAG-1990,PUN,Dangi,3.0,132,38.77,0.04,38.41,422.3,6.2,256.3,1.4,116.5,-16.5,Healthy,Healthy,-1.0
MAH-PUN-TAG-1990,PUN,Dangi,3.0,208,38.46,-0.16,38.39,397.4,11.7,242.2,6.8,108.0,-8.0,Healthy,Healthy,-1.0
MAH-PUN-TAG-1990,PUN,Dangi,3.0,241,38.09,0.14,38.4,439.2,2.4,206.4,20.6,76.4,23.6,Healthy,Healthy,-1.0
MAH-PUN-TAG-1990,PUN,Dangi,3.0,288,37.88,-0.07,38.37,434.4,3.5,207.8,20.1,81.3,18.7,Healthy,Healthy,-1.0
MAH-NAS-TAG-1991,NAS,HF Cross,6.5,156,38.98,0.05,38.61,466.8,0.7,291.3,-12.0,110.5,-10.5,Healthy,Healthy,-1.0
MAH-NAS-TAG-1991,NAS,HF Cross,6.5,223,38.59,-0.23,38.63,502.6,-6.9,267.1,-2.7,108.4,-8.4,Healthy,Healthy,-1.0
MAH-NAS-TAG-1991,NAS,HF Cross,6.5,244,38.33,-0.08,38.58,506.0,-7.7,249.0,4.2,89.6,10.4,Healthy,Healthy,-1.0
MAH-NAS-TAG-1991,NAS,HF Cross,6.5,288,38.15,0.02,38.55,476.1,-1.3,248.2,4.5,86.1,13.9,Healthy,Healthy,-1.0
MAH-NAS-TAG-1992,NAS,Murrah Buffalo,6.5,103,38.59,0.0,38.53,442.7,1.6,268.7,-3.3,109.5,-9.5,Healthy,Healthy,-1.0
MAH-NAS-TAG-1992,NAS,Murrah Buffalo,6.5,180,39.54,0.63,38.83,350.3,22.2,249.1,4.2,100.1,-0.1,Sub-clinical,FMD,1.9
MAH-NAS-TAG-1992,NAS,Murrah Buffalo,6.5,214,39.32,0.35,39.41,267.8,40.5,179.5,31.0,61.6,38.4,Sub-clinical,FMD,0.5
MAH-NAS-TAG-1992,NAS,Murrah Buffalo,6.5,261,40.08,0.23,40.29,140.0,68.9,117.4,54.8,43.3,56.7,Clinical,FMD,0.0
MAH-SAN-TAG-1993,SAN,Murrah Buffalo,6.5,86,38.74,0.02,38.38,420.0,6.7,279.4,-7.5,98.0,2.0,Healthy,Healthy,-1.0
MAH-SAN-TAG-1993,SAN,Murrah Buffalo,6.5,156,39.13,0.37,38.56,389.2,13.5,268.8,-3.4,96.3,3.7,Sub-clinical,BRD,1.4
MAH-SAN-TAG-1993,SAN,Murrah Buffalo,6.5,181,39.34,0.26,38.91,356.7,20.7,233.9,10.0,86.8,13.2,Sub-clinical,BRD,0.4
MAH-SAN-TAG-1993,SAN,Murrah Buffalo,6.5,225,39.91,0.3,39.52,315.5,29.9,209.9,19.3,70.9,29.1,Clinical,BRD,0.0
MAH-SOL-TAG-1994,SOL,Gir Cross,8.5,122,38.42,0.06,38.68,496.5,-5.6,270.4,-4.0,91.8,8.2,Healthy,Healthy,-1.0
MAH-SOL-TAG-1994,SOL,Gir Cross,8.5,189,38.82,0.36,38.82,427.9,9.0,261.8,-0.7,83.5,16.5,Sub-clinical,LSD,1.2
MAH-SOL-TAG-1994,SOL,Gir Cross,8.5,211,39.45,0.48,39.22,381.9,18.7,229.1,11.9,72.9,27.1,Sub-clinical,LSD,0.3
MAH-SOL-TAG-1994,SOL,Gir Cross,8.5,254,40.38,0.27,39.97,337.4,28.2,214.3,17.6,79.3,20.7,Clinical,LSD,0.0
MAH-AHM-TAG-1995,AHM,Murrah Buffalo,5.0,62,38.64,-0.09,38.33,405.1,10.0,289.4,-11.3,114.3,-14.3,Healthy,Healthy,-1.0
MAH-AHM-TAG-1995,AHM,Murrah Buffalo,5.0,134,39.08,0.47,38.54,340.4,24.4,263.9,-1.5,111.9,-11.9,Sub-clinical,FMD,1.5
MAH-AHM-TAG-1995,AHM,Murrah Buffalo,5.0,161,39.39,0.4,39.12,258.2,42.6,202.9,22.0,93.8,6.2,Sub-clinical,FMD,0.4
MAH-AHM-TAG-1995,AHM,Murrah Buffalo,5.0,206,40.57,0.56,40.04,178.0,60.4,157.3,39.5,68.1,31.9,Clinical,FMD,0.0
MAH-PUN-TAG-1996,PUN,Murrah Buffalo,3.2,129,38.59,-0.18,38.38,417.4,7.2,246.7,5.1,109.2,-9.2,Healthy,Healthy,-1.0
MAH-PUN-TAG-1996,PUN,Murrah Buffalo,3.2,202,39.21,0.54,38.57,388.3,13.7,231.6,10.9,99.7,0.3,Sub-clinical,Mastitis,1.6
MAH-PUN-TAG-1996,PUN,Murrah Buffalo,3.2,230,39.43,0.37,38.96,305.2,32.2,215.0,17.3,100.4,-0.4,Sub-clinical,Mastitis,0.4
MAH-PUN-TAG-1996,PUN,Murrah Buffalo,3.2,276,40.09,0.28,39.64,241.4,46.4,191.9,26.2,95.2,4.8,Clinical,Mastitis,0.0
MAH-SOL-TAG-1997,SOL,Khillari,7.3,84,38.78,-0.19,38.52,446.8,0.7,288.7,-11.0,124.3,-24.3,Healthy,Healthy,-1.0
MAH-SOL-TAG-1997,SOL,Khillari,7.3,159,39.07,0.29,38.68,375.8,16.5,265.7,-2.2,111.2,-11.2,Sub-clinical,BRD,1.8
MAH-SOL-TAG-1997,SOL,Khillari,7.3,191,38.84,0.24,39.09,358.1,20.4,202.6,22.1,73.1,26.9,Sub-clinical,BRD,0.4
MAH-SOL-TAG-1997,SOL,Khillari,7.3,237,39.54,0.26,39.66,276.3,38.6,186.6,28.2,74.3,25.7,Clinical,BRD,0.0
MAH-SOL-TAG-1998,SOL,Khillari,5.1,60,38.81,-0.03,38.5,430.5,4.3,279.6,-7.5,114.8,-14.8,Healthy,Healthy,-1.0
MAH-SOL-TAG-1998,SOL,Khillari,5.1,131,39.2,0.32,38.67,392.1,12.9,266.1,-2.3,105.4,-5.4,Sub-clinical,Mastitis,1.4
MAH-SOL-TAG-1998,SOL,Khillari,5.1,156,39.54,0.45,39.05,344.6,23.4,244.9,5.8,95.1,4.9,Sub-clinical,Mastitis,0.4
MAH-SOL-TAG-1998,SOL,Khillari,5.1,201,40.15,0.4,39.72,297.2,34.0,207.8,20.1,85.7,14.3,Clinical,Mastitis,0.0
MAH-KOL-TAG-1999,KOL,Gir Cross,4.7,67,38.3,0.1,38.41,451.9,3.9,262.5,-1.0,90.6,9.4,Healthy,Healthy,-1.0
MAH-KOL-TAG-1999,KOL,Gir Cross,4.7,132,38.84,0.1,38.44,475.5,-1.2,288.6,-11.0,114.0,-14.0,Healthy,Healthy,-1.0
MAH-KOL-TAG-1999,KOL,Gir Cross,4.7,151,38.46,-0.14,38.43,484.9,-3.2,273.0,-5.0,100.2,-0.2,Healthy,Healthy,-1.0
MAH-KOL-TAG-1999,KOL,Gir Cross,4.7,194,38.23,0.07,38.4,494.6,-5.2,245.9,5.4,87.5,12.5,Healthy,Healthy,-1.0
MAH-SOL-TAG-2000,SOL,Murrah Buffalo,4.7,103,38.58,-0.09,38.46,486.9,-8.2,261.3,-0.5,107.3,-7.3,Healthy,Healthy,-1.0
MAH-SOL-TAG-2000,SOL,Murrah Buffalo,4.7,180,39.21,0.36,38.67,411.0,8.7,251.7,3.2,113.3,-13.3,Sub-clinical,Mastitis,1.9
MAH-SOL-TAG-2000,SOL,Murrah Buffalo,4.7,214,39.05,0.34,39.08,349.1,22.4,198.6,23.6,78.5,21.5,Sub-clinical,Mastitis,0.5
MAH-SOL-TAG-2000,SOL,Murrah Buffalo,4.7,261,39.53,0.3,39.69,263.0,41.6,175.1,32.7,80.8,19.2,Clinical,Mastitis,0.0
MAH-NAS-TAG-2001,NAS,Gir Cross,5.1,156,38.9,0.18,38.53,528.9,-12.5,279.7,-7.6,120.4,-20.4,Healthy,Healthy,-1.0
MAH-NAS-TAG-2001,NAS,Gir Cross,5.1,221,38.31,-0.11,38.46,503.2,-7.1,217.1,16.5,102.4,-2.4,Sub-clinical,Ketosis,1.1
MAH-NAS-TAG-2001,NAS,Gir Cross,5.1,240,38.0,-0.04,38.38,406.8,13.4,178.6,31.3,84.5,15.5,Sub-clinical,Ketosis,0.3
MAH-NAS-TAG-2001,NAS,Gir Cross,5.1,283,38.2,0.01,38.22,273.9,41.7,135.4,47.9,77.8,22.2,Clinical,Ketosis,0.0
MAH-PUN-TAG-2002,PUN,Dangi,3.1,153,38.46,-0.21,38.34,490.2,-8.9,276.0,-6.2,99.6,0.4,Healthy,Healthy,-1.0
MAH-PUN-TAG-2002,PUN,Dangi,3.1,228,38.68,0.05,38.38,467.7,-3.9,289.7,-11.4,104.0,-4.0,Healthy,Healthy,-1.0
MAH-PUN-TAG-2002,PUN,Dangi,3.1,258,38.31,-0.11,38.36,419.1,6.9,270.2,-3.9,92.0,8.0,Healthy,Healthy,-1.0
MAH-PUN-TAG-2002,PUN,Dangi,3.1,304,38.41,-0.15,38.36,443.3,1.5,279.2,-7.4,103.0,-3.0,Healthy,Healthy,-1.0
MAH-NAS-TAG-2003,NAS,Murrah Buffalo,6.4,55,38.51,-0.03,38.36,504.0,-12.0,281.5,-8.3,101.6,-1.6,Healthy,Healthy,-1.0
MAH-NAS-TAG-2003,NAS,Murrah Buffalo,6.4,124,38.54,0.25,38.51,474.2,-5.4,237.2,8.8,92.9,7.1,Sub-clinical,Mastitis,1.3
MAH-NAS-TAG-2003,NAS,Murrah Buffalo,6.4,148,38.93,0.39,38.9,419.0,6.9,211.8,18.5,80.0,20.0,Sub-clinical,Mastitis,0.3
MAH-NAS-TAG-2003,NAS,Murrah Buffalo,6.4,192,39.34,0.14,39.6,303.8,32.5,178.1,31.5,62.2,37.8,Clinical,Mastitis,0.0
MAH-AHM-TAG-2004,AHM,Dangi,2.3,115,38.42,-0.05,38.52,424.0,5.8,233.6,10.2,89.7,10.3,Healthy,Healthy,-1.0
MAH-AHM-TAG-2004,AHM,Dangi,2.3,190,38.65,0.3,38.71,377.8,16.0,214.1,17.7,73.5,26.5,Sub-clinical,Mastitis,1.7
MAH-AHM-TAG-2004,AHM,Dangi,2.3,220,39.22,0.39,39.13,372.8,17.2,198.2,23.8,71.2,28.8,Sub-clinical,Mastitis,0.4
MAH-AHM-TAG-2004,AHM,Dangi,2.3,266,39.69,0.24,39.81,284.3,36.8,158.9,38.9,49.9,50.1,Clinical,Mastitis,0.0
MAH-PUN-TAG-2005,PUN,HF Cross,6.5,86,38.96,0.11,38.63,473.8,-0.8,299.5,-15.2,113.2,-13.2,Healthy,Healthy,-1.0
MAH-PUN-TAG-2005,PUN,HF Cross,6.5,155,38.98,0.02,38.65,490.4,-4.3,319.0,-22.7,116.3,-16.3,Healthy,Healthy,-1.0
MAH-PUN-TAG-2005,PUN,HF Cross,6.5,179,38.98,0.0,38.63,487.4,-3.7,300.1,-15.4,113.0,-13.0,Healthy,Healthy,-1.0
MAH-PUN-TAG-2005,PUN,HF Cross,6.5,223,38.77,0.0,38.62,514.5,-9.5,299.6,-15.2,97.5,2.5,Healthy,Healthy,-1.0
MAH-NAS-TAG-2006,NAS,Dangi,5.4,168,37.7,0.08,38.03,452.0,-0.4,244.2,6.1,97.5,2.5,Healthy,Healthy,-1.0
MAH-NAS-TAG-2006,NAS,Dangi,5.4,238,38.26,0.72,38.21,394.3,12.4,216.4,16.8,94.7,5.3,Sub-clinical,LSD,1.4
MAH-NAS-TAG-2006,NAS,Dangi,5.4,262,38.49,0.23,38.64,362.9,19.4,193.1,25.7,79.3,20.7,Sub-clinical,LSD,0.4
MAH-NAS-TAG-2006,NAS,Dangi,5.4,307,39.41,0.31,39.36,293.8,34.7,176.4,32.2,78.4,21.6,Clinical,LSD,0.0
MAH-AHM-TAG-2007,AHM,Murrah Buffalo,4.9,165,38.14,-0.15,38.53,434.8,3.4,227.4,12.5,77.4,22.6,Healthy,Healthy,-1.0
MAH-AHM-TAG-2007,AHM,Murrah Buffalo,4.9,241,38.16,0.03,38.53,451.5,-0.3,225.8,13.2,69.8,30.2,Healthy,Healthy,-1.0
MAH-AHM-TAG-2007,AHM,Murrah Buffalo,4.9,272,38.69,0.0,38.55,471.0,-4.7,256.6,1.3,88.9,11.1,Healthy,Healthy,-1.0
MAH-AHM-TAG-2007,AHM,Murrah Buffalo,4.9,319,38.62,-0.09,38.54,491.7,-9.3,245.0,5.8,88.3,11.7,Healthy,Healthy,-1.0
MAH-SAN-TAG-2008,SAN,Khillari,5.8,48,38.1,0.11,38.44,439.0,2.4,239.6,7.8,70.0,30.0,Healthy,Healthy,-1.0
MAH-SAN-TAG-2008,SAN,Khillari,5.8,114,38.82,0.42,38.58,382.0,15.1,241.1,7.3,85.9,14.1,Sub-clinical,BRD,1.2
MAH-SAN-TAG-2008,SAN,Khillari,5.8,134,39.41,0.35,38.93,352.8,21.6,236.2,9.2,97.1,2.9,Sub-clinical,BRD,0.3
MAH-SAN-TAG-2008,SAN,Khillari,5.8,177,40.09,0.32,39.64,319.8,28.9,192.7,25.9,73.3,26.7,Clinical,BRD,0.0
MAH-KOL-TAG-2009,KOL,Murrah Buffalo,8.8,81,38.71,-0.03,38.51,461.2,-2.5,283.5,-9.0,114.8,-14.8,Healthy,Healthy,-1.0
MAH-KOL-TAG-2009,KOL,Murrah Buffalo,8.8,146,38.2,-0.02,38.52,447.1,0.6,238.9,8.1,90.6,9.4,Healthy,Healthy,-1.0
MAH-KOL-TAG-2009,KOL,Murrah Buffalo,8.8,166,38.34,0.09,38.49,411.9,8.5,236.4,9.1,93.1,6.9,Healthy,Healthy,-1.0
MAH-KOL-TAG-2009,KOL,Murrah Buffalo,8.8,208,38.61,-0.09,38.52,433.7,3.6,271.9,-4.6,107.3,-7.3,Healthy,Healthy,-1.0
MAH-KOL-TAG-2010,KOL,HF Cross,2.7,127,38.43,-0.07,38.35,484.3,-3.0,270.7,-4.1,93.3,6.7,Healthy,Healthy,-1.0
MAH-KOL-TAG-2010,KOL,HF Cross,2.7,204,39.04,0.42,38.54,409.7,12.8,270.9,-4.2,110.0,-10.0,Sub-clinical,Mastitis,1.9
MAH-KOL-TAG-2010,KOL,HF Cross,2.7,238,38.76,0.16,38.93,347.4,26.1,213.6,17.8,75.0,25.0,Sub-clinical,Mastitis,0.5
MAH-KOL-TAG-2010,KOL,HF Cross,2.7,285,39.45,0.27,39.54,255.0,45.7,189.0,27.3,63.3,36.7,Clinical,Mastitis,0.0
MAH-AHM-TAG-2011,AHM,HF Cross,6.4,88,38.73,0.12,38.51,407.5,13.3,253.2,2.6,104.8,-4.8,Healthy,Healthy,-1.0
MAH-AHM-TAG-2011,AHM,HF Cross,6.4,164,38.36,0.02,38.51,414.4,11.8,236.8,8.9,95.9,4.1,Healthy,Healthy,-1.0
MAH-AHM-TAG-2011,AHM,HF Cross,6.4,195,38.2,-0.05,38.48,459.9,2.1,229.6,11.7,86.9,13.1,Healthy,Healthy,-1.0
MAH-AHM-TAG-2011,AHM,HF Cross,6.4,242,38.31,0.07,38.49,451.1,4.0,239.6,7.8,84.8,15.2,Healthy,Healthy,-1.0
MAH-PUN-TAG-2012,PUN,Red Kandhari,3.0,81,38.56,0.04,38.38,491.0,-9.1,280.1,-7.7,106.8,-6.8,Healthy,Healthy,-1.0
MAH-PUN-TAG-2012,PUN,Red Kandhari,3.0,152,38.82,0.2,38.49,465.0,-3.3,258.9,0.4,109.4,-9.4,Sub-clinical,BRD,1.5
MAH-PUN-TAG-2012,PUN,Red Kandhari,3.0,178,39.21,0.17,38.88,406.0,9.8,232.9,10.4,98.9,1.1,Sub-clinical,BRD,0.4
MAH-PUN-TAG-2012,PUN,Red Kandhari,3.0,223,39.73,0.42,39.53,378.3,15.9,192.9,25.8,75.4,24.6,Clinical,BRD,0.0
MAH-SOL-TAG-2013,SOL,Khillari,5.9,168,38.19,-0.19,38.65,440.0,2.2,233.8,10.1,95.9,4.1,Healthy,Healthy,-1.0
MAH-SOL-TAG-2013,SOL,Khillari,5.9,235,38.51,-0.06,38.65,413.8,8.0,257.5,1.0,111.2,-11.2,Healthy,Healthy,-1.0
MAH-SOL-TAG-2013,SOL,Khillari,5.9,256,38.76,-0.21,38.65,426.9,5.1,256.1,1.5,117.7,-17.7,Healthy,Healthy,-1.0
MAH-SOL-TAG-2013,SOL,Khillari,5.9,300,38.83,-0.09,38.66,447.2,0.6,273.3,-5.1,120.7,-20.7,Healthy,Healthy,-1.0
MAH-SAT-TAG-2014,SAT,Gir Cross,3.1,168,38.22,0.0,38.57,475.4,-1.1,247.7,4.7,84.0,16.0,Healthy,Healthy,-1.0
MAH-SAT-TAG-2014,SAT,Gir Cross,3.1,235,38.31,-0.21,38.55,385.1,18.1,237.6,8.6,85.6,14.4,Sub-clinical,Ketosis,1.2
MAH-SAT-TAG-2014,SAT,Gir Cross,3.1,256,38.71,0.1,38.49,347.8,26.0,202.4,22.2,91.1,8.9,Sub-clinical,Ketosis,0.3
MAH-SAT-TAG-2014,SAT,Gir Cross,3.1,300,38.65,0.01,38.33,264.9,43.6,174.3,33.0,83.1,16.9,Clinical,Ketosis,0.0
MAH-SAT-TAG-2015,SAT,Red Kandhari,2.2,151,38.79,0.17,38.7,462.3,-2.7,258.3,0.7,95.2,4.8,Healthy,Healthy,-1.0
MAH-SAT-TAG-2015,SAT,Red Kandhari,2.2,226,39.36,0.28,38.89,390.1,13.3,251.2,3.4,88.4,11.6,Sub-clinical,BRD,1.7
MAH-SAT-TAG-2015,SAT,Red Kandhari,2.2,256,39.63,0.37,39.29,318.9,29.1,224.5,13.7,87.1,12.9,Sub-clinical,BRD,0.4
MAH-SAT-TAG-2015,SAT,Red Kandhari,2.2,302,40.34,0.32,39.87,284.7,36.7,191.4,26.4,80.2,19.8,Clinical,BRD,0.0
MAH-AHM-TAG-2016,AHM,Gir Cross,3.9,144,38.18,-0.24,38.49,478.0,-1.7,251.8,3.2,94.4,5.6,Healthy,Healthy,-1.0
MAH-AHM-TAG-2016,AHM,Gir Cross,3.9,209,38.49,-0.02,38.49,449.7,4.3,250.8,3.5,108.5,-8.5,Healthy,Healthy,-1.0
MAH-AHM-TAG-2016,AHM,Gir Cross,3.9,228,38.87,-0.04,38.51,476.2,-1.3,270.4,-4.0,122.0,-22.0,Healthy,Healthy,-1.0
MAH-AHM-TAG-2016,AHM,Gir Cross,3.9,271,38.62,0.16,38.5,515.3,-9.6,263.3,-1.3,109.6,-9.6,Healthy,Healthy,-1.0
MAH-KOL-TAG-2017,KOL,Red Kandhari,6.1,52,38.36,-0.03,38.47,467.2,-3.8,250.9,3.5,90.2,9.8,Healthy,Healthy,-1.0
MAH-KOL-TAG-2017,KOL,Red Kandhari,6.1,127,38.81,0.33,38.6,441.7,1.8,257.2,1.1,79.6,20.4,Sub-clinical,BRD,1.7
MAH-KOL-TAG-2017,KOL,Red Kandhari,6.1,157,39.52,0.31,39.03,346.8,22.9,246.7,5.1,98.1,1.9,Sub-clinical,BRD,0.5
MAH-KOL-TAG-2017,KOL,Red Kandhari,6.1,204,39.98,0.17,39.64,308.3,31.5,212.8,18.2,83.2,16.8,Clinical,BRD,0.0
MAH-AHM-TAG-2018,AHM,Dangi,3.4,124,38.38,-0.09,38.58,473.1,-5.1,248.8,4.3,89.5,10.5,Healthy,Healthy,-1.0
MAH-AHM-TAG-2018,AHM,Dangi,3.4,194,38.36,0.17,38.59,462.8,-2.8,253.7,2.4,83.1,16.9,Healthy,Healthy,-1.0
MAH-AHM-TAG-2018,AHM,Dangi,3.4,219,38.34,0.0,38.55,479.4,-6.5,247.4,4.8,88.2,11.8,Healthy,Healthy,-1.0
MAH-AHM-TAG-2018,AHM,Dangi,3.4,264,38.28,0.18,38.56,450.3,-0.1,244.6,5.9,78.8,21.2,Healthy,Healthy,-1.0
MAH-PUN-TAG-2019,PUN,Dangi,6.0,151,38.55,0.04,38.53,504.3,-12.1,270.1,-3.9,94.4,5.6,Healthy,Healthy,-1.0
MAH-PUN-TAG-2019,PUN,Dangi,6.0,228,39.19,0.04,38.75,435.6,3.2,268.1,-3.1,107.8,-7.8,Sub-clinical,Mastitis,1.8
MAH-PUN-TAG-2019,PUN,Dangi,6.0,260,39.0,0.26,39.09,355.9,20.9,216.4,16.8,87.7,12.3,Sub-clinical,Mastitis,0.5
MAH-PUN-TAG-2019,PUN,Dangi,6.0,307,39.89,0.53,39.75,284.5,36.8,189.1,27.3,80.3,19.7,Clinical,Mastitis,0.0
MAH-PUN-TAG-2020,PUN,Murrah Buffalo,3.5,163,38.62,-0.02,38.64,389.4,13.5,252.9,2.7,97.3,2.7,Healthy,Healthy,-1.0
MAH-PUN-TAG-2020,PUN,Murrah Buffalo,3.5,229,38.88,-0.1,38.63,414.4,7.9,287.2,-10.5,120.8,-20.8,Healthy,Healthy,-1.0
MAH-PUN-TAG-2020,PUN,Murrah Buffalo,3.5,249,38.8,-0.15,38.62,434.6,3.4,266.1,-2.3,112.6,-12.6,Healthy,Healthy,-1.0
MAH-PUN-TAG-2020,PUN,Murrah Buffalo,3.5,292,38.51,0.04,38.63,440.6,2.1,268.8,-3.4,93.7,6.3,Healthy,Healthy,-1.0
MAH-PUN-TAG-2021,PUN,Dangi,7.9,153,38.81,0.05,38.53,504.7,-12.2,276.2,-6.2,105.0,-5.0,Healthy,Healthy,-1.0
MAH-PUN-TAG-2021,PUN,Dangi,7.9,231,39.02,0.34,38.7,404.3,10.2,253.7,2.4,95.4,4.6,Sub-clinical,BRD,1.9
MAH-PUN-TAG-2021,PUN,Dangi,7.9,264,38.83,0.34,39.06,391.0,13.1,175.7,32.4,63.2,36.8,Sub-clinical,BRD,0.5
MAH-PUN-TAG-2021,PUN,Dangi,7.9,312,39.43,0.34,39.69,311.7,30.7,161.3,38.0,43.2,56.8,Clinical,BRD,0.0
MAH-NAS-TAG-2022,NAS,HF Cross,3.8,124,38.52,-0.07,38.73,490.1,-4.3,248.5,4.4,102.2,-2.2,Healthy,Healthy,-1.0
MAH-NAS-TAG-2022,NAS,HF Cross,3.8,191,38.39,0.0,38.71,398.6,15.2,217.8,16.2,91.5,8.5,Sub-clinical,Ketosis,1.1
MAH-NAS-TAG-2022,NAS,HF Cross,3.8,211,38.62,0.08,38.62,321.4,31.6,204.0,21.5,95.7,4.3,Sub-clinical,Ketosis,0.3
MAH-NAS-TAG-2022,NAS,HF Cross,3.8,254,38.71,-0.22,38.48,231.5,50.7,170.4,34.5,90.8,9.2,Clinical,Ketosis,0.0
MAH-AHM-TAG-2023,AHM,Dangi,6.9,88,38.38,-0.12,38.12,425.3,5.5,274.7,-5.7,105.4,-5.4,Healthy,Healthy,-1.0
MAH-AHM-TAG-2023,AHM,Dangi,6.9,160,38.34,-0.2,38.11,357.3,20.6,253.4,2.5,106.2,-6.2,Sub-clinical,Ketosis,1.5
MAH-AHM-TAG-2023,AHM,Dangi,6.9,187,37.93,-0.1,37.99,306.6,31.9,199.0,23.5,77.8,22.2,Sub-clinical,Ketosis,0.4
MAH-AHM-TAG-2023,AHM,Dangi,6.9,232,38.12,0.05,37.85,226.0,49.8,171.1,34.2,75.4,24.6,Clinical,Ketosis,0.0
MAH-PUN-TAG-2024,PUN,Dangi,2.2,151,38.82,0.25,38.56,477.3,-6.1,272.6,-4.8,94.4,5.6,Healthy,Healthy,-1.0
MAH-PUN-TAG-2024,PUN,Dangi,2.2,217,38.55,0.45,38.65,412.5,8.3,228.9,12.0,71.4,28.6,Sub-clinical,Mastitis,1.2
MAH-PUN-TAG-2024,PUN,Dangi,2.2,237,39.03,0.48,39.04,322.1,28.4,211.0,18.8,65.6,34.4,Sub-clinical,Mastitis,0.3
MAH-PUN-TAG-2024,PUN,Dangi,2.2,280,40.06,0.13,39.8,252.0,44.0,203.1,21.9,84.8,15.2,Clinical,Mastitis,0.0
MAH-PUN-TAG-2025,PUN,HF Cross,6.7,72,38.17,0.11,38.48,496.5,-5.6,257.3,1.0,83.0,17.0,Healthy,Healthy,-1.0
MAH-PUN-TAG-2025,PUN,HF Cross,6.7,141,38.21,-0.13,38.48,410.6,12.6,232.4,10.6,90.0,10.0,Sub-clinical,Ketosis,1.3
MAH-PUN-TAG-2025,PUN,HF Cross,6.7,164,38.08,-0.09,38.38,348.0,26.0,192.8,25.8,86.8,13.2,Sub-clinical,Ketosis,0.4
MAH-PUN-TAG-2025,PUN,HF Cross,6.7,208,38.3,-0.17,38.26,254.4,45.9,172.7,33.6,88.5,11.5,Clinical,Ketosis,0.0
MAH-PUN-TAG-2026,PUN,Red Kandhari,8.0,72,38.12,-0.16,38.57,435.9,3.1,255.7,1.7,96.8,3.2,Healthy,Healthy,-1.0
MAH-PUN-TAG-2026,PUN,Red Kandhari,8.0,146,38.59,0.3,38.8,404.2,10.2,237.6,8.6,89.2,10.8,Sub-clinical,LSD,1.7
MAH-PUN-TAG-2026,PUN,Red Kandhari,8.0,177,39.66,0.34,39.25,384.5,14.6,237.6,8.6,105.2,-5.2,Sub-clinical,LSD,0.4
MAH-PUN-TAG-2026,PUN,Red Kandhari,8.0,223,40.14,0.19,39.88,313.0,30.4,178.3,31.4,77.8,22.2,Clinical,LSD,0.0
MAH-PUN-TAG-2027,PUN,Murrah Buffalo,6.3,55,38.45,-0.06,38.39,503.7,-11.9,296.3,-14.0,108.7,-8.7,Healthy,Healthy,-1.0
MAH-PUN-TAG-2027,PUN,Murrah Buffalo,6.3,131,39.12,0.45,38.58,441.7,1.8,277.3,-6.7,108.3,-8.3,Sub-clinical,LSD,1.7
MAH-PUN-TAG-2027,PUN,Murrah Buffalo,6.3,162,39.15,0.22,39.03,355.6,21.0,242.2,6.8,81.6,18.4,Sub-clinical,LSD,0.4
MAH-PUN-TAG-2027,PUN,Murrah Buffalo,6.3,208,39.75,0.19,39.67,319.4,29.0,216.0,16.9,73.7,26.3,Clinical,LSD,0.0
MAH-PUN-TAG-2028,PUN,Murrah Buffalo,5.4,50,38.01,-0.03,38.28,478.0,-6.2,214.4,17.5,92.8,7.2,Healthy,Healthy,-1.0
MAH-PUN-TAG-2028,PUN,Murrah Buffalo,5.4,121,38.37,0.42,38.5,407.4,9.5,192.3,26.0,73.8,26.2,Sub-clinical,FMD,1.5
MAH-PUN-TAG-2028,PUN,Murrah Buffalo,5.4,147,39.07,0.57,39.08,338.0,24.9,146.3,43.7,63.7,36.3,Sub-clinical,FMD,0.4
MAH-PUN-TAG-2028,PUN,Murrah Buffalo,5.4,192,39.73,0.18,39.99,221.5,50.8,80.7,69.0,38.6,61.4,Clinical,FMD,0.0
MAH-SAT-TAG-2029,SAT,HF Cross,4.3,156,38.71,-0.02,38.42,458.4,2.5,294.0,-13.1,127.3,-27.3,Healthy,Healthy,-1.0
MAH-SAT-TAG-2029,SAT,HF Cross,4.3,232,38.46,-0.08,38.36,379.6,19.2,258.9,0.4,109.5,-9.5,Sub-clinical,Ketosis,1.8
MAH-SAT-TAG-2029,SAT,HF Cross,4.3,265,37.85,-0.16,38.25,352.1,25.1,193.6,25.5,74.2,25.8,Sub-clinical,Ketosis,0.5
MAH-SAT-TAG-2029,SAT,HF Cross,4.3,312,37.88,0.16,38.1,251.4,46.5,142.7,45.1,73.3,26.7,Clinical,Ketosis,0.0
MAH-SAN-TAG-2030,SAN,Red Kandhari,2.5,136,38.62,0.0,38.5,406.2,9.7,255.2,1.8,115.6,-15.6,Healthy,Healthy,-1.0
MAH-SAN-TAG-2030,SAN,Red Kandhari,2.5,213,38.63,0.28,38.72,386.2,14.2,205.5,21.0,88.9,11.1,Sub-clinical,BRD,1.8
MAH-SAN-TAG-2030,SAN,Red Kandhari,2.5,246,39.39,0.38,39.13,381.9,15.1,212.9,18.1,87.4,12.6,Sub-clinical,BRD,0.4
MAH-SAN-TAG-2030,SAN,Red Kandhari,2.5,292,39.54,0.24,39.66,327.6,27.2,170.1,34.6,71.8,28.2,Clinical,BRD,0.0
MAH-SAN-TAG-2031,SAN,Khillari,5.8,84,38.88,-0.03,38.6,489.1,-8.7,262.4,-0.9,121.6,-21.6,Healthy,Healthy,-1.0
MAH-SAN-TAG-2031,SAN,Khillari,5.8,160,38.76,0.02,38.53,417.6,7.2,220.1,15.3,104.0,-4.0,Sub-clinical,Ketosis,1.8
MAH-SAN-TAG-2031,SAN,Khillari,5.8,193,38.04,-0.14,38.42,388.0,13.8,174.3,33.0,82.8,17.2,Sub-clinical,Ketosis,0.5
MAH-SAN-TAG-2031,SAN,Khillari,5.8,240,37.98,-0.11,38.29,274.0,39.1,112.3,56.8,60.6,39.4,Clinical,Ketosis,0.0
MAH-KOL-TAG-2032,KOL,Red Kandhari,7.4,112,38.75,0.06,38.52,391.1,13.1,249.4,4.1,102.9,-2.9,Healthy,Healthy,-1.0
MAH-KOL-TAG-2032,KOL,Red Kandhari,7.4,182,38.75,0.07,38.52,419.1,6.9,251.9,3.1,111.2,-11.2,Healthy,Healthy,-1.0
MAH-KOL-TAG-2032,KOL,Red Kandhari,7.4,207,38.76,-0.03,38.52,427.0,5.1,246.7,5.1,111.6,-11.6,Healthy,Healthy,-1.0
MAH-KOL-TAG-2032,KOL,Red Kandhari,7.4,252,38.93,-0.07,38.54,440.9,2.0,262.2,-0.8,115.4,-15.4,Healthy,Healthy,-1.0
MAH-NAS-TAG-2033,NAS,Red Kandhari,3.4,79,38.65,-0.07,38.6,454.6,-1.0,252.5,2.9,98.4,1.6,Healthy,Healthy,-1.0
MAH-NAS-TAG-2033,NAS,Red Kandhari,3.4,154,38.95,-0.13,38.6,454.3,-1.0,254.0,2.3,102.8,-2.8,Healthy,Healthy,-1.0
MAH-NAS-TAG-2033,NAS,Red Kandhari,3.4,184,38.72,0.03,38.61,405.3,9.9,251.2,3.4,93.0,7.0,Healthy,Healthy,-1.0
MAH-NAS-TAG-2033,NAS,Red Kandhari,3.4,230,38.96,0.23,38.61,421.7,6.3,254.8,2.0,113.5,-13.5,Healthy,Healthy,-1.0
MAH-AHM-TAG-2034,AHM,Khillari,7.9,100,38.39,-0.06,38.52,468.3,-4.1,233.6,10.2,100.2,-0.2,Healthy,Healthy,-1.0
MAH-AHM-TAG-2034,AHM,Khillari,7.9,167,38.22,0.06,38.5,425.1,5.5,234.7,9.7,99.6,0.4,Healthy,Healthy,-1.0
MAH-AHM-TAG-2034,AHM,Khillari,7.9,187,38.46,0.12,38.52,403.8,10.3,256.6,1.3,105.2,-5.2,Healthy,Healthy,-1.0
MAH-AHM-TAG-2034,AHM,Khillari,7.9,230,38.69,-0.05,38.51,413.1,8.2,281.4,-8.2,123.8,-23.8,Healthy,Healthy,-1.0
MAH-SAN-TAG-2035,SAN,Khillari,5.6,74,38.27,0.13,38.47,475.4,-5.6,243.5,6.3,87.1,12.9,Healthy,Healthy,-1.0
MAH-SAN-TAG-2035,SAN,Khillari,5.6,152,38.55,-0.04,38.46,465.7,-3.5,258.7,0.5,105.3,-5.3,Healthy,Healthy,-1.0
MAH-SAN-TAG-2035,SAN,Khillari,5.6,185,38.42,-0.21,38.47,426.4,5.2,253.2,2.6,98.1,1.9,Healthy,Healthy,-1.0
MAH-SAN-TAG-2035,SAN,Khillari,5.6,232,38.67,0.17,38.45,424.8,5.6,265.1,-2.0,108.5,-8.5,Healthy,Healthy,-1.0
MAH-AHM-TAG-2036,AHM,Murrah Buffalo,5.1,158,38.78,0.0,38.37,440.3,2.2,266.2,-2.4,107.1,-7.1,Healthy,Healthy,-1.0
MAH-AHM-TAG-2036,AHM,Murrah Buffalo,5.1,235,38.09,-0.19,38.34,446.4,0.8,233.3,10.3,89.4,10.6,Healthy,Healthy,-1.0
MAH-AHM-TAG-2036,AHM,Murrah Buffalo,5.1,267,38.25,0.27,38.37,492.9,-9.5,225.1,13.4,83.1,16.9,Healthy,Healthy,-1.0
MAH-AHM-TAG-2036,AHM,Murrah Buffalo,5.1,314,38.12,-0.06,38.41,476.0,-5.8,215.4,17.2,78.5,21.5,Healthy,Healthy,-1.0
MAH-PUN-TAG-2037,PUN,Murrah Buffalo,3.7,108,38.8,0.0,38.46,474.0,-5.3,280.6,-7.9,121.9,-21.9,Healthy,Healthy,-1.0
MAH-PUN-TAG-2037,PUN,Murrah Buffalo,3.7,178,38.88,0.15,38.39,419.8,6.7,242.4,6.8,118.5,-18.5,Sub-clinical,Ketosis,1.4
MAH-PUN-TAG-2037,PUN,Murrah Buffalo,3.7,202,38.43,-0.45,38.32,372.8,17.2,210.5,19.0,106.7,-6.7,Sub-clinical,Ketosis,0.4
MAH-PUN-TAG-2037,PUN,Murrah Buffalo,3.7,247,38.33,-0.06,38.16,288.3,35.9,165.2,36.5,89.8,10.2,Clinical,Ketosis,0.0
MAH-AHM-TAG-2038,AHM,HF Cross,4.6,93,38.55,-0.05,38.8,443.8,5.6,239.9,7.7,77.3,22.7,Healthy,Healthy,-1.0
MAH-AHM-TAG-2038,AHM,HF Cross,4.6,162,39.15,0.3,38.96,412.1,12.3,229.7,11.7,86.2,13.8,Sub-clinical,BRD,1.4
MAH-AHM-TAG-2038,AHM,HF Cross,4.6,186,39.42,0.27,39.34,363.5,22.7,208.4,19.8,72.1,27.9,Sub-clinical,BRD,0.4
MAH-AHM-TAG-2038,AHM,HF Cross,4.6,230,40.33,0.2,39.99,318.5,32.2,191.6,26.3,73.9,26.1,Clinical,BRD,0.0
MAH-AHM-TAG-2039,AHM,Red Kandhari,5.5,129,39.14,0.04,38.91,463.2,-2.9,260.2,-0.1,122.7,-22.7,Healthy,Healthy,-1.0
MAH-AHM-TAG-2039,AHM,Red Kandhari,5.5,203,39.74,0.47,39.11,430.0,4.4,254.7,2.0,120.3,-20.3,Sub-clinical,LSD,1.6
MAH-AHM-TAG-2039,AHM,Red Kandhari,5.5,232,39.94,0.43,39.52,350.1,22.2,204.5,21.3,106.8,-6.8,Sub-clinical,LSD,0.4
MAH-AHM-TAG-2039,AHM,Red Kandhari,5.5,278,40.69,0.3,40.21,303.5,32.6,190.6,26.7,88.2,11.8,Clinical,LSD,0.0
MAH-PUN-TAG-2040,PUN,Murrah Buffalo,5.3,60,38.88,0.11,38.45,440.4,2.1,248.1,4.6,123.7,-23.7,Healthy,Healthy,-1.0
MAH-PUN-TAG-2040,PUN,Murrah Buffalo,5.3,135,39.07,0.3,38.62,388.1,13.8,212.7,18.2,109.8,-9.8,Sub-clinical,Mastitis,1.8
MAH-PUN-TAG-2040,PUN,Murrah Buffalo,5.3,167,38.89,0.21,39.02,343.9,23.6,171.5,34.0,82.0,18.0,Sub-clinical,Mastitis,0.4
MAH-PUN-TAG-2040,PUN,Murrah Buffalo,5.3,213,39.71,0.43,39.66,280.7,37.6,134.5,48.3,66.5,33.5,Clinical,Mastitis,0.0
MAH-NAS-TAG-2041,NAS,Gir Cross,8.1,108,39.08,0.0,38.73,485.0,-3.2,285.6,-9.8,105.5,-5.5,Healthy,Healthy,-1.0
MAH-NAS-TAG-2041,NAS,Gir Cross,8.1,182,38.86,-0.18,38.7,424.9,9.6,237.8,8.5,104.0,-4.0,Sub-clinical,Ketosis,1.7
MAH-NAS-TAG-2041,NAS,Gir Cross,8.1,213,38.25,-0.09,38.58,356.9,24.1,181.8,30.1,77.0,23.0,Sub-clinical,Ketosis,0.4
MAH-NAS-TAG-2041,NAS,Gir Cross,8.1,259,38.19,-0.2,38.45,257.8,45.1,148.4,42.9,67.3,32.7,Clinical,Ketosis,0.0
MAH-SAT-TAG-2042,SAT,HF Cross,7.1,93,38.55,-0.16,38.88,412.6,12.2,258.5,0.6,98.0,2.0,Healthy,Healthy,-1.0
MAH-SAT-TAG-2042,SAT,HF Cross,7.1,164,39.14,0.56,39.08,346.8,26.2,243.4,6.4,80.7,19.3,Sub-clinical,FMD,1.5
MAH-SAT-TAG-2042,SAT,HF Cross,7.1,190,39.53,0.51,39.64,308.0,34.5,187.8,27.8,68.5,31.5,Sub-clinical,FMD,0.4
MAH-SAT-TAG-2042,SAT,HF Cross,7.1,235,40.96,0.63,40.63,185.1,60.6,131.4,49.5,57.0,43.0,Clinical,FMD,0.0
MAH-SAN-TAG-2043,SAN,Khillari,6.7,86,38.73,-0.17,38.47,376.6,16.3,268.4,-3.2,122.5,-22.5,Healthy,Healthy,-1.0
MAH-SAN-TAG-2043,SAN,Khillari,6.7,163,38.86,0.52,38.65,328.1,27.1,232.6,10.5,100.8,-0.8,Sub-clinical,Mastitis,1.8
MAH-SAN-TAG-2043,SAN,Khillari,6.7,195,38.98,0.31,39.07,338.6,24.8,215.4,17.2,79.8,20.2,Sub-clinical,Mastitis,0.5
MAH-SAN-TAG-2043,SAN,Khillari,6.7,242,39.57,0.24,39.69,252.0,44.0,171.5,34.0,80.2,19.8,Clinical,Mastitis,0.0
MAH-AHM-TAG-2044,AHM,Red Kandhari,3.3,67,38.45,0.02,38.59,389.1,13.5,261.1,-0.4,90.4,9.6,Healthy,Healthy,-1.0
MAH-AHM-TAG-2044,AHM,Red Kandhari,3.3,134,38.82,-0.13,38.61,382.6,15.0,288.7,-11.0,119.9,-19.9,Healthy,Healthy,-1.0
MAH-AHM-TAG-2044,AHM,Red Kandhari,3.3,156,38.77,-0.4,38.61,423.6,5.9,280.2,-7.8,120.4,-20.4,Healthy,Healthy,-1.0
MAH-AHM-TAG-2044,AHM,Red Kandhari,3.3,199,38.76,-0.08,38.63,433.6,3.6,268.9,-3.4,104.9,-4.9,Healthy,Healthy,-1.0
MAH-SOL-TAG-2045,SOL,HF Cross,2.8,110,38.99,0.17,38.61,429.3,8.7,292.0,-12.3,115.9,-15.9,Healthy,Healthy,-1.0
MAH-SOL-TAG-2045,SOL,HF Cross,2.8,179,38.84,-0.15,38.62,460.3,2.1,301.2,-15.8,118.2,-18.2,Healthy,Healthy,-1.0
MAH-SOL-TAG-2045,SOL,HF Cross,2.8,203,38.95,0.11,38.6,447.3,4.8,284.0,-9.2,115.1,-15.1,Healthy,Healthy,-1.0
MAH-SOL-TAG-2045,SOL,HF Cross,2.8,247,38.77,0.07,38.59,478.3,-1.8,293.6,-12.9,114.3,-14.3,Healthy,Healthy,-1.0
MAH-NAS-TAG-2046,NAS,Murrah Buffalo,2.9,103,38.48,0.1,38.22,480.4,-6.8,271.2,-4.3,105.0,-5.0,Healthy,Healthy,-1.0
MAH-NAS-TAG-2046,NAS,Murrah Buffalo,2.9,169,38.14,0.37,38.32,417.5,7.2,224.7,13.6,68.8,31.2,Sub-clinical,BRD,1.2
MAH-NAS-TAG-2046,NAS,Murrah Buffalo,2.9,189,38.69,0.5,38.67,346.2,23.1,196.9,24.3,59.7,40.3,Sub-clinical,BRD,0.3
MAH-NAS-TAG-2046,NAS,Murrah Buffalo,2.9,232,39.38,0.02,39.36,278.8,38.0,206.3,20.7,66.1,33.9,Clinical,BRD,0.0
MAH-PUN-TAG-2047,PUN,HF Cross,8.5,57,38.68,0.0,38.44,499.8,-6.3,268.4,-3.2,122.3,-22.3,Healthy,Healthy,-1.0
MAH-PUN-TAG-2047,PUN,HF Cross,8.5,128,38.55,0.02,38.43,518.4,-10.3,251.4,3.3,119.1,-19.1,Healthy,Healthy,-1.0
MAH-PUN-TAG-2047,PUN,HF Cross,8.5,154,38.72,-0.04,38.44,488.0,-3.8,256.5,1.3,117.5,-17.5,Healthy,Healthy,-1.0
MAH-PUN-TAG-2047,PUN,HF Cross,8.5,199,38.49,0.08,38.41,517.0,-10.0,248.0,4.6,115.7,-15.7,Healthy,Healthy,-1.0
MAH-SAN-TAG-2048,SAN,Dangi,5.3,112,38.89,0.02,38.61,436.5,3.0,292.0,-12.3,110.4,-10.4,Healthy,Healthy,-1.0
MAH-SAN-TAG-2048,SAN,Dangi,5.3,188,38.85,0.34,38.78,387.4,13.9,274.7,-5.7,89.0,11.0,Sub-clinical,LSD,1.8
MAH-SAN-TAG-2048,SAN,Dangi,5.3,219,39.09,0.23,39.19,408.8,9.2,227.5,12.5,77.7,22.3,Sub-clinical,LSD,0.5
MAH-SAN-TAG-2048,SAN,Dangi,5.3,266,39.63,0.28,39.88,337.1,25.1,193.8,25.5,52.9,47.1,Clinical,LSD,0.0
MAH-SAT-TAG-2049,SAT,Dangi,5.4,105,38.79,0.01,38.49,465.4,-3.4,264.6,-1.8,113.8,-13.8,Healthy,Healthy,-1.0
MAH-SAT-TAG-2049,SAT,Dangi,5.4,184,38.98,0.4,38.72,403.0,10.4,250.3,3.7,98.2,1.8,Sub-clinical,LSD,1.9
MAH-SAT-TAG-2049,SAT,Dangi,5.4,218,39.18,0.34,39.14,398.5,11.4,190.0,26.9,64.8,35.2,Sub-clinical,LSD,0.5
MAH-SAT-TAG-2049,SAT,Dangi,5.4,266,39.73,0.41,39.8,319.6,29.0,152.4,41.4,51.2,48.8,Clinical,LSD,0.0
MAH-AHM-TAG-2050,AHM,Dangi,2.7,120,38.1,-0.26,38.53,483.6,-7.5,249.1,4.2,91.8,8.2,Healthy,Healthy,-1.0
MAH-AHM-TAG-2050,AHM,Dangi,2.7,190,38.14,-0.11,38.5,402.2,10.6,210.8,18.9,85.3,14.7,Sub-clinical,Ketosis,1.4
MAH-AHM-TAG-2050,AHM,Dangi,2.7,214,38.07,-0.07,38.39,350.2,22.2,173.4,33.3,76.2,23.8,Sub-clinical,Ketosis,0.4
MAH-AHM-TAG-2050,AHM,Dangi,2.7,259,38.04,-0.19,38.28,261.9,41.8,136.0,47.7,77.9,22.1,Clinical,Ketosis,0.0
MAH-NAS-TAG-2051,NAS,Gir Cross,6.4,112,38.79,-0.05,38.68,437.1,7.0,283.1,-8.9,113.6,-13.6,Healthy,Healthy,-1.0
MAH-NAS-TAG-2051,NAS,Gir Cross,6.4,183,38.76,-0.08,38.64,385.4,18.0,261.5,-0.6,114.4,-14.4,Sub-clinical,Ketosis,1.5
MAH-NAS-TAG-2051,NAS,Gir Cross,6.4,209,38.52,-0.18,38.54,314.2,33.1,216.1,16.9,95.8,4.2,Sub-clinical,Ketosis,0.4
MAH-NAS-TAG-2051,NAS,Gir Cross,6.4,254,38.64,-0.03,38.4,247.3,47.4,172.6,33.6,90.0,10.0,Clinical,Ketosis,0.0
MAH-AHM-TAG-2052,AHM,Gir Cross,4.4,158,38.71,-0.05,38.47,435.3,7.4,272.1,-4.7,104.5,-4.5,Healthy,Healthy,-1.0
MAH-AHM-TAG-2052,AHM,Gir Cross,4.4,231,38.92,0.19,38.61,389.7,17.1,248.4,4.5,96.0,4.0,Sub-clinical,BRD,1.6
MAH-AHM-TAG-2052,AHM,Gir Cross,4.4,259,39.02,0.29,38.99,338.0,28.1,185.1,28.8,70.0,30.0,Sub-clinical,BRD,0.4
MAH-AHM-TAG-2052,AHM,Gir Cross,4.4,304,39.92,0.28,39.63,294.5,37.3,183.3,29.5,70.9,29.1,Clinical,BRD,0.0
MAH-KOL-TAG-2053,KOL,Khillari,7.3,122,38.14,0.04,38.42,471.0,-4.7,266.1,-2.3,90.2,9.8,Healthy,Healthy,-1.0
MAH-KOL-TAG-2053,KOL,Khillari,7.3,195,38.68,0.4,38.62,425.5,5.4,241.8,7.0,85.3,14.7,Sub-clinical,Mastitis,1.6
MAH-KOL-TAG-2053,KOL,Khillari,7.3,223,39.12,0.09,39.04,393.6,12.5,238.4,8.3,88.8,11.2,Sub-clinical,Mastitis,0.4
MAH-KOL-TAG-2053,KOL,Khillari,7.3,268,39.61,0.49,39.65,313.9,30.2,190.2,26.8,74.0,26.0,Clinical,Mastitis,0.0
MAH-KOL-TAG-2054,KOL,Red Kandhari,5.7,139,38.57,0.05,38.56,439.5,2.3,271.0,-4.2,83.4,16.6,Healthy,Healthy,-1.0
MAH-KOL-TAG-2054,KOL,Red Kandhari,5.7,213,38.33,-0.04,38.52,444.0,1.3,262.7,-1.0,78.0,22.0,Healthy,Healthy,-1.0
MAH-KOL-TAG-2054,KOL,Red Kandhari,5.7,242,38.18,0.03,38.54,485.2,-7.8,258.9,0.4,82.8,17.2,Healthy,Healthy,-1.0
MAH-KOL-TAG-2054,KOL,Red Kandhari,5.7,288,38.14,-0.05,38.57,464.1,-3.1,257.8,0.8,69.8,30.2,Healthy,Healthy,-1.0
MAH-SAN-TAG-2055,SAN,Dangi,5.1,115,38.56,0.28,38.55,418.5,7.0,265.3,-2.0,97.4,2.6,Healthy,Healthy,-1.0
MAH-SAN-TAG-2055,SAN,Dangi,5.1,182,38.93,0.2,38.59,451.6,-0.4,287.5,-10.6,118.2,-18.2,Healthy,Healthy,-1.0
MAH-SAN-TAG-2055,SAN,Dangi,5.1,204,38.83,-0.07,38.59,449.6,0.1,286.9,-10.3,117.4,-17.4,Healthy,Healthy,-1.0
MAH-SAN-TAG-2055,SAN,Dangi,5.1,247,38.62,0.01,38.56,481.9,-7.1,273.1,-5.0,103.4,-3.4,Healthy,Healthy,-1.0
MAH-PUN-TAG-2056,PUN,Gir Cross,4.3,93,38.07,-0.2,38.43,474.2,-0.9,255.5,1.7,92.7,7.3,Healthy,Healthy,-1.0
MAH-PUN-TAG-2056,PUN,Gir Cross,4.3,164,38.68,0.48,38.54,412.4,12.3,238.0,8.5,82.6,17.4,Sub-clinical,BRD,1.5
MAH-PUN-TAG-2056,PUN,Gir Cross,4.3,190,38.74,0.12,38.94,388.4,17.4,213.5,17.9,68.6,31.4,Sub-clinical,BRD,0.4
MAH-PUN-TAG-2056,PUN,Gir Cross,4.3,235,39.54,0.25,39.56,310.5,33.9,187.7,27.8,63.2,36.8,Clinical,BRD,0.0
MAH-NAS-TAG-2057,NAS,Murrah Buffalo,6.9,64,38.57,0.13,38.31,434.3,3.5,279.3,-7.4,113.3,-13.3,Healthy,Healthy,-1.0
MAH-NAS-TAG-2057,NAS,Murrah Buffalo,6.9,140,38.13,-0.04,38.29,425.1,5.5,262.5,-1.0,90.6,9.4,Healthy,Healthy,-1.0
MAH-NAS-TAG-2057,NAS,Murrah Buffalo,6.9,171,38.18,0.15,38.29,474.4,-5.4,261.5,-0.6,96.1,3.9,Healthy,Healthy,-1.0
MAH-NAS-TAG-2057,NAS,Murrah Buffalo,6.9,218,38.01,0.0,38.31,474.4,-5.4,265.1,-2.0,84.5,15.5,Healthy,Healthy,-1.0
MAH-SAT-TAG-2058,SAT,Khillari,7.2,141,38.33,0.07,38.57,468.5,-4.1,245.4,5.6,96.1,3.9,Healthy,Healthy,-1.0
MAH-SAT-TAG-2058,SAT,Khillari,7.2,212,38.7,0.34,38.72,407.0,9.6,230.9,11.2,83.6,16.4,Sub-clinical,BRD,1.5
MAH-SAT-TAG-2058,SAT,Khillari,7.2,238,39.05,0.43,39.11,380.6,15.4,202.4,22.2,53.4,46.6,Sub-clinical,BRD,0.4
MAH-SAT-TAG-2058,SAT,Khillari,7.2,283,39.89,0.34,39.75,310.0,31.1,172.5,33.7,64.1,35.9,Clinical,BRD,0.0
MAH-SAN-TAG-2059,SAN,Red Kandhari,6.1,122,38.4,0.05,38.65,446.9,0.7,219.7,15.5,76.4,23.6,Healthy,Healthy,-1.0
MAH-SAN-TAG-2059,SAN,Red Kandhari,6.1,194,38.57,0.29,38.81,407.3,9.5,202.6,22.1,67.6,32.4,Sub-clinical,LSD,1.5
MAH-SAN-TAG-2059,SAN,Red Kandhari,6.1,221,39.33,0.25,39.28,391.2,13.1,189.8,27.0,65.3,34.7,Sub-clinical,LSD,0.4
MAH-SAN-TAG-2059,SAN,Red Kandhari,6.1,266,39.87,0.28,39.96,327.4,27.2,138.6,46.7,47.6,52.4,Clinical,LSD,0.0
MAH-SOL-TAG-2060,SOL,Murrah Buffalo,6.4,160,38.76,0.11,38.59,432.3,3.9,272.4,-4.8,98.0,2.0,Healthy,Healthy,-1.0
MAH-SOL-TAG-2060,SOL,Murrah Buffalo,6.4,234,38.92,0.32,38.75,399.3,11.3,251.7,3.2,96.0,4.0,Sub-clinical,BRD,1.6
MAH-SOL-TAG-2060,SOL,Murrah Buffalo,6.4,263,38.93,0.36,39.11,375.3,16.6,207.3,20.3,73.7,26.3,Sub-clinical,BRD,0.4
MAH-SOL-TAG-2060,SOL,Murrah Buffalo,6.4,309,39.57,0.25,39.74,296.9,34.0,186.7,28.2,61.4,38.6,Clinical,BRD,0.0
MAH-SOL-TAG-2061,SOL,Red Kandhari,8.6,98,38.35,-0.01,38.62,470.3,-4.5,234.7,9.7,92.9,7.1,Healthy,Healthy,-1.0
MAH-SOL-TAG-2061,SOL,Red Kandhari,8.6,177,39.36,0.41,38.88,434.5,3.4,242.5,6.7,103.4,-3.4,Sub-clinical,LSD,1.9
MAH-SOL-TAG-2061,SOL,Red Kandhari,8.6,211,39.25,0.23,39.25,353.6,21.4,211.8,18.5,86.1,13.9,Sub-clinical,LSD,0.5
MAH-SOL-TAG-2061,SOL,Red Kandhari,8.6,259,40.08,0.43,39.95,290.9,35.4,161.3,38.0,72.3,27.7,Clinical,LSD,0.0
MAH-SAT-TAG-2062,SAT,Murrah Buffalo,8.7,134,38.74,0.05,38.43,424.0,5.8,294.3,-13.2,109.9,-9.9,Healthy,Healthy,-1.0
MAH-SAT-TAG-2062,SAT,Murrah Buffalo,8.7,205,38.84,-0.02,38.47,422.4,6.1,281.4,-8.2,118.6,-18.6,Healthy,Healthy,-1.0
MAH-SAT-TAG-2062,SAT,Murrah Buffalo,8.7,231,38.67,0.0,38.47,404.5,10.1,272.5,-4.8,107.3,-7.3,Healthy,Healthy,-1.0
MAH-SAT-TAG-2062,SAT,Murrah Buffalo,8.7,276,38.81,-0.04,38.44,431.5,4.1,284.1,-9.3,118.2,-18.2,Healthy,Healthy,-1.0
MAH-SAT-TAG-2063,SAT,Dangi,5.4,158,38.67,0.02,38.4,449.2,0.2,286.4,-10.2,107.4,-7.4,Healthy,Healthy,-1.0
MAH-SAT-TAG-2063,SAT,Dangi,5.4,225,38.94,0.37,38.52,423.4,5.9,254.1,2.3,95.2,4.8,Sub-clinical,Mastitis,1.2
MAH-SAT-TAG-2063,SAT,Dangi,5.4,247,39.15,0.33,38.92,391.4,13.0,221.6,14.8,88.8,11.2,Sub-clinical,Mastitis,0.3
MAH-SAT-TAG-2063,SAT,Dangi,5.4,290,39.29,0.09,39.62,314.1,30.2,177.7,31.7,63.7,36.3,Clinical,Mastitis,0.0
MAH-SAN-TAG-2064,SAN,Dangi,3.0,98,38.23,0.03,38.55,496.7,-10.4,259.9,0.0,80.2,19.8,Healthy,Healthy,-1.0
MAH-SAN-TAG-2064,SAN,Dangi,3.0,164,38.28,-0.08,38.57,441.8,1.8,277.9,-6.9,95.7,4.3,Healthy,Healthy,-1.0
MAH-SAN-TAG-2064,SAN,Dangi,3.0,185,38.65,-0.06,38.57,434.7,3.4,283.0,-8.8,102.2,-2.2,Healthy,Healthy,-1.0
MAH-SAN-TAG-2064,SAN,Dangi,3.0,228,38.9,0.02,38.55,459.7,-2.2,298.0,-14.6,119.0,-19.0,Healthy,Healthy,-1.0
MAH-SAN-TAG-2065,SAN,Murrah Buffalo,4.6,76,38.14,-0.09,38.38,476.2,-5.8,224.1,13.8,85.4,14.6,Healthy,Healthy,-1.0
MAH-SAN-TAG-2065,SAN,Murrah Buffalo,4.6,146,38.4,0.34,38.5,423.3,5.9,201.9,22.3,81.2,18.8,Sub-clinical,Mastitis,1.4
MAH-SAN-TAG-2065,SAN,Murrah Buffalo,4.6,171,38.76,0.3,38.91,387.5,13.9,183.0,29.6,85.5,14.5,Sub-clinical,Mastitis,0.4
MAH-SAN-TAG-2065,SAN,Murrah Buffalo,4.6,216,39.29,0.28,39.59,274.2,39.1,139.0,46.5,64.1,35.9,Clinical,Mastitis,0.0
MAH-SAN-TAG-2066,SAN,Dangi,7.2,163,38.45,0.04,38.48,440.7,2.1,239.5,7.9,95.3,4.7,Healthy,Healthy,-1.0
MAH-SAN-TAG-2066,SAN,Dangi,7.2,239,38.22,0.07,38.47,455.3,-1.2,224.6,13.6,79.8,20.2,Healthy,Healthy,-1.0
MAH-SAN-TAG-2066,SAN,Dangi,7.2,270,38.41,-0.08,38.47,480.8,-6.8,244.6,5.9,101.8,-1.8,Healthy,Healthy,-1.0
MAH-SAN-TAG-2066,SAN,Dangi,7.2,316,38.23,-0.12,38.45,483.2,-7.4,231.2,11.1,91.9,8.1,Healthy,Healthy,-1.0
MAH-PUN-TAG-2067,PUN,HF Cross,3.4,115,38.18,-0.2,38.41,439.0,6.6,255.6,1.7,87.8,12.2,Healthy,Healthy,-1.0
MAH-PUN-TAG-2067,PUN,HF Cross,3.4,184,39.0,0.43,38.64,393.4,16.3,239.5,7.9,85.4,14.6,Sub-clinical,FMD,1.3
MAH-PUN-TAG-2067,PUN,HF Cross,3.4,208,39.77,0.77,39.21,320.8,31.7,194.4,25.2,71.7,28.3,Sub-clinical,FMD,0.3
MAH-PUN-TAG-2067,PUN,HF Cross,3.4,252,40.79,0.56,40.15,251.5,46.5,147.7,43.2,59.6,40.4,Clinical,FMD,0.0
MAH-NAS-TAG-2068,NAS,Red Kandhari,4.0,168,38.11,-0.05,38.55,461.0,-2.4,236.4,9.1,97.8,2.2,Healthy,Healthy,-1.0
MAH-NAS-TAG-2068,NAS,Red Kandhari,4.0,242,38.64,0.36,38.78,434.8,3.4,219.5,15.6,92.5,7.5,Sub-clinical,Mastitis,1.7
MAH-NAS-TAG-2068,NAS,Red Kandhari,4.0,273,39.61,0.41,39.16,397.0,11.8,234.7,9.7,100.2,-0.2,Sub-clinical,Mastitis,0.4
MAH-NAS-TAG-2068,NAS,Red Kandhari,4.0,319,39.97,0.35,39.84,321.4,28.6,189.4,27.2,101.0,-1.0,Clinical,Mastitis,0.0
MAH-SAN-TAG-2069,SAN,Dangi,8.8,127,38.47,0.08,38.43,498.4,-10.8,277.3,-6.7,112.7,-12.7,Healthy,Healthy,-1.0
MAH-SAN-TAG-2069,SAN,Dangi,8.8,192,37.9,-0.18,38.38,406.8,9.6,232.7,10.5,89.5,10.5,Sub-clinical,Ketosis,1.1
MAH-SAN-TAG-2069,SAN,Dangi,8.8,211,38.19,-0.17,38.28,335.2,25.5,212.4,18.3,85.3,14.7,Sub-clinical,Ketosis,0.3
MAH-SAN-TAG-2069,SAN,Dangi,8.8,254,38.44,-0.15,38.15,249.9,44.5,185.3,28.7,85.4,14.6,Clinical,Ketosis,0.0
MAH-KOL-TAG-2070,KOL,Murrah Buffalo,2.5,129,38.55,0.02,38.31,470.7,-4.6,292.8,-12.6,94.4,5.6,Healthy,Healthy,-1.0
MAH-KOL-TAG-2070,KOL,Murrah Buffalo,2.5,197,38.73,0.58,38.52,416.9,7.4,225.9,13.1,68.5,31.5,Sub-clinical,FMD,1.3
MAH-KOL-TAG-2070,KOL,Murrah Buffalo,2.5,220,39.25,0.56,39.05,354.4,21.2,190.6,26.7,50.5,49.5,Sub-clinical,FMD,0.3
MAH-KOL-TAG-2070,KOL,Murrah Buffalo,2.5,264,39.96,0.38,40.07,224.8,50.0,111.8,57.0,24.1,75.9,Clinical,FMD,0.0
MAH-NAS-TAG-2071,NAS,Gir Cross,4.7,158,38.93,0.16,38.54,480.3,-2.2,272.3,-4.7,98.8,1.2,Healthy,Healthy,-1.0
MAH-NAS-TAG-2071,NAS,Gir Cross,4.7,235,38.47,-0.08,38.58,461.1,1.9,254.5,2.1,91.2,8.8,Healthy,Healthy,-1.0
MAH-NAS-TAG-2071,NAS,Gir Cross,4.7,267,38.5,0.2,38.55,512.8,-9.1,241.9,7.0,77.2,22.8,Healthy,Healthy,-1.0
MAH-NAS-TAG-2071,NAS,Gir Cross,4.7,314,38.17,-0.18,38.51,499.5,-6.3,246.4,5.2,75.8,24.2,Healthy,Healthy,-1.0
MAH-SAT-TAG-2072,SAT,Dangi,5.5,86,38.76,-0.01,38.47,453.2,-0.7,275.2,-5.8,128.7,-28.7,Healthy,Healthy,-1.0
MAH-SAT-TAG-2072,SAT,Dangi,5.5,162,38.6,0.04,38.51,419.1,6.9,256.3,1.4,112.1,-12.1,Healthy,Healthy,-1.0
MAH-SAT-TAG-2072,SAT,Dangi,5.5,193,38.21,0.06,38.45,463.8,-3.1,239.8,7.8,92.3,7.7,Healthy,Healthy,-1.0
MAH-SAT-TAG-2072,SAT,Dangi,5.5,240,38.13,0.24,38.45,453.0,-0.7,236.4,9.1,85.4,14.6,Healthy,Healthy,-1.0
MAH-PUN-TAG-2073,PUN,Murrah Buffalo,4.0,98,37.77,0.09,38.06,470.5,-4.6,222.5,14.4,93.2,6.8,Healthy,Healthy,-1.0
MAH-PUN-TAG-2073,PUN,Murrah Buffalo,4.0,174,38.18,0.18,38.08,469.1,-4.2,250.5,3.7,109.0,-9.0,Healthy,Healthy,-1.0
MAH-PUN-TAG-2073,PUN,Murrah Buffalo,4.0,205,38.42,0.04,38.13,432.6,3.9,268.9,-3.4,118.2,-18.2,Healthy,Healthy,-1.0
MAH-PUN-TAG-2073,PUN,Murrah Buffalo,4.0,252,38.49,-0.06,38.09,452.4,-0.5,267.9,-3.0,122.3,-22.3,Healthy,Healthy,-1.0
MAH-NAS-TAG-2074,NAS,HF Cross,4.1,76,38.66,-0.04,38.79,489.3,-4.1,256.3,1.4,90.6,9.4,Healthy,Healthy,-1.0
MAH-NAS-TAG-2074,NAS,HF Cross,4.1,143,38.33,-0.09,38.81,437.0,7.0,253.4,2.5,71.9,28.1,Healthy,Healthy,-1.0
MAH-NAS-TAG-2074,NAS,HF Cross,4.1,163,38.71,-0.13,38.79,429.2,8.7,263.6,-1.4,82.7,17.3,Healthy,Healthy,-1.0
MAH-NAS-TAG-2074,NAS,HF Cross,4.1,206,39.15,0.01,38.79,447.2,4.9,288.8,-11.1,101.6,-1.6,Healthy,Healthy,-1.0
MAH-PUN-TAG-2075,PUN,Murrah Buffalo,8.2,122,38.2,-0.03,38.47,489.8,-8.8,286.0,-10.0,91.5,8.5,Healthy,Healthy,-1.0
MAH-PUN-TAG-2075,PUN,Murrah Buffalo,8.2,187,38.26,-0.05,38.44,453.4,-0.8,296.7,-14.1,100.5,-0.5,Healthy,Healthy,-1.0
MAH-PUN-TAG-2075,PUN,Murrah Buffalo,8.2,207,38.57,-0.14,38.47,448.0,0.4,299.6,-15.2,103.4,-3.4,Healthy,Healthy,-1.0
MAH-PUN-TAG-2075,PUN,Murrah Buffalo,8.2,249,38.61,-0.08,38.48,495.4,-10.1,315.8,-21.5,107.2,-7.2,Healthy,Healthy,-1.0
MAH-KOL-TAG-2076,KOL,Dangi,2.4,129,38.78,0.08,38.5,485.6,-7.9,257.7,0.9,110.3,-10.3,Healthy,Healthy,-1.0
MAH-KOL-TAG-2076,KOL,Dangi,2.4,197,38.49,0.13,38.52,511.1,-13.6,255.6,1.7,93.3,6.7,Healthy,Healthy,-1.0
MAH-KOL-TAG-2076,KOL,Dangi,2.4,220,38.49,0.21,38.54,487.5,-8.3,241.1,7.3,90.4,9.6,Healthy,Healthy,-1.0
MAH-KOL-TAG-2076,KOL,Dangi,2.4,264,38.16,0.0,38.52,484.1,-7.6,231.3,11.0,89.1,10.9,Healthy,Healthy,-1.0
MAH-KOL-TAG-2077,KOL,Murrah Buffalo,4.1,96,38.08,-0.1,38.46,484.1,-7.6,222.0,14.6,71.8,28.2,Healthy,Healthy,-1.0
MAH-KOL-TAG-2077,KOL,Murrah Buffalo,4.1,168,38.15,0.05,38.43,490.0,-8.9,226.1,13.0,72.3,27.7,Healthy,Healthy,-1.0
MAH-KOL-TAG-2077,KOL,Murrah Buffalo,4.1,195,38.16,-0.07,38.45,492.7,-9.5,244.0,6.2,75.7,24.3,Healthy,Healthy,-1.0
MAH-KOL-TAG-2077,KOL,Murrah Buffalo,4.1,240,38.1,-0.05,38.47,488.1,-8.5,215.4,17.2,74.7,25.3,Healthy,Healthy,-1.0
MAH-AHM-TAG-2078,AHM,HF Cross,5.6,139,38.38,-0.05,38.5,442.5,5.9,244.9,5.8,100.4,-0.4,Healthy,Healthy,-1.0
MAH-AHM-TAG-2078,AHM,HF Cross,5.6,217,38.46,0.21,38.68,447.3,4.8,222.9,14.3,70.4,29.6,Sub-clinical,Mastitis,2.0
MAH-AHM-TAG-2078,AHM,HF Cross,5.6,252,39.73,0.37,39.13,392.3,16.5,231.0,11.2,97.9,2.1,Sub-clinical,Mastitis,0.5
MAH-AHM-TAG-2078,AHM,HF Cross,5.6,300,40.18,0.28,39.72,322.3,31.4,184.4,29.1,90.4,9.6,Clinical,Mastitis,0.0
MAH-NAS-TAG-2079,NAS,Red Kandhari,5.3,96,38.32,-0.17,38.76,433.1,3.8,268.2,-3.2,92.9,7.1,Healthy,Healthy,-1.0
MAH-NAS-TAG-2079,NAS,Red Kandhari,5.3,169,39.08,0.55,38.97,386.7,14.1,219.7,15.5,71.1,28.9,Sub-clinical,FMD,1.7
MAH-NAS-TAG-2079,NAS,Red Kandhari,5.3,199,39.83,0.47,39.6,347.9,22.7,205.3,21.0,82.9,17.1,Sub-clinical,FMD,0.4
MAH-NAS-TAG-2079,NAS,Red Kandhari,5.3,244,40.5,0.46,40.47,246.8,45.2,135.9,47.7,45.3,54.7,Clinical,FMD,0.0
MAH-SAT-TAG-2080,SAT,Dangi,5.2,151,38.56,-0.01,38.49,496.1,-10.2,274.5,-5.6,100.6,-0.6,Healthy,Healthy,-1.0
MAH-SAT-TAG-2080,SAT,Dangi,5.2,220,38.66,0.34,38.64,464.4,-3.2,250.3,3.7,73.9,26.1,Sub-clinical,LSD,1.3
MAH-SAT-TAG-2080,SAT,Dangi,5.2,244,39.2,0.54,39.1,423.6,5.9,230.1,11.5,73.7,26.3,Sub-clinical,LSD,0.3
MAH-SAT-TAG-2080,SAT,Dangi,5.2,288,39.69,0.44,39.8,327.6,27.2,176.8,32.0,41.1,58.9,Clinical,LSD,0.0
MAH-SOL-TAG-2081,SOL,Murrah Buffalo,7.0,88,38.54,-0.05,38.36,397.1,11.8,283.0,-8.8,106.4,-6.4,Healthy,Healthy,-1.0
MAH-SOL-TAG-2081,SOL,Murrah Buffalo,7.0,159,38.6,-0.02,38.39,410.4,8.8,285.3,-9.7,116.4,-16.4,Healthy,Healthy,-1.0
MAH-SOL-TAG-2081,SOL,Murrah Buffalo,7.0,185,38.46,-0.04,38.43,419.8,6.7,273.2,-5.1,101.2,-1.2,Healthy,Healthy,-1.0
MAH-SOL-TAG-2081,SOL,Murrah Buffalo,7.0,230,38.72,0.08,38.42,431.1,4.2,299.5,-15.2,111.8,-11.8,Healthy,Healthy,-1.0
MAH-NAS-TAG-2082,NAS,Dangi,6.2,62,39.11,0.15,38.74,430.8,4.3,274.4,-5.5,117.5,-17.5,Healthy,Healthy,-1.0
MAH-NAS-TAG-2082,NAS,Dangi,6.2,141,38.75,0.31,38.9,389.9,13.4,218.2,16.1,92.7,7.3,Sub-clinical,Mastitis,1.9
MAH-NAS-TAG-2082,NAS,Dangi,6.2,175,39.5,0.37,39.32,393.9,12.5,216.2,16.8,99.6,0.4,Sub-clinical,Mastitis,0.5
MAH-NAS-TAG-2082,NAS,Dangi,6.2,223,40.05,0.24,39.94,311.7,30.7,171.8,33.9,95.6,4.4,Clinical,Mastitis,0.0
MAH-SAT-TAG-2083,SAT,Gir Cross,7.7,57,38.98,0.13,38.65,478.9,-1.9,284.0,-9.2,109.5,-9.5,Healthy,Healthy,-1.0
MAH-SAT-TAG-2083,SAT,Gir Cross,7.7,134,39.41,0.38,38.87,405.0,13.8,263.3,-1.3,100.2,-0.2,Sub-clinical,LSD,1.8
MAH-SAT-TAG-2083,SAT,Gir Cross,7.7,166,39.19,0.42,39.25,352.8,24.9,221.5,14.8,65.5,34.5,Sub-clinical,LSD,0.5
MAH-SAT-TAG-2083,SAT,Gir Cross,7.7,213,39.88,0.16,39.92,305.1,35.1,167.8,35.5,56.8,43.2,Clinical,LSD,0.0
MAH-SAT-TAG-2084,SAT,Murrah Buffalo,6.3,98,37.88,0.01,38.18,477.6,-6.1,263.1,-1.2,98.0,2.0,Healthy,Healthy,-1.0
MAH-SAT-TAG-2084,SAT,Murrah Buffalo,6.3,169,38.14,0.14,38.37,421.3,6.4,251.2,3.4,83.4,16.6,Sub-clinical,Mastitis,1.5
MAH-SAT-TAG-2084,SAT,Murrah Buffalo,6.3,195,38.74,0.4,38.75,372.4,17.2,233.9,10.0,88.5,11.5,Sub-clinical,Mastitis,0.4
MAH-SAT-TAG-2084,SAT,Murrah Buffalo,6.3,240,39.32,0.25,39.47,279.2,38.0,186.6,28.2,70.2,29.8,Clinical,Mastitis,0.0
MAH-SOL-TAG-2085,SOL,Dangi,8.4,112,38.67,-0.03,38.49,428.2,4.8,267.8,-3.0,116.9,-16.9,Healthy,Healthy,-1.0
MAH-SOL-TAG-2085,SOL,Dangi,8.4,188,38.25,-0.11,38.5,435.8,3.2,238.3,8.3,98.2,1.8,Healthy,Healthy,-1.0
MAH-SOL-TAG-2085,SOL,Dangi,8.4,219,38.19,-0.17,38.46,489.6,-8.8,233.9,10.0,94.5,5.5,Healthy,Healthy,-1.0
MAH-SOL-TAG-2085,SOL,Dangi,8.4,266,38.22,0.03,38.48,485.5,-7.9,226.7,12.8,94.4,5.6,Healthy,Healthy,-1.0
MAH-KOL-TAG-2086,KOL,Gir Cross,5.9,108,38.74,-0.17,38.51,460.4,2.0,254.4,2.2,106.0,-6.0,Healthy,Healthy,-1.0
MAH-KOL-TAG-2086,KOL,Gir Cross,5.9,174,38.44,0.01,38.47,495.8,-5.5,236.8,8.9,94.5,5.5,Healthy,Healthy,-1.0
MAH-KOL-TAG-2086,KOL,Gir Cross,5.9,194,38.01,-0.15,38.45,486.9,-3.6,233.6,10.2,82.3,17.7,Healthy,Healthy,-1.0
MAH-KOL-TAG-2086,KOL,Gir Cross,5.9,237,38.21,-0.04,38.47,452.6,3.7,237.4,8.7,86.9,13.1,Healthy,Healthy,-1.0
MAH-SAT-TAG-2087,SAT,Dangi,4.3,110,38.88,0.11,38.57,446.3,0.8,283.5,-9.0,111.9,-11.9,Healthy,Healthy,-1.0
MAH-SAT-TAG-2087,SAT,Dangi,4.3,186,38.46,-0.05,38.51,442.0,1.8,280.6,-7.9,106.3,-6.3,Healthy,Healthy,-1.0
MAH-SAT-TAG-2087,SAT,Dangi,4.3,217,38.28,0.08,38.55,472.2,-4.9,246.3,5.3,87.7,12.3,Healthy,Healthy,-1.0
MAH-SAT-TAG-2087,SAT,Dangi,4.3,264,38.15,-0.02,38.52,473.8,-5.3,250.1,3.8,89.6,10.4,Healthy,Healthy,-1.0
MAH-AHM-TAG-2088,AHM,Gir Cross,3.2,151,38.81,0.04,38.59,469.4,0.1,247.2,4.9,100.4,-0.4,Healthy,Healthy,-1.0
MAH-AHM-TAG-2088,AHM,Gir Cross,3.2,221,38.46,-0.01,38.58,474.8,-1.0,237.3,8.7,101.9,-1.9,Healthy,Healthy,-1.0
MAH-AHM-TAG-2088,AHM,Gir Cross,3.2,246,38.48,-0.02,38.58,463.0,1.5,258.2,0.7,106.3,-6.3,Healthy,Healthy,-1.0
MAH-AHM-TAG-2088,AHM,Gir Cross,3.2,290,38.24,-0.13,38.57,449.3,4.4,234.0,10.0,91.2,8.8,Healthy,Healthy,-1.0
MAH-NAS-TAG-2089,NAS,Gir Cross,7.5,69,38.01,-0.08,38.33,432.4,8.0,238.5,8.3,86.3,13.7,Healthy,Healthy,-1.0
MAH-NAS-TAG-2089,NAS,Gir Cross,7.5,145,38.49,0.33,38.62,410.1,12.7,198.6,23.6,60.4,39.6,Sub-clinical,FMD,1.8
MAH-NAS-TAG-2089,NAS,Gir Cross,7.5,176,39.56,0.4,39.15,364.2,22.5,185.2,28.8,75.7,24.3,Sub-clinical,FMD,0.5
MAH-NAS-TAG-2089,NAS,Gir Cross,7.5,223,40.36,0.41,40.06,262.2,44.2,112.8,56.6,48.9,51.1,Clinical,FMD,0.0
MAH-AHM-TAG-2090,AHM,Murrah Buffalo,4.3,120,38.02,-0.04,38.34,465.2,-3.4,224.7,13.6,82.2,17.8,Healthy,Healthy,-1.0
MAH-AHM-TAG-2090,AHM,Murrah Buffalo,4.3,188,38.47,0.19,38.46,400.5,11.0,205.4,21.0,89.3,10.7,Sub-clinical,BRD,1.3
MAH-AHM-TAG-2090,AHM,Murrah Buffalo,4.3,210,39.15,0.56,38.83,349.6,22.3,212.5,18.3,80.1,19.9,Sub-clinical,BRD,0.3
MAH-AHM-TAG-2090,AHM,Murrah Buffalo,4.3,254,40.11,0.42,39.52,312.1,30.6,181.1,30.3,93.3,6.7,Clinical,BRD,0.0
MAH-SAN-TAG-2091,SAN,Dangi,7.3,134,38.71,0.04,38.43,427.8,4.9,284.0,-9.2,118.5,-18.5,Healthy,Healthy,-1.0
MAH-SAN-TAG-2091,SAN,Dangi,7.3,211,38.52,0.17,38.59,387.1,14.0,230.3,11.4,96.3,3.7,Sub-clinical,BRD,1.8
MAH-SAN-TAG-2091,SAN,Dangi,7.3,243,38.7,0.06,38.93,391.3,13.0,205.2,21.1,77.3,22.7,Sub-clinical,BRD,0.5
MAH-SAN-TAG-2091,SAN,Dangi,7.3,290,39.24,0.14,39.53,307.6,31.6,161.0,38.1,56.9,43.1,Clinical,BRD,0.0
MAH-KOL-TAG-2092,KOL,Murrah Buffalo,5.5,52,38.31,0.07,38.36,511.4,-13.6,281.9,-8.4,89.1,10.9,Healthy,Healthy,-1.0
MAH-KOL-TAG-2092,KOL,Murrah Buffalo,5.5,128,38.57,0.04,38.38,505.7,-12.4,296.4,-14.0,112.9,-12.9,Healthy,Healthy,-1.0
MAH-KOL-TAG-2092,KOL,Murrah Buffalo,5.5,159,38.81,0.11,38.41,447.1,0.6,300.3,-15.5,110.1,-10.1,Healthy,Healthy,-1.0
MAH-KOL-TAG-2092,KOL,Murrah Buffalo,5.5,206,38.83,0.22,38.42,460.5,-2.3,306.6,-17.9,122.7,-22.7,Healthy,Healthy,-1.0
MAH-SAN-TAG-2093,SAN,Red Kandhari,8.8,67,38.39,0.06,38.48,411.2,8.6,270.0,-3.8,92.9,7.1,Healthy,Healthy,-1.0
MAH-SAN-TAG-2093,SAN,Red Kandhari,8.8,141,38.11,-0.01,38.45,410.1,8.9,279.6,-7.5,90.1,9.9,Healthy,Healthy,-1.0
MAH-SAN-TAG-2093,SAN,Red Kandhari,8.8,170,38.09,-0.1,38.49,442.9,1.6,268.5,-3.3,84.9,15.1,Healthy,Healthy,-1.0
MAH-SAN-TAG-2093,SAN,Red Kandhari,8.8,216,38.03,-0.18,38.46,424.4,5.7,271.2,-4.3,84.1,15.9,Healthy,Healthy,-1.0
MAH-SAN-TAG-2094,SAN,Red Kandhari,3.8,151,38.35,-0.08,38.27,445.6,1.0,245.8,5.5,100.9,-0.9,Healthy,Healthy,-1.0
MAH-SAN-TAG-2094,SAN,Red Kandhari,3.8,218,38.42,0.47,38.39,393.8,12.5,218.4,16.0,72.4,27.6,Sub-clinical,Mastitis,1.2
MAH-SAN-TAG-2094,SAN,Red Kandhari,3.8,240,38.65,0.33,38.82,327.2,27.3,185.3,28.7,64.3,35.7,Sub-clinical,Mastitis,0.3
MAH-SAN-TAG-2094,SAN,Red Kandhari,3.8,283,39.6,0.22,39.52,201.9,55.1,177.9,31.6,70.7,29.3,Clinical,Mastitis,0.0
MAH-PUN-TAG-2095,PUN,Gir Cross,7.6,74,38.17,-0.39,38.74,456.4,2.9,257.3,1.0,81.2,18.8,Healthy,Healthy,-1.0
MAH-PUN-TAG-2095,PUN,Gir Cross,7.6,144,38.75,0.49,38.88,396.8,15.6,235.4,9.5,73.0,27.0,Sub-clinical,Mastitis,1.4
MAH-PUN-TAG-2095,PUN,Gir Cross,7.6,169,39.08,0.33,39.27,374.4,20.3,216.7,16.7,76.4,23.6,Sub-clinical,Mastitis,0.4
MAH-PUN-TAG-2095,PUN,Gir Cross,7.6,213,39.96,0.45,39.99,258.5,45.0,194.5,25.2,69.1,30.9,Clinical,Mastitis,0.0
MAH-PUN-TAG-2096,PUN,Murrah Buffalo,5.7,98,38.38,0.36,38.45,468.2,-4.0,268.9,-3.4,91.6,8.4,Healthy,Healthy,-1.0
MAH-PUN-TAG-2096,PUN,Murrah Buffalo,5.7,171,38.51,0.28,38.63,430.8,4.3,249.8,3.9,85.0,15.0,Sub-clinical,BRD,1.6
MAH-PUN-TAG-2096,PUN,Murrah Buffalo,5.7,199,39.39,0.49,39.04,395.8,12.0,241.7,7.0,89.3,10.7,Sub-clinical,BRD,0.4
MAH-PUN-TAG-2096,PUN,Murrah Buffalo,5.7,244,39.65,0.36,39.63,348.8,22.5,187.8,27.8,64.4,35.6,Clinical,BRD,0.0
MAH-NAS-TAG-2097,NAS,Dangi,2.4,122,38.3,0.09,38.59,449.7,0.1,262.6,-1.0,93.2,6.8,Healthy,Healthy,-1.0
MAH-NAS-TAG-2097,NAS,Dangi,2.4,200,39.05,0.3,38.85,440.6,2.1,265.9,-2.3,101.2,-1.2,Sub-clinical,LSD,1.9
MAH-NAS-TAG-2097,NAS,Dangi,2.4,233,39.58,0.36,39.28,360.1,20.0,229.0,11.9,91.7,8.3,Sub-clinical,LSD,0.5
MAH-NAS-TAG-2097,NAS,Dangi,2.4,280,40.28,0.19,39.95,283.8,36.9,198.0,23.8,78.8,21.2,Clinical,LSD,0.0
MAH-NAS-TAG-2098,NAS,Murrah Buffalo,5.4,115,38.22,-0.06,38.32,442.5,1.7,246.7,5.1,95.2,4.8,Healthy,Healthy,-1.0
MAH-NAS-TAG-2098,NAS,Murrah Buffalo,5.4,192,38.4,0.41,38.55,432.2,4.0,207.7,20.1,65.3,34.7,Sub-clinical,LSD,1.8
MAH-NAS-TAG-2098,NAS,Murrah Buffalo,5.4,224,39.22,0.36,38.97,416.1,7.5,223.8,13.9,84.9,15.1,Sub-clinical,LSD,0.5
MAH-NAS-TAG-2098,NAS,Murrah Buffalo,5.4,271,39.81,0.13,39.65,368.5,18.1,173.3,33.3,75.5,24.5,Clinical,LSD,0.0
MAH-SAN-TAG-2099,SAN,Dangi,3.5,141,38.42,0.07,38.59,425.7,5.4,268.6,-3.3,86.3,13.7,Healthy,Healthy,-1.0
MAH-SAN-TAG-2099,SAN,Dangi,3.5,211,38.69,0.14,38.72,381.6,15.2,261.6,-0.6,96.6,3.4,Sub-clinical,Mastitis,1.4
MAH-SAN-TAG-2099,SAN,Dangi,3.5,236,39.25,0.49,39.15,321.2,28.6,234.5,9.8,85.2,14.8,Sub-clinical,Mastitis,0.4
MAH-SAN-TAG-2099,SAN,Dangi,3.5,280,40.14,0.32,39.82,247.2,45.1,220.3,15.3,91.0,9.0,Clinical,Mastitis,0.0
MAH-SAN-TAG-2100,SAN,Khillari,6.3,108,39.02,-0.06,38.64,433.1,3.8,277.5,-6.7,110.9,-10.9,Healthy,Healthy,-1.0
MAH-SAN-TAG-2100,SAN,Khillari,6.3,180,39.14,0.07,38.67,442.1,1.8,277.0,-6.5,106.3,-6.3,Healthy,Healthy,-1.0
MAH-SAN-TAG-2100,SAN,Khillari,6.3,207,38.8,-0.04,38.66,398.2,11.5,265.2,-2.0,102.3,-2.3,Healthy,Healthy,-1.0
MAH-SAN-TAG-2100,SAN,Khillari,6.3,252,38.9,-0.04,38.65,428.8,4.7,272.5,-4.8,117.4,-17.4,Healthy,Healthy,-1.0
MAH-SAN-TAG-2101,SAN,Dangi,5.3,93,38.59,0.15,38.74,423.9,5.8,248.4,4.5,90.7,9.3,Healthy,Healthy,-1.0
MAH-SAN-TAG-2101,SAN,Dangi,5.3,164,39.15,0.54,39.01,350.6,22.1,217.8,16.2,82.7,17.3,Sub-clinical,FMD,1.5
MAH-SAN-TAG-2101,SAN,Dangi,5.3,190,39.48,0.49,39.56,302.2,32.8,167.6,35.5,58.5,41.5,Sub-clinical,FMD,0.4
MAH-SAN-TAG-2101,SAN,Dangi,5.3,235,40.72,0.4,40.51,190.8,57.6,118.3,54.5,48.3,51.7,Clinical,FMD,0.0
MAH-AHM-TAG-2102,AHM,Murrah Buffalo,8.7,153,38.46,0.08,38.26,495.0,-10.0,272.8,-4.9,109.2,-9.2,Healthy,Healthy,-1.0
MAH-AHM-TAG-2102,AHM,Murrah Buffalo,8.7,231,38.53,0.2,38.23,438.4,2.6,285.3,-9.7,115.0,-15.0,Healthy,Healthy,-1.0
MAH-AHM-TAG-2102,AHM,Murrah Buffalo,8.7,264,37.94,0.11,38.21,470.1,-4.5,241.8,7.0,87.4,12.6,Healthy,Healthy,-1.0
MAH-AHM-TAG-2102,AHM,Murrah Buffalo,8.7,312,37.94,-0.04,38.22,469.1,-4.2,238.4,8.3,89.6,10.4,Healthy,Healthy,-1.0
MAH-PUN-TAG-2103,PUN,HF Cross,8.0,105,38.81,-0.02,38.62,491.9,-4.7,271.6,-4.5,115.6,-15.6,Healthy,Healthy,-1.0
MAH-PUN-TAG-2103,PUN,HF Cross,8.0,181,39.25,0.23,38.84,422.7,10.1,255.3,1.8,117.1,-17.1,Sub-clinical,LSD,1.8
MAH-PUN-TAG-2103,PUN,HF Cross,8.0,212,39.15,0.26,39.21,355.1,24.4,205.9,20.8,80.1,19.9,Sub-clinical,LSD,0.5
MAH-PUN-TAG-2103,PUN,HF Cross,8.0,259,40.04,0.45,39.92,307.7,34.5,177.9,31.6,73.5,26.5,Clinical,LSD,0.0
MAH-SAN-TAG-2104,SAN,Murrah Buffalo,7.2,136,38.69,-0.13,38.57,437.7,2.7,295.5,-13.7,108.8,-8.8,Healthy,Healthy,-1.0
MAH-SAN-TAG-2104,SAN,Murrah Buffalo,7.2,211,38.45,0.0,38.55,425.2,5.5,277.9,-6.9,97.7,2.3,Healthy,Healthy,-1.0
MAH-SAN-TAG-2104,SAN,Murrah Buffalo,7.2,241,38.1,-0.02,38.52,453.8,-0.8,266.1,-2.3,82.2,17.8,Healthy,Healthy,-1.0
MAH-SAN-TAG-2104,SAN,Murrah Buffalo,7.2,288,38.09,0.11,38.56,454.5,-1.0,267.1,-2.7,85.7,14.3,Healthy,Healthy,-1.0
MAH-NAS-TAG-2105,NAS,Khillari,2.4,55,38.8,0.09,38.68,476.1,-5.8,281.0,-8.1,109.2,-9.2,Healthy,Healthy,-1.0
MAH-NAS-TAG-2105,NAS,Khillari,2.4,124,38.88,0.38,38.86,458.8,-2.0,256.2,1.5,102.4,-2.4,Sub-clinical,Mastitis,1.3
MAH-NAS-TAG-2105,NAS,Khillari,2.4,148,39.21,0.33,39.23,397.6,11.6,205.6,20.9,87.7,12.3,Sub-clinical,Mastitis,0.3
MAH-NAS-TAG-2105,NAS,Khillari,2.4,192,39.73,0.34,39.92,294.5,34.6,183.2,29.5,70.0,30.0,Clinical,Mastitis,0.0
MAH-AHM-TAG-2106,AHM,Gir Cross,8.3,108,38.84,-0.21,38.66,476.8,-1.4,273.1,-5.0,110.3,-10.3,Healthy,Healthy,-1.0
MAH-AHM-TAG-2106,AHM,Gir Cross,8.3,185,38.71,-0.16,38.68,467.8,0.5,251.6,3.2,94.4,5.6,Healthy,Healthy,-1.0
MAH-AHM-TAG-2106,AHM,Gir Cross,8.3,219,38.44,0.01,38.65,494.1,-5.1,247.5,4.8,82.9,17.1,Healthy,Healthy,-1.0
MAH-AHM-TAG-2106,AHM,Gir Cross,8.3,266,38.45,0.15,38.66,505.1,-7.5,240.9,7.3,80.7,19.3,Healthy,Healthy,-1.0
MAH-SAT-TAG-2107,SAT,Dangi,2.3,158,38.74,0.08,38.38,421.7,6.3,284.7,-9.5,121.4,-21.4,Healthy,Healthy,-1.0
MAH-SAT-TAG-2107,SAT,Dangi,2.3,233,38.78,0.35,38.56,374.6,16.8,271.9,-4.6,97.9,2.1,Sub-clinical,LSD,1.7
MAH-SAT-TAG-2107,SAT,Dangi,2.3,263,38.94,0.37,38.98,345.6,23.2,219.2,15.7,77.2,22.8,Sub-clinical,LSD,0.4
MAH-SAT-TAG-2107,SAT,Dangi,2.3,309,39.61,0.16,39.65,267.8,40.5,172.6,33.6,60.4,39.6,Clinical,LSD,0.0
MAH-SAN-TAG-2108,SAN,Dangi,5.5,98,38.33,0.1,38.56,502.4,-11.6,225.0,13.5,89.9,10.1,Healthy,Healthy,-1.0
MAH-SAN-TAG-2108,SAN,Dangi,5.5,171,38.49,0.09,38.63,507.0,-12.7,226.2,13.0,86.0,14.0,Healthy,Healthy,-1.0
MAH-SAN-TAG-2108,SAN,Dangi,5.5,199,38.58,-0.16,38.63,516.7,-14.8,252.3,3.0,103.8,-3.8,Healthy,Healthy,-1.0
MAH-SAN-TAG-2108,SAN,Dangi,5.5,244,38.37,0.0,38.63,503.1,-11.8,219.7,15.5,86.9,13.1,Healthy,Healthy,-1.0
MAH-KOL-TAG-2109,KOL,Khillari,7.2,112,38.88,0.08,38.69,413.8,8.0,288.6,-11.0,107.2,-7.2,Healthy,Healthy,-1.0
MAH-KOL-TAG-2109,KOL,Khillari,7.2,182,38.93,-0.09,38.71,438.5,2.6,295.4,-13.6,109.8,-9.8,Healthy,Healthy,-1.0
MAH-KOL-TAG-2109,KOL,Khillari,7.2,207,38.97,-0.05,38.72,430.4,4.4,295.9,-13.8,108.8,-8.8,Healthy,Healthy,-1.0
MAH-KOL-TAG-2109,KOL,Khillari,7.2,252,39.07,-0.07,38.73,455.7,-1.3,304.4,-17.1,108.9,-8.9,Healthy,Healthy,-1.0
MAH-SAN-TAG-2110,SAN,Khillari,8.0,86,38.77,-0.13,38.58,412.4,8.4,293.3,-12.8,115.0,-15.0,Healthy,Healthy,-1.0
MAH-SAN-TAG-2110,SAN,Khillari,8.0,152,38.82,0.25,38.52,412.8,8.3,248.4,4.5,99.1,0.9,Sub-clinical,Ketosis,1.2
MAH-SAN-TAG-2110,SAN,Khillari,8.0,173,38.34,0.0,38.45,353.3,21.5,196.1,24.6,82.8,17.2,Sub-clinical,Ketosis,0.3
MAH-SAN-TAG-2110,SAN,Khillari,8.0,216,37.83,-0.24,38.25,230.9,48.7,137.3,47.2,56.0,44.0,Clinical,Ketosis,0.0
MAH-NAS-TAG-2111,NAS,Murrah Buffalo,4.3,146,38.17,0.16,38.35,496.2,-10.3,264.8,-1.8,97.8,2.2,Healthy,Healthy,-1.0
MAH-NAS-TAG-2111,NAS,Murrah Buffalo,4.3,224,38.84,0.3,38.6,472.5,-5.0,271.3,-4.3,97.7,2.3,Sub-clinical,LSD,1.9
MAH-NAS-TAG-2111,NAS,Murrah Buffalo,4.3,257,39.29,0.24,39.02,359.0,20.2,242.1,6.9,89.4,10.6,Sub-clinical,LSD,0.5
MAH-NAS-TAG-2111,NAS,Murrah Buffalo,4.3,304,40.03,0.44,39.69,311.0,30.9,216.8,16.6,82.6,17.4,Clinical,LSD,0.0
MAH-NAS-TAG-2112,NAS,HF Cross,7.2,88,38.68,0.05,38.5,439.4,6.5,277.8,-6.8,118.1,-18.1,Healthy,Healthy,-1.0
MAH-NAS-TAG-2112,NAS,HF Cross,7.2,161,38.98,0.26,38.74,360.3,23.3,228.4,12.2,107.0,-7.0,Sub-clinical,FMD,1.6
MAH-NAS-TAG-2112,NAS,HF Cross,7.2,189,39.12,0.37,39.25,317.8,32.4,177.2,31.8,76.1,23.9,Sub-clinical,FMD,0.4
MAH-NAS-TAG-2112,NAS,HF Cross,7.2,235,40.26,0.35,40.18,191.7,59.2,127.1,51.1,56.8,43.2,Clinical,FMD,0.0
MAH-NAS-TAG-2113,NAS,Murrah Buffalo,2.6,153,38.64,0.06,38.43,485.3,-7.8,266.5,-2.5,109.6,-9.6,Healthy,Healthy,-1.0
MAH-NAS-TAG-2113,NAS,Murrah Buffalo,2.6,220,38.52,0.21,38.57,437.7,2.7,229.0,11.9,82.5,17.5,Sub-clinical,Mastitis,1.2
MAH-NAS-TAG-2113,NAS,Murrah Buffalo,2.6,242,38.98,0.44,38.94,386.5,14.1,201.5,22.5,66.3,33.7,Sub-clinical,Mastitis,0.3
MAH-NAS-TAG-2113,NAS,Murrah Buffalo,2.6,285,39.52,0.32,39.64,263.1,41.5,174.8,32.8,70.9,29.1,Clinical,Mastitis,0.0
MAH-NAS-TAG-2114,NAS,Red Kandhari,4.2,81,39.02,0.04,38.83,471.9,-4.9,291.4,-12.1,118.2,-18.2,Healthy,Healthy,-1.0
MAH-NAS-TAG-2114,NAS,Red Kandhari,4.2,158,39.14,-0.01,38.81,436.2,3.1,287.9,-10.7,120.3,-20.3,Healthy,Healthy,-1.0
MAH-NAS-TAG-2114,NAS,Red Kandhari,4.2,190,38.48,-0.14,38.77,417.0,7.3,275.8,-6.1,101.6,-1.6,Healthy,Healthy,-1.0
MAH-NAS-TAG-2114,NAS,Red Kandhari,4.2,237,38.56,0.09,38.77,422.7,6.1,255.7,1.7,99.9,0.1,Healthy,Healthy,-1.0
MAH-SOL-TAG-2115,SOL,Murrah Buffalo,8.2,127,38.51,0.0,38.3,459.1,-2.0,276.2,-6.2,107.8,-7.8,Healthy,Healthy,-1.0
MAH-SOL-TAG-2115,SOL,Murrah Buffalo,8.2,197,38.76,0.34,38.47,412.0,8.4,241.5,7.1,92.8,7.2,Sub-clinical,Mastitis,1.4
MAH-SOL-TAG-2115,SOL,Murrah Buffalo,8.2,222,39.15,0.39,38.88,376.8,16.3,229.5,11.7,89.3,10.7,Sub-clinical,Mastitis,0.3
MAH-SOL-TAG-2115,SOL,Murrah Buffalo,8.2,266,39.2,-0.03,39.52,275.6,38.8,173.7,33.2,71.0,29.0,Clinical,Mastitis,0.0
MAH-AHM-TAG-2116,AHM,HF Cross,2.7,134,38.74,-0.15,38.52,453.0,3.6,282.9,-8.8,110.3,-10.3,Healthy,Healthy,-1.0
MAH-AHM-TAG-2116,AHM,HF Cross,2.7,213,38.71,0.46,38.79,377.5,19.7,208.0,20.0,76.5,23.5,Sub-clinical,FMD,1.9
MAH-AHM-TAG-2116,AHM,HF Cross,2.7,247,39.72,0.54,39.36,360.7,23.3,185.7,28.6,77.8,22.2,Sub-clinical,FMD,0.5
MAH-AHM-TAG-2116,AHM,HF Cross,2.7,295,40.59,0.59,40.22,274.7,41.6,128.3,50.7,51.8,48.2,Clinical,FMD,0.0
MAH-NAS-TAG-2117,NAS,HF Cross,3.2,69,38.36,0.08,38.52,478.1,-1.7,228.1,12.3,82.9,17.1,Healthy,Healthy,-1.0
MAH-NAS-TAG-2117,NAS,HF Cross,3.2,143,38.14,-0.02,38.48,479.9,-2.1,231.2,11.1,77.9,22.1,Healthy,Healthy,-1.0
MAH-NAS-TAG-2117,NAS,HF Cross,3.2,172,38.45,0.12,38.54,494.9,-5.3,233.9,10.0,84.1,15.9,Healthy,Healthy,-1.0
MAH-NAS-TAG-2117,NAS,HF Cross,3.2,218,38.35,0.02,38.55,469.0,0.2,228.0,12.3,81.8,18.2,Healthy,Healthy,-1.0
MAH-SAN-TAG-2118,SAN,Red Kandhari,8.4,84,38.74,-0.01,38.42,420.4,6.6,256.8,1.2,113.8,-13.8,Healthy,Healthy,-1.0
MAH-SAN-TAG-2118,SAN,Red Kandhari,8.4,156,39.13,0.46,38.57,394.6,12.3,240.6,7.5,111.4,-11.4,Sub-clinical,BRD,1.6
MAH-SAN-TAG-2118,SAN,Red Kandhari,8.4,185,39.29,0.45,38.97,325.5,27.7,208.6,19.8,80.7,19.3,Sub-clinical,BRD,0.4
MAH-SAN-TAG-2118,SAN,Red Kandhari,8.4,230,39.98,0.29,39.59,254.0,43.6,181.9,30.0,82.2,17.8,Clinical,BRD,0.0
MAH-AHM-TAG-2119,AHM,Khillari,5.8,74,38.07,0.08,38.27,490.1,-8.9,255.1,1.9,88.3,11.7,Healthy,Healthy,-1.0
MAH-AHM-TAG-2119,AHM,Khillari,5.8,147,38.38,0.27,38.49,439.0,2.4,229.5,11.7,73.4,26.6,Sub-clinical,LSD,1.6
MAH-AHM-TAG-2119,AHM,Khillari,5.8,175,39.34,0.54,38.9,420.4,6.6,224.1,13.8,79.0,21.0,Sub-clinical,LSD,0.4
MAH-AHM-TAG-2119,AHM,Khillari,5.8,220,39.56,0.33,39.6,349.2,22.4,188.0,27.7,49.2,50.8,Clinical,LSD,0.0
MAH-SOL-TAG-2120,SOL,Red Kandhari,8.3,153,38.74,0.04,38.46,488.3,-8.5,281.4,-8.2,106.9,-6.9,Healthy,Healthy,-1.0
MAH-SOL-TAG-2120,SOL,Red Kandhari,8.3,231,38.94,0.25,38.63,393.6,12.5,260.8,-0.3,105.6,-5.6,Sub-clinical,BRD,1.9
MAH-SOL-TAG-2120,SOL,Red Kandhari,8.3,264,38.81,0.25,38.98,393.1,12.6,207.9,20.0,78.6,21.4,Sub-clinical,BRD,0.5
MAH-SOL-TAG-2120,SOL,Red Kandhari,8.3,312,39.31,0.14,39.62,316.4,29.7,172.1,33.8,53.2,46.8,Clinical,BRD,0.0
MAH-NAS-TAG-2121,NAS,HF Cross,7.2,108,38.8,-0.22,38.59,467.6,0.5,280.6,-7.9,110.1,-10.1,Healthy,Healthy,-1.0
MAH-NAS-TAG-2121,NAS,HF Cross,7.2,182,38.92,0.1,38.6,459.9,2.1,284.2,-9.3,109.0,-9.0,Healthy,Healthy,-1.0
MAH-NAS-TAG-2121,NAS,HF Cross,7.2,213,38.38,0.16,38.57,453.8,3.4,248.1,4.6,97.1,2.9,Healthy,Healthy,-1.0
MAH-NAS-TAG-2121,NAS,HF Cross,7.2,259,38.46,0.08,38.57,423.3,9.9,274.1,-5.4,92.8,7.2,Healthy,Healthy,-1.0
MAH-SAT-TAG-2122,SAT,HF Cross,3.8,156,38.89,-0.13,38.63,460.1,2.1,280.7,-8.0,108.9,-8.9,Healthy,Healthy,-1.0
MAH-SAT-TAG-2122,SAT,HF Cross,3.8,228,38.97,-0.05,38.61,409.9,12.8,266.0,-2.3,104.9,-4.9,Sub-clinical,Ketosis,1.5
MAH-SAT-TAG-2122,SAT,HF Cross,3.8,255,38.8,-0.03,38.53,346.8,26.2,218.7,15.9,96.9,3.1,Sub-clinical,Ketosis,0.4
MAH-SAT-TAG-2122,SAT,HF Cross,3.8,300,38.71,-0.06,38.39,269.4,42.7,184.7,29.0,81.0,19.0,Clinical,Ketosis,0.0
MAH-AHM-TAG-2123,AHM,Dangi,3.8,69,37.98,0.0,38.28,466.7,-3.7,246.9,5.0,100.1,-0.1,Healthy,Healthy,-1.0
MAH-AHM-TAG-2123,AHM,Dangi,3.8,137,38.83,0.54,38.47,389.0,13.6,239.0,8.1,99.6,0.4,Sub-clinical,FMD,1.3
MAH-AHM-TAG-2123,AHM,Dangi,3.8,160,39.58,0.7,39.06,330.6,26.5,182.8,29.7,83.3,16.7,Sub-clinical,FMD,0.3
MAH-AHM-TAG-2123,AHM,Dangi,3.8,204,40.45,0.27,40.04,258.8,42.5,141.7,45.5,74.9,25.1,Clinical,FMD,0.0
MAH-SOL-TAG-2124,SOL,Murrah Buffalo,6.6,141,38.34,0.08,38.54,432.6,3.9,222.6,14.4,91.9,8.1,Healthy,Healthy,-1.0
MAH-SOL-TAG-2124,SOL,Murrah Buffalo,6.6,215,38.27,-0.02,38.51,435.3,3.3,227.6,12.5,92.5,7.5,Healthy,Healthy,-1.0
MAH-SOL-TAG-2124,SOL,Murrah Buffalo,6.6,244,38.35,0.02,38.54,482.8,-7.3,224.5,13.7,92.5,7.5,Healthy,Healthy,-1.0
MAH-SOL-TAG-2124,SOL,Murrah Buffalo,6.6,290,38.31,0.16,38.55,457.7,-1.7,228.3,12.2,97.6,2.4,Healthy,Healthy,-1.0
MAH-NAS-TAG-2125,NAS,Khillari,8.1,74,38.25,-0.15,38.67,473.3,-5.2,239.0,8.1,88.1,11.9,Healthy,Healthy,-1.0
MAH-NAS-TAG-2125,NAS,Khillari,8.1,148,38.5,0.06,38.7,487.1,-8.2,246.2,5.3,80.8,19.2,Healthy,Healthy,-1.0
MAH-NAS-TAG-2125,NAS,Khillari,8.1,177,38.92,-0.2,38.73,469.5,-4.3,271.7,-4.5,100.2,-0.2,Healthy,Healthy,-1.0
MAH-NAS-TAG-2125,NAS,Khillari,8.1,223,38.72,-0.04,38.69,491.7,-9.3,258.2,0.7,106.8,-6.8,Healthy,Healthy,-1.0
MAH-AHM-TAG-2126,AHM,HF Cross,2.4,91,38.47,0.15,38.64,465.8,0.9,248.9,4.3,100.7,-0.7,Healthy,Healthy,-1.0
MAH-AHM-TAG-2126,AHM,HF Cross,2.4,165,38.42,-0.11,38.6,429.3,8.7,211.2,18.8,86.0,14.0,Sub-clinical,Ketosis,1.6
MAH-AHM-TAG-2126,AHM,HF Cross,2.4,194,38.27,0.0,38.51,380.8,19.0,171.7,34.0,79.8,20.2,Sub-clinical,Ketosis,0.4
MAH-AHM-TAG-2126,AHM,HF Cross,2.4,240,38.09,0.06,38.34,282.5,39.9,125.3,51.8,65.3,34.7,Clinical,Ketosis,0.0
MAH-SOL-TAG-2127,SOL,Murrah Buffalo,3.2,151,38.43,0.16,38.29,470.8,-4.6,281.7,-8.3,93.9,6.1,Healthy,Healthy,-1.0
MAH-SOL-TAG-2127,SOL,Murrah Buffalo,3.2,219,38.01,-0.04,38.31,465.6,-3.5,250.1,3.8,77.4,22.6,Healthy,Healthy,-1.0
MAH-SOL-TAG-2127,SOL,Murrah Buffalo,3.2,242,37.95,0.03,38.31,449.4,0.1,257.2,1.1,75.3,24.7,Healthy,Healthy,-1.0
MAH-SOL-TAG-2127,SOL,Murrah Buffalo,3.2,285,38.1,0.09,38.28,429.4,4.6,260.1,-0.0,77.3,22.7,Healthy,Healthy,-1.0
MAH-SAT-TAG-2128,SAT,Khillari,7.0,112,38.66,-0.08,38.48,420.6,6.5,282.3,-8.6,111.2,-11.2,Healthy,Healthy,-1.0
MAH-SAT-TAG-2128,SAT,Khillari,7.0,185,38.58,-0.05,38.46,410.6,8.8,292.5,-12.5,107.6,-7.6,Healthy,Healthy,-1.0
MAH-SAT-TAG-2128,SAT,Khillari,7.0,213,38.21,-0.07,38.45,417.6,7.2,256.4,1.4,93.4,6.6,Healthy,Healthy,-1.0
MAH-SAT-TAG-2128,SAT,Khillari,7.0,259,38.62,0.3,38.46,403.4,10.4,266.6,-2.5,100.7,-0.7,Healthy,Healthy,-1.0
MAH-SOL-TAG-2129,SOL,Dangi,6.4,110,38.83,-0.12,38.65,396.9,11.8,285.5,-9.8,115.4,-15.4,Healthy,Healthy,-1.0
MAH-SOL-TAG-2129,SOL,Dangi,6.4,186,38.97,0.34,38.81,339.2,24.6,253.6,2.5,102.3,-2.3,Sub-clinical,Mastitis,1.8
MAH-SOL-TAG-2129,SOL,Dangi,6.4,217,39.05,0.25,39.25,337.7,25.0,213.6,17.8,78.3,21.7,Sub-clinical,Mastitis,0.5
MAH-SOL-TAG-2129,SOL,Dangi,6.4,264,39.49,0.01,39.87,240.7,46.5,175.3,32.6,73.4,26.6,Clinical,Mastitis,0.0
MAH-AHM-TAG-2130,AHM,Gir Cross,2.1,100,38.34,0.12,38.46,502.2,-6.9,267.6,-2.9,78.9,21.1,Healthy,Healthy,-1.0
MAH-AHM-TAG-2130,AHM,Gir Cross,2.1,168,38.08,0.04,38.44,479.3,-2.0,262.5,-1.0,75.9,24.1,Healthy,Healthy,-1.0
MAH-AHM-TAG-2130,AHM,Gir Cross,2.1,191,38.14,0.04,38.47,447.8,4.7,255.5,1.7,74.2,25.8,Healthy,Healthy,-1.0
MAH-AHM-TAG-2130,AHM,Gir Cross,2.1,235,38.23,-0.11,38.44,441.7,6.0,274.4,-5.5,89.6,10.4,Healthy,Healthy,-1.0
MAH-PUN-TAG-2131,PUN,HF Cross,6.8,120,37.95,0.07,38.38,461.4,1.8,227.2,12.6,82.6,17.4,Healthy,Healthy,-1.0
MAH-PUN-TAG-2131,PUN,HF Cross,6.8,196,38.64,0.37,38.71,441.5,6.1,204.5,21.3,81.6,18.4,Sub-clinical,FMD,1.8
MAH-PUN-TAG-2131,PUN,HF Cross,6.8,229,39.69,0.18,39.27,320.7,31.8,191.8,26.2,81.1,18.9,Sub-clinical,FMD,0.5
MAH-PUN-TAG-2131,PUN,HF Cross,6.8,276,40.63,0.31,40.15,249.4,46.9,125.2,51.8,65.3,34.7,Clinical,FMD,0.0
MAH-SAN-TAG-2132,SAN,Khillari,3.3,64,38.65,-0.04,38.51,374.4,16.8,275.4,-5.9,102.2,-2.2,Healthy,Healthy,-1.0
MAH-SAN-TAG-2132,SAN,Khillari,3.3,137,38.92,0.27,38.67,315.2,30.0,254.2,2.2,88.5,11.5,Sub-clinical,Mastitis,1.6
MAH-SAN-TAG-2132,SAN,Khillari,3.3,165,38.95,0.25,39.09,278.3,38.2,207.0,20.4,75.8,24.2,Sub-clinical,Mastitis,0.4
MAH-SAN-TAG-2132,SAN,Khillari,3.3,211,39.74,0.31,39.77,196.0,56.4,184.7,29.0,73.0,27.0,Clinical,Mastitis,0.0
MAH-AHM-TAG-2133,AHM,Red Kandhari,4.1,86,39.05,0.11,38.76,416.5,7.4,280.4,-7.8,117.3,-17.3,Healthy,Healthy,-1.0
MAH-AHM-TAG-2133,AHM,Red Kandhari,4.1,155,39.4,0.35,38.92,407.4,9.5,268.5,-3.3,118.1,-18.1,Sub-clinical,Mastitis,1.3
MAH-AHM-TAG-2133,AHM,Red Kandhari,4.1,179,39.85,0.45,39.33,346.9,22.9,254.7,2.0,102.8,-2.8,Sub-clinical,Mastitis,0.3
MAH-AHM-TAG-2133,AHM,Red Kandhari,4.1,223,40.17,0.12,39.97,284.3,36.8,206.4,20.6,89.0,11.0,Clinical,Mastitis,0.0
MAH-KOL-TAG-2134,KOL,Khillari,3.9,96,38.08,0.11,38.37,436.8,2.9,219.9,15.4,75.0,25.0,Healthy,Healthy,-1.0
MAH-KOL-TAG-2134,KOL,Khillari,3.9,171,38.12,-0.14,38.38,464.3,-3.2,225.1,13.4,85.5,14.5,Healthy,Healthy,-1.0
MAH-KOL-TAG-2134,KOL,Khillari,3.9,203,38.77,-0.16,38.41,446.4,0.8,268.4,-3.2,108.5,-8.5,Healthy,Healthy,-1.0
MAH-KOL-TAG-2134,KOL,Khillari,3.9,249,38.79,0.23,38.41,451.0,-0.2,252.0,3.1,103.5,-3.5,Healthy,Healthy,-1.0
MAH-SOL-TAG-2135,SOL,Red Kandhari,2.8,105,38.89,0.01,38.59,440.1,2.2,270.7,-4.1,106.0,-6.0,Healthy,Healthy,-1.0
MAH-SOL-TAG-2135,SOL,Red Kandhari,2.8,181,39.53,0.56,38.86,330.9,26.5,246.4,5.2,100.8,-0.8,Sub-clinical,FMD,1.8
MAH-SOL-TAG-2135,SOL,Red Kandhari,2.8,212,39.44,0.53,39.42,272.2,39.5,180.4,30.6,62.7,37.3,Sub-clinical,FMD,0.5
MAH-SOL-TAG-2135,SOL,Red Kandhari,2.8,259,40.36,0.53,40.28,150.6,66.5,119.6,54.0,48.7,51.3,Clinical,FMD,0.0
MAH-SOL-TAG-2136,SOL,HF Cross,6.2,103,38.43,-0.14,38.5,504.6,-7.4,281.5,-8.3,101.5,-1.5,Healthy,Healthy,-1.0
MAH-SOL-TAG-2136,SOL,HF Cross,6.2,175,38.67,0.09,38.49,503.4,-7.1,277.7,-6.8,106.7,-6.7,Healthy,Healthy,-1.0
MAH-SOL-TAG-2136,SOL,HF Cross,6.2,202,38.85,0.11,38.52,492.7,-4.8,289.4,-11.3,112.8,-12.8,Healthy,Healthy,-1.0
MAH-SOL-TAG-2136,SOL,HF Cross,6.2,247,38.51,0.05,38.48,501.2,-6.6,283.2,-8.9,102.6,-2.6,Healthy,Healthy,-1.0
MAH-SOL-TAG-2137,SOL,Red Kandhari,8.1,146,38.2,-0.08,38.59,438.1,2.6,237.0,8.8,86.8,13.2,Healthy,Healthy,-1.0
MAH-SOL-TAG-2137,SOL,Red Kandhari,8.1,216,38.8,0.42,38.79,369.3,17.9,209.7,19.3,74.3,25.7,Sub-clinical,FMD,1.4
MAH-SOL-TAG-2137,SOL,Red Kandhari,8.1,241,39.35,0.67,39.37,319.5,29.0,163.6,37.1,67.5,32.5,Sub-clinical,FMD,0.4
MAH-SOL-TAG-2137,SOL,Red Kandhari,8.1,285,40.2,0.28,40.31,169.3,62.4,108.9,58.1,39.7,60.3,Clinical,FMD,0.0
MAH-SAT-TAG-2138,SAT,Khillari,6.3,134,38.94,0.1,38.62,393.3,12.6,248.6,4.4,116.8,-16.8,Healthy,Healthy,-1.0
MAH-SAT-TAG-2138,SAT,Khillari,6.3,200,38.89,0.13,38.6,448.4,0.4,232.4,10.6,109.3,-9.3,Healthy,Healthy,-1.0
MAH-SAT-TAG-2138,SAT,Khillari,6.3,221,38.52,0.01,38.62,441.8,1.8,219.1,15.7,100.2,-0.2,Healthy,Healthy,-1.0
MAH-SAT-TAG-2138,SAT,Khillari,6.3,264,38.14,-0.18,38.6,414.1,8.0,216.9,16.6,89.7,10.3,Healthy,Healthy,-1.0
MAH-PUN-TAG-2139,PUN,Murrah Buffalo,4.4,81,38.74,-0.14,38.48,460.5,-2.3,290.8,-11.8,99.1,0.9,Healthy,Healthy,-1.0
MAH-PUN-TAG-2139,PUN,Murrah Buffalo,4.4,158,39.08,0.35,38.69,385.4,14.4,258.7,0.5,100.0,0.0,Sub-clinical,Mastitis,1.8
MAH-PUN-TAG-2139,PUN,Murrah Buffalo,4.4,190,38.98,0.35,39.06,328.8,26.9,217.5,16.3,68.0,32.0,Sub-clinical,Mastitis,0.5
MAH-PUN-TAG-2139,PUN,Murrah Buffalo,4.4,237,39.58,0.12,39.71,249.0,44.7,185.9,28.5,58.6,41.4,Clinical,Mastitis,0.0
MAH-PUN-TAG-2140,PUN,Gir Cross,6.2,163,38.5,0.06,38.6,486.6,-3.5,277.3,-6.7,100.3,-0.3,Healthy,Healthy,-1.0
MAH-PUN-TAG-2140,PUN,Gir Cross,6.2,232,38.85,0.11,38.63,473.7,-0.8,290.8,-11.8,112.5,-12.5,Healthy,Healthy,-1.0
MAH-PUN-TAG-2140,PUN,Gir Cross,6.2,256,38.85,0.0,38.61,459.2,2.3,282.5,-8.7,114.5,-14.5,Healthy,Healthy,-1.0
MAH-PUN-TAG-2140,PUN,Gir Cross,6.2,300,39.02,0.09,38.65,492.3,-4.7,289.5,-11.3,123.8,-23.8,Healthy,Healthy,-1.0
MAH-NAS-TAG-2141,NAS,HF Cross,8.7,88,38.57,0.12,38.36,443.8,5.6,278.6,-7.2,105.6,-5.6,Healthy,Healthy,-1.0
MAH-NAS-TAG-2141,NAS,HF Cross,8.7,163,38.1,-0.17,38.33,453.5,3.5,268.7,-3.3,92.4,7.6,Healthy,Healthy,-1.0
MAH-NAS-TAG-2141,NAS,HF Cross,8.7,193,37.93,-0.19,38.34,469.3,0.1,253.9,2.3,85.4,14.6,Healthy,Healthy,-1.0
MAH-NAS-TAG-2141,NAS,HF Cross,8.7,240,38.05,0.15,38.31,460.8,2.0,257.4,1.0,85.8,14.2,Healthy,Healthy,-1.0
MAH-SAT-TAG-2142,SAT,Red Kandhari,8.2,160,38.52,0.04,38.37,405.5,9.9,278.6,-7.2,97.2,2.8,Healthy,Healthy,-1.0
MAH-SAT-TAG-2142,SAT,Red Kandhari,8.2,233,38.47,-0.13,38.39,402.6,10.5,267.2,-2.8,86.7,13.3,Healthy,Healthy,-1.0
MAH-SAT-TAG-2142,SAT,Red Kandhari,8.2,261,38.04,-0.1,38.34,415.8,7.6,265.7,-2.2,80.5,19.5,Healthy,Healthy,-1.0
MAH-SAT-TAG-2142,SAT,Red Kandhari,8.2,307,38.32,0.09,38.35,405.3,9.9,269.8,-3.8,81.8,18.2,Healthy,Healthy,-1.0
MAH-PUN-TAG-2143,PUN,Dangi,5.3,86,38.78,-0.11,38.5,437.4,2.8,276.6,-6.4,110.0,-10.0,Healthy,Healthy,-1.0
MAH-PUN-TAG-2143,PUN,Dangi,5.3,152,39.14,0.52,38.69,420.2,6.6,228.9,12.0,88.1,11.9,Sub-clinical,FMD,1.2
MAH-PUN-TAG-2143,PUN,Dangi,5.3,173,39.53,0.63,39.23,370.3,17.7,182.4,29.8,61.1,38.9,Sub-clinical,FMD,0.3
MAH-PUN-TAG-2143,PUN,Dangi,5.3,216,40.11,0.49,40.22,229.0,49.1,97.2,62.6,28.5,71.5,Clinical,FMD,0.0
MAH-PUN-TAG-2144,PUN,HF Cross,3.5,168,38.14,-0.03,38.51,493.7,-5.0,207.9,20.0,85.2,14.8,Healthy,Healthy,-1.0
MAH-PUN-TAG-2144,PUN,HF Cross,3.5,236,38.86,0.73,38.66,408.9,13.0,209.8,19.3,84.3,15.7,Sub-clinical,Mastitis,1.3
MAH-PUN-TAG-2144,PUN,HF Cross,3.5,258,39.24,0.33,39.06,366.3,22.1,197.3,24.1,84.8,15.2,Sub-clinical,Mastitis,0.3
MAH-PUN-TAG-2144,PUN,HF Cross,3.5,302,40.21,0.34,39.78,312.4,33.5,191.6,26.3,89.2,10.8,Clinical,Mastitis,0.0
MAH-SOL-TAG-2145,SOL,Dangi,2.8,151,38.5,0.07,38.42,453.4,-0.8,292.2,-12.4,102.7,-2.7,Healthy,Healthy,-1.0
MAH-SOL-TAG-2145,SOL,Dangi,2.8,217,38.05,-0.19,38.39,422.6,6.1,272.2,-4.7,81.9,18.1,Healthy,Healthy,-1.0
MAH-SOL-TAG-2145,SOL,Dangi,2.8,237,38.05,-0.19,38.38,396.0,12.0,266.2,-2.4,93.5,6.5,Healthy,Healthy,-1.0
MAH-SOL-TAG-2145,SOL,Dangi,2.8,280,38.62,0.04,38.41,399.5,11.2,286.3,-10.1,108.4,-8.4,Healthy,Healthy,-1.0
MAH-SAT-TAG-2146,SAT,Gir Cross,4.2,156,38.64,-0.06,38.36,445.0,5.3,261.6,-0.6,114.4,-14.4,Healthy,Healthy,-1.0
MAH-SAT-TAG-2146,SAT,Gir Cross,4.2,231,38.99,0.32,38.59,377.9,19.6,231.1,11.1,102.2,-2.2,Sub-clinical,LSD,1.8
MAH-SAT-TAG-2146,SAT,Gir Cross,4.2,263,38.82,0.29,39.01,352.2,25.1,181.9,30.0,71.5,28.5,Sub-clinical,LSD,0.4
MAH-SAT-TAG-2146,SAT,Gir Cross,4.2,309,39.62,0.25,39.65,277.5,41.0,143.6,44.8,55.4,44.6,Clinical,LSD,0.0
MAH-PUN-TAG-2147,PUN,Red Kandhari,8.5,151,38.74,0.0,38.64,466.9,-3.8,257.0,1.2,106.6,-6.6,Healthy,Healthy,-1.0
MAH-PUN-TAG-2147,PUN,Red Kandhari,8.5,223,39.1,0.31,38.85,401.1,10.9,220.2,15.3,95.9,4.1,Sub-clinical,FMD,1.5
MAH-PUN-TAG-2147,PUN,Red Kandhari,8.5,250,40.1,0.71,39.45,341.4,24.1,196.5,24.4,81.3,18.7,Sub-clinical,FMD,0.4
MAH-PUN-TAG-2147,PUN,Red Kandhari,8.5,295,40.63,0.34,40.35,236.8,47.4,131.8,49.3,52.7,47.3,Clinical,FMD,0.0
MAH-PUN-TAG-2148,PUN,Murrah Buffalo,5.3,151,38.47,0.02,38.35,487.6,-8.4,281.4,-8.2,119.9,-19.9,Healthy,Healthy,-1.0
MAH-PUN-TAG-2148,PUN,Murrah Buffalo,5.3,220,38.56,0.43,38.55,428.0,4.9,234.7,9.7,87.8,12.2,Sub-clinical,FMD,1.3
MAH-PUN-TAG-2148,PUN,Murrah Buffalo,5.3,244,39.29,0.73,39.11,384.6,14.5,189.2,27.2,81.3,18.7,Sub-clinical,FMD,0.3
MAH-PUN-TAG-2148,PUN,Murrah Buffalo,5.3,288,39.97,0.41,40.05,241.4,46.4,122.0,53.1,43.9,56.1,Clinical,FMD,0.0
MAH-AHM-TAG-2149,AHM,Gir Cross,3.5,136,38.58,-0.1,38.45,423.2,10.0,251.2,3.4,107.2,-7.2,Healthy,Healthy,-1.0
MAH-AHM-TAG-2149,AHM,Gir Cross,3.5,206,39.02,0.27,38.6,411.9,12.4,246.5,5.2,110.6,-10.6,Sub-clinical,BRD,1.4
MAH-AHM-TAG-2149,AHM,Gir Cross,3.5,231,39.42,0.42,38.98,373.4,20.6,214.8,17.4,90.3,9.7,Sub-clinical,BRD,0.4
MAH-AHM-TAG-2149,AHM,Gir Cross,3.5,276,39.97,0.03,39.61,316.3,32.7,201.9,22.3,89.0,11.0,Clinical,BRD,0.0
MAH-AHM-TAG-2150,AHM,HF Cross,3.4,67,38.41,-0.15,38.53,405.6,13.7,270.9,-4.2,85.3,14.7,Healthy,Healthy,-1.0
MAH-AHM-TAG-2150,AHM,HF Cross,3.4,136,39.22,0.63,38.68,369.6,21.4,258.7,0.5,91.2,8.8,Sub-clinical,Mastitis,1.3
MAH-AHM-TAG-2150,AHM,HF Cross,3.4,160,39.42,0.2,39.07,316.5,32.7,234.1,10.0,89.3,10.7,Sub-clinical,Mastitis,0.3
MAH-AHM-TAG-2150,AHM,HF Cross,3.4,204,40.24,0.31,39.79,269.6,42.6,219.2,15.7,89.2,10.8,Clinical,Mastitis,0.0
MAH-AHM-TAG-2151,AHM,Dangi,5.9,72,38.11,0.03,38.36,475.0,-5.6,221.0,15.0,86.7,13.3,Healthy,Healthy,-1.0
MAH-AHM-TAG-2151,AHM,Dangi,5.9,138,38.37,-0.1,38.37,444.5,1.2,243.7,6.3,108.9,-8.9,Healthy,Healthy,-1.0
MAH-AHM-TAG-2151,AHM,Dangi,5.9,158,38.82,0.26,38.38,476.1,-5.8,250.0,3.8,117.1,-17.1,Healthy,Healthy,-1.0
MAH-AHM-TAG-2151,AHM,Dangi,5.9,201,38.74,0.13,38.4,484.7,-7.7,259.6,0.2,113.9,-13.9,Healthy,Healthy,-1.0
MAH-PUN-TAG-2152,PUN,HF Cross,7.4,81,38.68,0.08,38.34,518.9,-10.4,307.5,-18.3,114.5,-14.5,Healthy,Healthy,-1.0
MAH-PUN-TAG-2152,PUN,HF Cross,7.4,156,38.65,0.0,38.35,509.2,-8.3,300.0,-15.4,123.4,-23.4,Healthy,Healthy,-1.0
MAH-PUN-TAG-2152,PUN,HF Cross,7.4,186,38.54,0.25,38.37,472.1,-0.4,283.6,-9.1,110.3,-10.3,Healthy,Healthy,-1.0
MAH-PUN-TAG-2152,PUN,HF Cross,7.4,232,38.57,-0.06,38.33,483.0,-2.8,302.5,-16.3,108.4,-8.4,Healthy,Healthy,-1.0
MAH-KOL-TAG-2153,KOL,Red Kandhari,4.8,148,38.25,0.03,38.52,478.7,-6.4,248.7,4.3,89.4,10.6,Healthy,Healthy,-1.0
MAH-KOL-TAG-2153,KOL,Red Kandhari,4.8,220,39.03,0.71,38.75,435.0,3.3,222.9,14.3,72.4,27.6,Sub-clinical,FMD,1.5
MAH-KOL-TAG-2153,KOL,Red Kandhari,4.8,247,39.69,0.49,39.33,344.6,23.4,191.2,26.5,71.4,28.6,Sub-clinical,FMD,0.4
MAH-KOL-TAG-2153,KOL,Red Kandhari,4.8,292,40.18,0.14,40.26,243.7,45.8,121.8,53.2,39.2,60.8,Clinical,FMD,0.0
MAH-KOL-TAG-2154,KOL,Murrah Buffalo,3.9,48,38.06,-0.04,38.36,432.2,4.0,265.4,-2.1,90.0,10.0,Healthy,Healthy,-1.0
MAH-KOL-TAG-2154,KOL,Murrah Buffalo,3.9,120,38.01,-0.07,38.33,435.7,3.2,258.9,0.4,90.4,9.6,Healthy,Healthy,-1.0
MAH-KOL-TAG-2154,KOL,Murrah Buffalo,3.9,147,37.92,-0.17,38.35,459.5,-2.1,270.3,-4.0,91.9,8.1,Healthy,Healthy,-1.0
MAH-KOL-TAG-2154,KOL,Murrah Buffalo,3.9,192,37.94,-0.06,38.33,437.7,2.7,258.4,0.6,95.4,4.6,Healthy,Healthy,-1.0
MAH-SOL-TAG-2155,SOL,Dangi,3.0,62,38.92,0.12,38.57,419.9,6.7,274.0,-5.4,106.6,-6.6,Healthy,Healthy,-1.0
MAH-SOL-TAG-2155,SOL,Dangi,3.0,134,39.21,0.33,38.76,385.3,14.4,264.4,-1.7,107.8,-7.8,Sub-clinical,Mastitis,1.5
MAH-SOL-TAG-2155,SOL,Dangi,3.0,161,39.48,0.56,39.17,314.2,30.2,232.8,10.5,84.7,15.3,Sub-clinical,Mastitis,0.4
MAH-SOL-TAG-2155,SOL,Dangi,3.0,206,40.38,0.4,39.84,251.5,44.1,206.4,20.6,89.3,10.7,Clinical,Mastitis,0.0
MAH-KOL-TAG-2156,KOL,Gir Cross,6.0,62,39.06,-0.05,38.78,450.3,4.2,267.9,-3.0,119.8,-19.8,Healthy,Healthy,-1.0
MAH-KOL-TAG-2156,KOL,Gir Cross,6.0,127,38.78,-0.09,38.74,501.3,-6.7,264.0,-1.5,108.0,-8.0,Healthy,Healthy,-1.0
MAH-KOL-TAG-2156,KOL,Gir Cross,6.0,147,38.6,0.1,38.74,492.0,-4.7,243.0,6.5,94.5,5.5,Healthy,Healthy,-1.0
MAH-KOL-TAG-2156,KOL,Gir Cross,6.0,189,38.48,0.09,38.76,457.2,2.7,242.2,6.8,93.7,6.3,Healthy,Healthy,-1.0
MAH-NAS-TAG-2157,NAS,Red Kandhari,3.8,91,38.29,0.03,38.29,393.2,12.6,264.5,-1.7,74.4,25.6,Healthy,Healthy,-1.0
MAH-NAS-TAG-2157,NAS,Red Kandhari,3.8,158,38.91,0.22,38.49,376.3,16.4,266.1,-2.3,95.1,4.9,Sub-clinical,BRD,1.2
MAH-NAS-TAG-2157,NAS,Red Kandhari,3.8,180,39.41,0.39,38.86,356.7,20.7,236.3,9.1,79.0,21.0,Sub-clinical,BRD,0.3
MAH-NAS-TAG-2157,NAS,Red Kandhari,3.8,223,39.69,0.24,39.51,311.0,30.9,192.5,26.0,62.3,37.7,Clinical,BRD,0.0
MAH-SOL-TAG-2158,SOL,Gir Cross,3.5,57,38.74,0.03,38.43,506.1,-7.7,264.5,-1.7,109.7,-9.7,Healthy,Healthy,-1.0
MAH-SOL-TAG-2158,SOL,Gir Cross,3.5,123,38.17,-0.08,38.41,520.4,-10.7,237.0,8.8,91.0,9.0,Healthy,Healthy,-1.0
MAH-SOL-TAG-2158,SOL,Gir Cross,3.5,144,38.08,0.01,38.42,501.3,-6.7,233.6,10.2,90.6,9.4,Healthy,Healthy,-1.0
MAH-SOL-TAG-2158,SOL,Gir Cross,3.5,187,38.39,0.07,38.41,450.1,4.2,251.7,3.2,106.3,-6.3,Healthy,Healthy,-1.0
MAH-SAT-TAG-2159,SAT,Murrah Buffalo,7.7,134,38.6,-0.12,38.32,443.2,1.5,273.7,-5.3,118.8,-18.8,Healthy,Healthy,-1.0
MAH-SAT-TAG-2159,SAT,Murrah Buffalo,7.7,212,38.1,0.01,38.31,419.7,6.7,258.9,0.4,94.5,5.5,Healthy,Healthy,-1.0
MAH-SAT-TAG-2159,SAT,Murrah Buffalo,7.7,245,38.4,0.15,38.31,477.5,-6.1,264.2,-1.6,109.7,-9.7,Healthy,Healthy,-1.0
MAH-SAT-TAG-2159,SAT,Murrah Buffalo,7.7,292,38.1,-0.1,38.32,484.6,-7.7,259.8,0.1,98.2,1.8,Healthy,Healthy,-1.0
MAH-PUN-TAG-2160,PUN,Gir Cross,3.7,103,38.33,0.0,38.27,469.3,0.1,279.3,-7.4,112.0,-12.0,Healthy,Healthy,-1.0
MAH-PUN-TAG-2160,PUN,Gir Cross,3.7,174,38.3,0.09,38.28,463.1,1.5,287.4,-10.5,106.1,-6.1,Healthy,Healthy,-1.0
MAH-PUN-TAG-2160,PUN,Gir Cross,3.7,200,38.38,-0.06,38.28,474.2,-0.9,301.2,-15.8,113.3,-13.3,Healthy,Healthy,-1.0
MAH-PUN-TAG-2160,PUN,Gir Cross,3.7,244,38.11,-0.08,38.27,466.8,0.7,279.4,-7.5,92.1,7.9,Healthy,Healthy,-1.0
MAH-SOL-TAG-2161,SOL,Murrah Buffalo,8.8,91,37.91,-0.19,38.08,419.8,6.7,218.3,16.0,94.1,5.9,Healthy,Healthy,-1.0
MAH-SOL-TAG-2161,SOL,Murrah Buffalo,8.8,165,38.12,0.31,38.26,392.2,12.8,189.0,27.3,79.6,20.4,Sub-clinical,LSD,1.6
MAH-SOL-TAG-2161,SOL,Murrah Buffalo,8.8,194,38.7,0.46,38.71,393.7,12.5,173.3,33.3,65.0,35.0,Sub-clinical,LSD,0.4
MAH-SOL-TAG-2161,SOL,Murrah Buffalo,8.8,240,39.26,0.37,39.38,322.5,28.3,137.9,47.0,49.1,50.9,Clinical,LSD,0.0
MAH-KOL-TAG-2162,KOL,Murrah Buffalo,8.6,160,38.65,-0.02,38.43,444.8,1.2,266.8,-2.6,111.2,-11.2,Healthy,Healthy,-1.0
MAH-KOL-TAG-2162,KOL,Murrah Buffalo,8.6,239,37.93,-0.1,38.37,406.0,9.8,203.6,21.7,81.2,18.8,Sub-clinical,Ketosis,1.9
MAH-KOL-TAG-2162,KOL,Murrah Buffalo,8.6,274,38.4,-0.25,38.29,356.1,20.9,224.2,13.8,100.5,-0.5,Sub-clinical,Ketosis,0.5
MAH-KOL-TAG-2162,KOL,Murrah Buffalo,8.6,321,38.44,0.04,38.19,290.7,35.4,168.9,35.0,90.5,9.5,Clinical,Ketosis,0.0
MAH-SAT-TAG-2163,SAT,Murrah Buffalo,7.7,136,38.35,-0.03,38.18,405.2,10.0,290.2,-11.6,103.5,-3.5,Healthy,Healthy,-1.0
MAH-SAT-TAG-2163,SAT,Murrah Buffalo,7.7,204,38.69,0.13,38.22,444.4,1.2,295.5,-13.7,123.6,-23.6,Healthy,Healthy,-1.0
MAH-SAT-TAG-2163,SAT,Murrah Buffalo,7.7,227,38.63,0.06,38.21,461.4,-2.5,296.0,-13.8,122.5,-22.5,Healthy,Healthy,-1.0
MAH-SAT-TAG-2163,SAT,Murrah Buffalo,7.7,271,38.24,0.09,38.2,468.6,-4.1,283.7,-9.1,107.8,-7.8,Healthy,Healthy,-1.0
MAH-SOL-TAG-2164,SOL,HF Cross,6.0,98,38.18,-0.06,38.55,520.7,-10.8,262.7,-1.0,95.5,4.5,Healthy,Healthy,-1.0
MAH-SOL-TAG-2164,SOL,HF Cross,6.0,172,38.52,0.16,38.57,538.7,-14.6,275.4,-5.9,98.7,1.3,Healthy,Healthy,-1.0
MAH-SOL-TAG-2164,SOL,HF Cross,6.0,201,38.93,0.0,38.62,539.1,-14.7,302.8,-16.5,104.2,-4.2,Healthy,Healthy,-1.0
MAH-SOL-TAG-2164,SOL,HF Cross,6.0,247,38.49,-0.26,38.62,530.0,-12.8,288.2,-10.8,113.2,-13.2,Healthy,Healthy,-1.0
MAH-KOL-TAG-2165,KOL,Khillari,3.6,163,38.44,0.14,38.42,419.4,6.8,257.9,0.8,95.4,4.6,Healthy,Healthy,-1.0
MAH-KOL-TAG-2165,KOL,Khillari,3.6,232,38.94,0.27,38.61,398.9,11.4,239.5,7.9,93.5,6.5,Sub-clinical,LSD,1.3
MAH-KOL-TAG-2165,KOL,Khillari,3.6,256,39.58,0.64,39.03,342.9,23.8,210.1,19.2,83.4,16.6,Sub-clinical,LSD,0.3
MAH-KOL-TAG-2165,KOL,Khillari,3.6,300,40.32,0.39,39.74,322.7,28.3,192.6,25.9,83.0,17.0,Clinical,LSD,0.0
MAH-SOL-TAG-2166,SOL,HF Cross,7.1,76,38.6,0.05,38.59,497.7,-5.9,256.5,1.3,94.9,5.1,Healthy,Healthy,-1.0
MAH-SOL-TAG-2166,SOL,HF Cross,7.1,145,38.63,0.35,38.78,408.7,13.0,217.2,16.5,72.0,28.0,Sub-clinical,FMD,1.4
MAH-SOL-TAG-2166,SOL,HF Cross,7.1,169,39.36,0.73,39.35,340.0,27.7,160.7,38.2,56.5,43.5,Sub-clinical,FMD,0.4
MAH-SOL-TAG-2166,SOL,HF Cross,7.1,213,40.25,0.23,40.32,228.8,51.3,118.3,54.5,38.7,61.3,Clinical,FMD,0.0
MAH-SAN-TAG-2167,SAN,Murrah Buffalo,6.2,96,38.11,-0.01,38.4,463.5,-3.0,235.5,9.4,79.4,20.6,Healthy,Healthy,-1.0
MAH-SAN-TAG-2167,SAN,Murrah Buffalo,6.2,172,38.66,0.46,38.61,446.4,0.8,223.9,13.9,85.3,14.7,Sub-clinical,LSD,1.8
MAH-SAN-TAG-2167,SAN,Murrah Buffalo,6.2,205,39.53,0.28,39.08,387.8,13.8,219.3,15.7,95.8,4.2,Sub-clinical,LSD,0.5
MAH-SAN-TAG-2167,SAN,Murrah Buffalo,6.2,252,40.23,0.43,39.76,339.4,24.6,198.6,23.6,71.3,28.7,Clinical,LSD,0.0
MAH-SAT-TAG-2168,SAT,Dangi,9.0,62,38.93,0.12,38.53,413.7,8.1,277.6,-6.8,106.0,-6.0,Healthy,Healthy,-1.0
MAH-SAT-TAG-2168,SAT,Dangi,9.0,127,38.63,0.0,38.51,472.2,-4.9,251.7,3.2,98.1,1.9,Healthy,Healthy,-1.0
MAH-SAT-TAG-2168,SAT,Dangi,9.0,147,38.32,0.02,38.51,448.8,0.3,244.9,5.8,87.3,12.7,Healthy,Healthy,-1.0
MAH-SAT-TAG-2168,SAT,Dangi,9.0,189,38.14,-0.12,38.5,390.8,13.2,237.8,8.5,88.8,11.2,Healthy,Healthy,-1.0
MAH-KOL-TAG-2169,KOL,Khillari,4.7,52,37.96,-0.34,38.32,504.8,-12.2,245.2,5.7,92.0,8.0,Healthy,Healthy,-1.0
MAH-KOL-TAG-2169,KOL,Khillari,4.7,128,38.83,0.45,38.53,465.5,-3.4,254.3,2.2,94.6,5.4,Sub-clinical,BRD,1.8
MAH-KOL-TAG-2169,KOL,Khillari,4.7,159,39.26,0.27,38.93,374.4,16.8,243.5,6.3,86.7,13.3,Sub-clinical,BRD,0.5
MAH-KOL-TAG-2169,KOL,Khillari,4.7,206,40.14,0.54,39.54,315.5,29.9,219.7,15.5,77.0,23.0,Clinical,BRD,0.0
MAH-SOL-TAG-2170,SOL,Murrah Buffalo,6.4,132,38.99,-0.01,38.52,444.6,1.2,295.9,-13.8,111.5,-11.5,Healthy,Healthy,-1.0
MAH-SOL-TAG-2170,SOL,Murrah Buffalo,6.4,198,38.92,0.47,38.61,440.7,2.1,247.4,4.8,86.4,13.6,Sub-clinical,BRD,1.2
MAH-SOL-TAG-2170,SOL,Murrah Buffalo,6.4,218,38.9,0.39,38.99,375.2,16.6,215.7,17.0,66.8,33.2,Sub-clinical,BRD,0.3
MAH-SOL-TAG-2170,SOL,Murrah Buffalo,6.4,261,39.51,0.33,39.64,287.6,36.1,176.5,32.1,54.9,45.1,Clinical,BRD,0.0
MAH-KOL-TAG-2171,KOL,Gir Cross,3.4,67,38.47,0.0,38.49,447.4,4.8,245.3,5.7,95.6,4.4,Healthy,Healthy,-1.0
MAH-KOL-TAG-2171,KOL,Gir Cross,3.4,144,38.56,0.27,38.69,432.3,8.0,211.4,18.7,77.4,22.6,Sub-clinical,BRD,1.8
MAH-KOL-TAG-2171,KOL,Gir Cross,3.4,176,39.29,0.35,39.06,416.3,11.4,228.2,12.2,96.4,3.6,Sub-clinical,BRD,0.5
MAH-KOL-TAG-2171,KOL,Gir Cross,3.4,223,39.88,0.22,39.69,355.5,24.4,175.8,32.4,75.5,24.5,Clinical,BRD,0.0
MAH-SAT-TAG-2172,SAT,Khillari,6.0,127,38.6,-0.11,38.59,491.0,-9.1,261.9,-0.7,120.8,-20.8,Healthy,Healthy,-1.0
MAH-SAT-TAG-2172,SAT,Khillari,6.0,197,38.54,0.03,38.57,478.8,-6.4,255.3,1.8,100.3,-0.3,Healthy,Healthy,-1.0
MAH-SAT-TAG-2172,SAT,Khillari,6.0,222,38.49,-0.06,38.54,478.4,-6.3,256.6,1.3,105.4,-5.4,Healthy,Healthy,-1.0
MAH-SAT-TAG-2172,SAT,Khillari,6.0,266,38.2,-0.02,38.55,468.9,-4.2,240.1,7.7,89.1,10.9,Healthy,Healthy,-1.0
MAH-PUN-TAG-2173,PUN,Gir Cross,2.0,105,38.61,-0.03,38.41,488.7,-4.0,284.8,-9.5,113.0,-13.0,Healthy,Healthy,-1.0
MAH-PUN-TAG-2173,PUN,Gir Cross,2.0,180,38.64,-0.05,38.36,415.7,11.6,257.1,1.1,105.1,-5.1,Sub-clinical,Ketosis,1.7
MAH-PUN-TAG-2173,PUN,Gir Cross,2.0,210,38.16,-0.08,38.26,320.2,31.9,217.3,16.4,81.5,18.5,Sub-clinical,Ketosis,0.4
MAH-PUN-TAG-2173,PUN,Gir Cross,2.0,256,38.3,0.04,38.12,232.0,50.6,173.2,33.4,73.4,26.6,Clinical,Ketosis,0.0
MAH-SAT-TAG-2174,SAT,Khillari,6.5,105,38.78,0.03,38.48,476.9,-6.0,265.4,-2.1,122.9,-22.9,Healthy,Healthy,-1.0
MAH-SAT-TAG-2174,SAT,Khillari,6.5,177,38.64,-0.13,38.45,465.1,-3.4,262.1,-0.8,121.3,-21.3,Healthy,Healthy,-1.0
MAH-SAT-TAG-2174,SAT,Khillari,6.5,204,38.99,0.15,38.48,461.1,-2.5,274.6,-5.6,127.9,-27.9,Healthy,Healthy,-1.0
MAH-SAT-TAG-2174,SAT,Khillari,6.5,249,38.71,-0.07,38.46,487.1,-8.2,270.6,-4.1,118.4,-18.4,Healthy,Healthy,-1.0
MAH-KOL-TAG-2175,KOL,Red Kandhari,4.2,141,38.37,0.07,38.59,381.0,15.3,252.6,2.8,102.2,-2.2,Healthy,Healthy,-1.0
MAH-KOL-TAG-2175,KOL,Red Kandhari,4.2,207,38.9,-0.02,38.59,324.7,27.8,243.8,6.2,106.4,-6.4,Sub-clinical,Ketosis,1.2
MAH-KOL-TAG-2175,KOL,Red Kandhari,4.2,228,38.71,-0.04,38.49,301.1,33.1,216.3,16.8,108.7,-8.7,Sub-clinical,Ketosis,0.3
MAH-KOL-TAG-2175,KOL,Red Kandhari,4.2,271,38.38,0.05,38.32,229.9,48.9,147.1,43.4,80.5,19.5,Clinical,Ketosis,0.0
MAH-KOL-TAG-2176,KOL,HF Cross,7.9,103,38.67,0.04,38.49,508.2,-8.1,261.5,-0.6,104.0,-4.0,Healthy,Healthy,-1.0
MAH-KOL-TAG-2176,KOL,HF Cross,7.9,171,38.55,0.38,38.63,446.7,5.0,222.8,14.3,81.7,18.3,Sub-clinical,Mastitis,1.3
MAH-KOL-TAG-2176,KOL,HF Cross,7.9,194,38.85,0.43,39.0,420.8,10.5,204.2,21.5,70.8,29.2,Sub-clinical,Mastitis,0.3
MAH-KOL-TAG-2176,KOL,HF Cross,7.9,237,39.61,0.12,39.71,291.5,38.0,180.4,30.6,62.5,37.5,Clinical,Mastitis,0.0
MAH-SAN-TAG-2177,SAN,Gir Cross,7.8,158,38.65,0.03,38.33,503.4,-7.1,295.0,-13.5,104.5,-4.5,Healthy,Healthy,-1.0
MAH-SAN-TAG-2177,SAN,Gir Cross,7.8,235,38.51,0.33,38.52,453.0,3.6,258.8,0.5,77.2,22.8,Sub-clinical,LSD,1.8
MAH-SAN-TAG-2177,SAN,Gir Cross,7.8,267,38.95,0.49,38.94,467.0,0.6,228.4,12.2,64.8,35.2,Sub-clinical,LSD,0.5
MAH-SAN-TAG-2177,SAN,Gir Cross,7.8,314,39.4,0.15,39.63,389.0,17.2,179.1,31.1,37.6,62.4,Clinical,LSD,0.0
MAH-KOL-TAG-2178,KOL,Dangi,8.4,81,38.76,-0.08,38.66,464.1,-3.1,270.1,-3.9,118.0,-18.0,Healthy,Healthy,-1.0
MAH-KOL-TAG-2178,KOL,Dangi,8.4,154,39.33,0.32,38.9,408.1,9.3,258.3,0.7,105.8,-5.8,Sub-clinical,FMD,1.6
MAH-KOL-TAG-2178,KOL,Dangi,8.4,182,40.19,0.59,39.48,320.2,28.8,212.4,18.3,89.1,10.9,Sub-clinical,FMD,0.4
MAH-KOL-TAG-2178,KOL,Dangi,8.4,228,40.82,0.28,40.39,231.7,48.5,145.2,44.2,72.2,27.8,Clinical,FMD,0.0
MAH-SAN-TAG-2179,SAN,Gir Cross,4.2,112,38.6,0.05,38.39,451.1,4.0,251.6,3.2,118.6,-18.6,Healthy,Healthy,-1.0
MAH-SAN-TAG-2179,SAN,Gir Cross,4.2,180,39.16,0.33,38.56,442.5,5.9,244.3,6.0,116.8,-16.8,Sub-clinical,LSD,1.3
MAH-SAN-TAG-2179,SAN,Gir Cross,4.2,203,39.53,0.53,39.0,392.8,16.4,223.2,14.2,116.4,-16.4,Sub-clinical,LSD,0.3
MAH-SAN-TAG-2179,SAN,Gir Cross,4.2,247,39.86,0.22,39.74,349.9,25.6,168.9,35.0,82.9,17.1,Clinical,LSD,0.0
MAH-AHM-TAG-2180,AHM,Murrah Buffalo,7.7,105,38.63,-0.12,38.51,492.3,-9.4,270.4,-4.0,105.4,-5.4,Healthy,Healthy,-1.0
MAH-AHM-TAG-2180,AHM,Murrah Buffalo,7.7,179,38.8,-0.02,38.48,408.1,9.3,243.9,6.2,116.5,-16.5,Sub-clinical,Ketosis,1.6
MAH-AHM-TAG-2180,AHM,Murrah Buffalo,7.7,208,38.58,0.02,38.4,332.4,26.1,221.9,14.7,92.3,7.7,Sub-clinical,Ketosis,0.4
MAH-AHM-TAG-2180,AHM,Murrah Buffalo,7.7,254,38.42,-0.25,38.27,233.4,48.1,164.6,36.7,93.9,6.1,Clinical,Ketosis,0.0
MAH-PUN-TAG-2181,PUN,Red Kandhari,3.8,139,38.38,0.05,38.46,417.6,7.2,251.8,3.2,102.7,-2.7,Healthy,Healthy,-1.0
MAH-PUN-TAG-2181,PUN,Red Kandhari,3.8,206,39.13,0.29,38.62,397.3,11.7,262.6,-1.0,109.5,-9.5,Sub-clinical,BRD,1.2
MAH-PUN-TAG-2181,PUN,Red Kandhari,3.8,228,39.67,0.72,39.0,371.1,17.5,252.7,2.8,99.8,0.2,Sub-clinical,BRD,0.3
MAH-PUN-TAG-2181,PUN,Red Kandhari,3.8,271,39.89,0.28,39.64,336.5,25.2,194.7,25.1,76.6,23.4,Clinical,BRD,0.0
MAH-AHM-TAG-2182,AHM,Gir Cross,7.5,127,38.79,-0.01,38.66,521.1,-10.9,273.5,-5.2,123.4,-23.4,Healthy,Healthy,-1.0
MAH-AHM-TAG-2182,AHM,Gir Cross,7.5,193,38.45,0.15,38.65,497.2,-5.8,255.6,1.7,94.2,5.8,Healthy,Healthy,-1.0
MAH-AHM-TAG-2182,AHM,Gir Cross,7.5,213,38.38,-0.03,38.67,468.7,0.3,245.6,5.5,101.3,-1.3,Healthy,Healthy,-1.0
MAH-AHM-TAG-2182,AHM,Gir Cross,7.5,256,39.01,0.2,38.67,465.3,1.0,288.9,-11.1,124.3,-24.3,Healthy,Healthy,-1.0
MAH-PUN-TAG-2183,PUN,HF Cross,4.2,69,38.34,-0.02,38.55,458.2,2.5,215.3,17.2,88.1,11.9,Healthy,Healthy,-1.0
MAH-PUN-TAG-2183,PUN,HF Cross,4.2,136,39.06,0.33,38.68,400.4,14.8,219.0,15.8,110.8,-10.8,Sub-clinical,Mastitis,1.2
MAH-PUN-TAG-2183,PUN,HF Cross,4.2,158,39.63,0.48,39.07,373.8,20.5,212.1,18.4,93.9,6.1,Sub-clinical,Mastitis,0.3
MAH-PUN-TAG-2183,PUN,HF Cross,4.2,201,40.06,0.1,39.79,315.6,32.9,190.5,26.7,87.4,12.6,Clinical,Mastitis,0.0
MAH-PUN-TAG-2184,PUN,Dangi,2.2,48,38.3,0.09,38.67,427.6,5.0,251.5,3.3,89.2,10.8,Healthy,Healthy,-1.0
MAH-PUN-TAG-2184,PUN,Dangi,2.2,123,38.34,-0.12,38.61,403.5,10.3,236.2,9.2,82.5,17.5,Sub-clinical,Ketosis,1.8
MAH-PUN-TAG-2184,PUN,Dangi,2.2,155,38.89,-0.08,38.56,329.7,26.7,237.5,8.7,102.4,-2.4,Sub-clinical,Ketosis,0.4
MAH-PUN-TAG-2184,PUN,Dangi,2.2,201,38.57,-0.06,38.42,236.8,47.4,172.8,33.5,88.9,11.1,Clinical,Ketosis,0.0
MAH-NAS-TAG-2185,NAS,Murrah Buffalo,8.5,163,38.29,0.05,38.35,418.4,7.0,264.2,-1.6,102.8,-2.8,Healthy,Healthy,-1.0
MAH-NAS-TAG-2185,NAS,Murrah Buffalo,8.5,240,37.72,-0.48,38.31,396.3,11.9,213.1,18.0,73.7,26.3,Sub-clinical,Ketosis,1.9
MAH-NAS-TAG-2185,NAS,Murrah Buffalo,8.5,274,38.54,-0.02,38.26,329.3,26.8,222.8,14.3,96.9,3.1,Sub-clinical,Ketosis,0.5
MAH-NAS-TAG-2185,NAS,Murrah Buffalo,8.5,321,38.29,0.02,38.11,249.6,44.5,175.2,32.6,85.7,14.3,Clinical,Ketosis,0.0
MAH-SAN-TAG-2186,SAN,Red Kandhari,7.0,103,38.86,0.15,38.72,470.4,-4.5,266.4,-2.5,103.1,-3.1,Healthy,Healthy,-1.0
MAH-SAN-TAG-2186,SAN,Red Kandhari,7.0,180,39.06,0.0,38.74,439.8,2.3,291.5,-12.1,114.2,-14.2,Healthy,Healthy,-1.0
MAH-SAN-TAG-2186,SAN,Red Kandhari,7.0,212,38.5,0.03,38.71,419.2,6.8,280.5,-7.9,90.1,9.9,Healthy,Healthy,-1.0
MAH-SAN-TAG-2186,SAN,Red Kandhari,7.0,259,38.58,-0.12,38.7,412.2,8.4,268.9,-3.4,83.1,16.9,Healthy,Healthy,-1.0
MAH-SAT-TAG-2187,SAT,Gir Cross,5.0,156,38.97,0.13,38.59,463.7,1.3,287.2,-10.5,113.4,-13.4,Healthy,Healthy,-1.0
MAH-SAT-TAG-2187,SAT,Gir Cross,5.0,229,38.88,-0.08,38.53,398.2,15.3,263.6,-1.4,109.1,-9.1,Sub-clinical,Ketosis,1.7
MAH-SAT-TAG-2187,SAT,Gir Cross,5.0,259,38.37,0.01,38.46,315.4,32.9,204.1,21.5,72.4,27.6,Sub-clinical,Ketosis,0.4
MAH-SAT-TAG-2187,SAT,Gir Cross,5.0,304,38.44,-0.1,38.32,234.6,50.1,173.4,33.3,84.3,15.7,Clinical,Ketosis,0.0
MAH-AHM-TAG-2188,AHM,Red Kandhari,6.6,136,38.73,0.22,38.44,417.7,7.2,308.8,-18.8,116.9,-16.9,Healthy,Healthy,-1.0
MAH-AHM-TAG-2188,AHM,Red Kandhari,6.6,210,38.88,0.38,38.7,361.1,19.8,227.0,12.7,106.4,-6.4,Sub-clinical,FMD,1.7
MAH-AHM-TAG-2188,AHM,Red Kandhari,6.6,239,39.16,0.64,39.25,333.8,25.8,192.7,25.9,63.9,36.1,Sub-clinical,FMD,0.4
MAH-AHM-TAG-2188,AHM,Red Kandhari,6.6,285,40.3,0.6,40.14,206.7,54.1,143.8,44.7,46.5,53.5,Clinical,FMD,0.0
MAH-PUN-TAG-2189,PUN,Murrah Buffalo,7.4,136,38.43,0.07,38.21,397.8,11.6,285.8,-9.9,100.4,-0.4,Healthy,Healthy,-1.0
MAH-PUN-TAG-2189,PUN,Murrah Buffalo,7.4,204,38.79,0.24,38.33,376.7,16.3,270.4,-4.0,104.6,-4.6,Sub-clinical,Mastitis,1.2
MAH-PUN-TAG-2189,PUN,Murrah Buffalo,7.4,225,39.16,0.46,38.72,347.9,22.7,240.0,7.7,92.8,7.2,Sub-clinical,Mastitis,0.3
MAH-PUN-TAG-2189,PUN,Murrah Buffalo,7.4,268,39.51,0.42,39.43,304.2,32.4,190.9,26.6,69.1,30.9,Clinical,Mastitis,0.0
MAH-PUN-TAG-2190,PUN,Red Kandhari,7.1,139,38.37,-0.02,38.45,391.3,13.0,276.3,-6.3,84.2,15.8,Healthy,Healthy,-1.0
MAH-PUN-TAG-2190,PUN,Red Kandhari,7.1,215,38.54,0.54,38.67,375.0,16.7,235.4,9.5,68.1,31.9,Sub-clinical,LSD,1.7
MAH-PUN-TAG-2190,PUN,Red Kandhari,7.1,246,39.39,0.39,39.13,380.4,15.5,224.6,13.6,79.2,20.8,Sub-clinical,LSD,0.4
MAH-PUN-TAG-2190,PUN,Red Kandhari,7.1,292,39.71,0.32,39.72,302.8,32.7,172.3,33.7,60.7,39.3,Clinical,LSD,0.0
MAH-AHM-TAG-2191,AHM,Dangi,3.3,74,37.91,-0.04,38.33,435.3,3.3,238.2,8.4,97.0,3.0,Healthy,Healthy,-1.0
MAH-AHM-TAG-2191,AHM,Dangi,3.3,149,38.74,0.43,38.55,389.1,13.5,237.3,8.7,96.9,3.1,Sub-clinical,LSD,1.7
MAH-AHM-TAG-2191,AHM,Dangi,3.3,179,39.58,0.44,39.01,353.4,21.5,224.9,13.5,98.1,1.9,Sub-clinical,LSD,0.4
MAH-AHM-TAG-2191,AHM,Dangi,3.3,225,40.13,0.45,39.65,290.7,35.4,186.3,28.3,82.8,17.2,Clinical,LSD,0.0
MAH-KOL-TAG-2192,KOL,Red Kandhari,8.4,62,38.88,0.07,38.53,440.5,2.1,262.9,-1.1,106.9,-6.9,Healthy,Healthy,-1.0
MAH-KOL-TAG-2192,KOL,Red Kandhari,8.4,134,38.83,-0.02,38.53,438.2,2.6,262.8,-1.1,112.4,-12.4,Healthy,Healthy,-1.0
MAH-KOL-TAG-2192,KOL,Red Kandhari,8.4,161,38.8,0.01,38.53,423.0,6.0,249.9,3.9,98.1,1.9,Healthy,Healthy,-1.0
MAH-KOL-TAG-2192,KOL,Red Kandhari,8.4,206,38.84,0.03,38.53,439.4,2.4,261.1,-0.4,106.5,-6.5,Healthy,Healthy,-1.0
MAH-SOL-TAG-2193,SOL,HF Cross,4.5,156,38.75,0.13,38.39,487.6,-3.7,270.9,-4.2,119.8,-19.8,Healthy,Healthy,-1.0
MAH-SOL-TAG-2193,SOL,HF Cross,4.5,230,38.83,0.29,38.42,473.5,-0.7,267.6,-2.9,108.2,-8.2,Healthy,Healthy,-1.0
MAH-SOL-TAG-2193,SOL,HF Cross,4.5,261,38.16,0.0,38.38,465.5,1.0,238.5,8.3,84.9,15.1,Healthy,Healthy,-1.0
MAH-SOL-TAG-2193,SOL,HF Cross,4.5,307,38.4,0.12,38.39,456.9,2.8,249.7,4.0,96.6,3.4,Healthy,Healthy,-1.0
MAH-NAS-TAG-2194,NAS,Murrah Buffalo,2.7,136,38.79,-0.01,38.56,406.2,9.7,265.7,-2.2,106.7,-6.7,Healthy,Healthy,-1.0
MAH-NAS-TAG-2194,NAS,Murrah Buffalo,2.7,205,39.25,0.39,38.71,380.5,15.4,260.0,0.0,115.5,-15.5,Sub-clinical,Mastitis,1.4
MAH-NAS-TAG-2194,NAS,Murrah Buffalo,2.7,229,39.54,0.29,39.11,334.5,25.7,238.4,8.3,104.2,-4.2,Sub-clinical,Mastitis,0.4
MAH-NAS-TAG-2194,NAS,Murrah Buffalo,2.7,273,40.18,0.33,39.8,288.7,35.8,193.2,25.7,92.7,7.3,Clinical,Mastitis,0.0
MAH-SAN-TAG-2195,SAN,Khillari,6.7,115,38.18,0.06,38.24,443.8,1.4,256.8,1.2,96.2,3.8,Healthy,Healthy,-1.0
MAH-SAN-TAG-2195,SAN,Khillari,6.7,187,38.24,0.07,38.23,457.1,-1.6,252.1,3.0,103.1,-3.1,Healthy,Healthy,-1.0
MAH-SAN-TAG-2195,SAN,Khillari,6.7,214,38.06,-0.07,38.25,466.3,-3.6,239.6,7.8,85.5,14.5,Healthy,Healthy,-1.0
MAH-SAN-TAG-2195,SAN,Khillari,6.7,259,38.23,-0.03,38.28,451.0,-0.2,251.4,3.3,91.6,8.4,Healthy,Healthy,-1.0
MAH-AHM-TAG-2196,AHM,Red Kandhari,3.0,79,38.64,-0.24,38.51,517.6,-15.0,230.9,11.2,94.2,5.8,Healthy,Healthy,-1.0
MAH-AHM-TAG-2196,AHM,Red Kandhari,3.0,150,38.94,0.44,38.69,467.1,-3.8,215.4,17.2,78.2,21.8,Sub-clinical,Mastitis,1.4
MAH-AHM-TAG-2196,AHM,Red Kandhari,3.0,176,39.42,0.33,39.11,401.7,10.7,194.7,25.1,85.1,14.9,Sub-clinical,Mastitis,0.4
MAH-AHM-TAG-2196,AHM,Red Kandhari,3.0,220,39.78,0.25,39.74,322.4,28.4,141.4,45.6,61.5,38.5,Clinical,Mastitis,0.0
MAH-SAT-TAG-2197,SAT,Dangi,6.2,144,38.33,0.06,38.59,438.6,2.5,246.2,5.3,95.6,4.4,Healthy,Healthy,-1.0
MAH-SAT-TAG-2197,SAT,Dangi,6.2,217,38.26,-0.07,38.59,441.9,1.8,251.8,3.2,96.3,3.7,Healthy,Healthy,-1.0
MAH-SAT-TAG-2197,SAT,Dangi,6.2,247,38.7,0.02,38.63,446.0,0.9,271.8,-4.5,112.7,-12.7,Healthy,Healthy,-1.0
MAH-SAT-TAG-2197,SAT,Dangi,6.2,292,38.43,0.09,38.6,455.6,-1.2,269.5,-3.7,97.1,2.9,Healthy,Healthy,-1.0
MAH-KOL-TAG-2198,KOL,Gir Cross,5.0,129,38.65,-0.15,38.48,502.8,-7.0,279.2,-7.4,125.2,-25.2,Healthy,Healthy,-1.0
MAH-KOL-TAG-2198,KOL,Gir Cross,5.0,197,38.22,-0.16,38.42,444.0,5.5,223.8,13.9,98.2,1.8,Sub-clinical,Ketosis,1.3
MAH-KOL-TAG-2198,KOL,Gir Cross,5.0,220,38.06,-0.1,38.34,386.6,17.7,188.3,27.6,90.8,9.2,Sub-clinical,Ketosis,0.3
MAH-KOL-TAG-2198,KOL,Gir Cross,5.0,264,37.73,-0.24,38.18,258.9,44.9,136.0,47.7,67.5,32.5,Clinical,Ketosis,0.0
MAH-PUN-TAG-2199,PUN,Dangi,2.3,69,38.1,-0.06,38.38,415.7,7.6,257.5,1.0,75.7,24.3,Healthy,Healthy,-1.0
MAH-PUN-TAG-2199,PUN,Dangi,2.3,142,38.43,0.38,38.63,349.2,22.4,227.3,12.6,65.8,34.2,Sub-clinical,FMD,1.6
MAH-PUN-TAG-2199,PUN,Dangi,2.3,170,39.24,0.59,39.19,328.9,26.9,165.1,36.5,55.2,44.8,Sub-clinical,FMD,0.4
MAH-PUN-TAG-2199,PUN,Dangi,2.3,216,40.05,0.48,40.11,216.5,51.9,106.4,59.1,27.7,72.3,Clinical,FMD,0.0
